Workbook

Sheet 原文计数
A1: ID | B1: 组别与来源 | C1: 区间 | D1: 组内人数 | E1: 区间内人数 | F1: 边界
A2: C01 | B2: 表5 原总Ca/首组 | C2: 2.14-2.53 mmol/L | D2: 20 | E2: 15 | F2: 表5 N=40是两组总量；本行分母20。
A3: C02 | B3: 表5 原总Ca/第二组 | C3: 2.14-2.53 mmol/L | D3: 20 | E3: 16 | F3: 第二组仍未达论文18/20流程。
A4: C03 | B4: 表5 原男性ALP/首组 | C4: 60-142 U/L | D4: 20 | E4: 15 | F4: 男性，不能省略分层。
A5: C04 | B5: 表5 原男性ALP/第二组 | C5: 60-142 U/L | D5: 20 | E5: 13 | F5: 保留第二组，不以合并结果替代。
A6: C05 | B6: 表5 原女性<50 ALP/首组 | C6: 54-119 U/L | D6: 20 | E6: 10 | F6: 女性<50。
A7: C06 | B7: 表5 原女性<50 ALP/第二组 | C7: 54-119 U/L | D7: 20 | E7: 11 | F7: 女性<50。
A8: C07 | B8: 表6 国际总Ca/首组 | C8: 2.20-2.60 mmol/L | D8: 20 | E8: 19 | F8: 厂家2.20-2.65是另一来源区间，虽本组计数相同也不可混同。
A9: C08 | B9: 表6 国际总Ca/第二组 | C9: 2.20-2.60 mmol/L | D9: 20 | E9: 20 | F9: 不得改成原区间验证成功。
A10: C09 | B10: 表6 国际男性ALP/首组 | C10: 43-115 U/L | D10: 20 | E10: 20 | F10: 本研究中的相应男性分层。
A11: C10 | B11: 表6 国际男性ALP/第二组 | C11: 43-115 U/L | D11: 20 | E11: 19 | F11: 不能作为本地已验证。
A12: C11 | B12: 表6 国际女性<50 ALP/首组 | C12: 33-98 U/L | D12: 20 | E12: 19 | F12: 不借男性区间。
A13: C12 | B13: 表6 国际女性<50 ALP/第二组 | C13: 33-98 U/L | D13: 20 | E13: 20 | F13: 女性>=50替代区间没有验证。

Sheet 比例与分流
A1: ID | B1: 分母 | C1: 分子 | D1: 比例 | E1: 按论文所述流程 | F1: 适用范围及限制
A2: C01 | B2: ='原文计数'!D2 | C2: ='原文计数'!E2 | D2: =C2/B2 | E2: 75%；首组未满足，需第二组 | F2: 阈值为该论文方法18/20；不是重建本地RI或直接签批。
A3: C02 | B3: ='原文计数'!D3 | C3: ='原文计数'!E3 | D3: =C3/B3 | E3: 80%；第二组仍未满足 | F3: 原总Ca未验证，不能用国际区间成绩改写。
A4: C03 | B4: ='原文计数'!D4 | C4: ='原文计数'!E4 | D4: =C4/B4 | E4: 75%；首组未满足 | F4: 男性原ALP。
A5: C04 | B5: ='原文计数'!D5 | C5: ='原文计数'!E5 | D5: =C5/B5 | E5: 65%；第二组仍未满足 | F5: 不将15+13合并来替代两组判定。
A6: C05 | B6: ='原文计数'!D6 | C6: ='原文计数'!E6 | D6: =C6/B6 | E6: 50%；首组未满足 | F6: 女性<50原ALP。
A7: C06 | B7: ='原文计数'!D7 | C7: ='原文计数'!E7 | D7: =C7/B7 | E7: 55%；第二组仍未满足 | F7: 不借男性或>=50区间。
A8: C07 | B8: ='原文计数'!D8 | C8: ='原文计数'!E8 | D8: =C8/B8 | E8: 95%；本研究替代区间满足 | F8: 国际2.20-2.60，非厂家2.20-2.65。
A9: C08 | B9: ='原文计数'!D9 | C9: ='原文计数'!E9 | D9: =C9/B9 | E9: 100%；本研究替代区间满足 | F9: 两组分别报告。
A10: C09 | B10: ='原文计数'!D10 | C10: ='原文计数'!E10 | D10: =C10/B10 | E10: 100%；本研究替代区间满足 | F10: 男性43-115。
A11: C10 | B11: ='原文计数'!D11 | C11: ='原文计数'!E11 | D11: =C11/B11 | E11: 95%；本研究替代区间满足 | F11: 不等于全院迁移批准。
A12: C11 | B12: ='原文计数'!D12 | C12: ='原文计数'!E12 | D12: =C12/B12 | E12: 95%；本研究替代区间满足 | F12: 女性<50为33-98。
A13: C12 | B13: ='原文计数'!D13 | C13: ='原文计数'!E13 | D13: =C13/B13 | E13: 100%；本研究替代区间满足 | F13: 女性>=50原组19/20=95%，但表6替代区间NA，不填。

Sheet 单位映射
A1: ID | B1: 原下限 | C1: 原上限 | D1: 因子 | E1: 目标下限 | F1: 目标上限 | G1: 目标单位 | H1: 处置与依据
A2: U01 | B2: 138 | C2: 175 | D2: 0.1 | E2: =B2*D2 | F2: =C2*D2 | G2: g/dL | H2: 13.80-17.50；NIST PDF19 Table5 deci；数值与单位同步，Hb原表疑点另核。
A3: U02 | B3: 40.6 | C3: 51.4 | D3: 0.1 | E3: =B3*D3 | F3: =C3*D3 | G3: g/dL | H3: 4.06-5.14；保留<70，非>=70。NIST PDF19/20。
A4: U03 | B4: 66 | C4: 81 | D4: 0.1 | E4: =B4*D4 | F4: =C4*D4 | G4: g/dL | H4: 6.60-8.10；保留<70且不代表本地验证。
A5: U04 | B5: 2.14 | C5: 2.53 | D5: 1000 | E5: =B5*D5 | F5: =C5*D5 | G5: umol/L | H5: 2140.00-2530.00；milli/micro为10^-3/10^-6，因子1000；原区间未验证。
A6: U05 | B6: 2.2 | C6: 2.6 | D6: 1000 | E6: =B6*D6 | F6: =C6*D6 | G6: umol/L | H6: 2200.00-2600.00；国际上限2.60，不借厂家2.65。
A7: U06 | B7: 2.2 | C7: 2.6 | D7: 待核 | E7: 待核 | F7: 待核 | G7: mg/dL | H7: 物质的量浓度到质量浓度不是纯前缀变换，缺经确认摩尔质量/变换定义；索材料后复核，不猜值。
A8: U07 | B8: 43 | C8: 115 | D8: 1 | E8: =B8*D8 | F8: =C8*D8 | G8: U/L | H8: 同单位不改数值，仅映射男性ALP；不授权跨人群/平台或实际发布。

Sheet 原文疑点与缺口
A1: 对象 | B1: 原始区间/统计 | C1: 一致性或适用性结论 | D1: 下一步
A2: 男性RBC/表3 | B2: 4.34-5.72；中位4.81，IQR4.27-5.63；20/20 | C2: Q1=4.27低于下限4.34，与20/20全部区间内不能同时成立；不推正确计数。 | D2: 向文献责任人索原表/原始核对或勘误；本题不实际联络。
A3: 男性Hb/表3 | B3: 138-175 g/L；中位144，IQR128-155；20/20 | C3: Q1=128低于138，与20/20有冲突；不能默改为18/20或扩大区间。 | D3: 保留两个陈述及表3定位，专业澄清前不作为无疑点依据。
A4: 男性Hct/表3 | B4: 0.415-0.530 L/L；中位0.416，IQR0.382-0.439；20/20 | C4: Q1=0.382低于0.415，与20/20有冲突；不能重建个体分布或p值。 | D4: 记录汇总一致性疑点，不直接断言整篇或患者结论无效。
A5: 女性>=50 ALP | B5: 原表5 64-153 U/L，19/20；表6替代区间NA | C5: 原分组95%与替代区间未验证分开；不能借男性43-115或女性<50的33-98。 | D5: 如本地需替代方案，由检验专业人员补该年龄方法匹配证据。
A6: Alb/TP >=70 | B6: 表5各N=2，NA；39.6-48.4及66-80 g/L | C6: 未完成验证，不能以2人/其他年龄成功冒充通过；不补造区间内人数。 | D6: 补相应人群证据；本地未验证不发布新配置。
A7: 方法和人群 | B7: 单中心成人，指定平台；每亚组20用于验证 | C7: 不等于儿童、所有平台适用，也不够从零建立RI；论文不是本院已验证。 | D7: 先本地专业适用性审查，再按本地批准方案验证。
A8: 复核时间 | B8: Discussion说明标准未定义固定复核间隔 | C8: 只能转述论文：方法/平台/试剂/校准/人群变化等触发复核；未读CLSI/ISO原件。 | D8: 不杜撰固定年度日期或宣称审过标准全文。
A9: 许可文字冲突 | B9: permissions链接CC BY4.0，但正文non-commercial | C9: 不能直接判已获商用/再分发许可；先保留rights待核，不公开全文。 | D9: 由资料/合规责任人澄清许可文本和本次用途，保留实际证据。

Sheet 时点与发布
A1: 事项 | B1: 截至或适用时点 | C1: 当前判断 | D1: 关闭条件/责任
A2: 本轮厂商包 | B2: 2026-10-19 10:00 Asia/Shanghai | C2: 采用09:10收到V2；不采用早稿V1或10:20收到V3。 | D2: 后到V3另轮冻结审查，声称有回函不等于取得原件。
A3: 当前审阅 | B3: 2026-10-19 10:00 | C3: SOP V1仍生效；V2于18日签发但20日00:00才生效。 | D3: 按V1：专业通过+QA通过+主任发布单；现仅导入QA完成。
A4: 拟发布窗口 | B4: 2026-10-20 08:00 | C4: 届时适用V2，需主任和医疗质量负责人联合签署；不按V1单签。 | D4: 专业通过、变更后相应QA证据、主任/医疗质量双签齐备，IT方执行；否则延后。
A5: 导入QA | B5: 2026-10-19 08:40 | C5: 字段/编码/checksum通过，不是临床区间适用性批准或摩尔质量复核。 | D5: QA负责人对修订后配置重测留版本哈希，不能复用未覆盖更改的旧结果。
A6: 临床及发布签批 | B6: 2026-10-19 09:20及截点 | C6: 专业审查仅草案，主任/医疗质量负责人均未签；不得预填。 | D6: 质量分析员提问题，检验专业人员签结适用性；授权人签发布单，厂商/分析员不得代签。
A7: 本轮决定 | B7: 10:00审阅的建议 | C7: 暂缓次日实际发布；可在隔离环境整理映射、修订草案和补证，不全线停工。 | D7: 未知转换、人群缺口、原文疑点/权利审查分别闭环；版本变化使相应测试和审批重核。

Sheet 厂商审阅
A1: ID | B1: 结论 | C1: 替换说法 | D1: 定位
A2: D01 | B2: 改写 | C2: 总Ca两组分别15/20=75%、16/20=80%，均未达本研究18/20；N=40是两组总数，不替代组内分母。 | D2: STUDY Methods Statistical analysis / Table5
A3: D02 | B3: 改写 | C3: 国际替代男性43-115、女性<50为33-98；女性>=50替代区间未验证，不借另一分组。 | D3: STUDY Table6及NA脚注
A4: D03 | B4: 改写 | C4: Alb/TP>=70仅2人，未完成验证；<70的区间不能直接覆盖，需相应人群证据。 | D4: STUDY Table5及Discussion
A5: D04 | B5: 改写 | C5: Hb换g/dL应13.8-17.5；原Ca换umol/L应2140-2530。同步改数值和单位，映射正确仍非临床批准。 | D5: STUDY Table3/5；NIST PDF19 Table5
A6: D05 | B6: 改写 | C6: 三项男性指标Q1低于对应区间下限，却各报20/20，存在汇总一致性疑点；保留原数并索澄清，不编正确计数。 | D6: STUDY Table3
A7: D06 | B7: 改写 | C7: 截至10:00只采用09:10 V2；10:20 V3另轮复核，不回填；09:20专业草案不是通过意见。 | D7: 演练E05/E06/E07
A8: D07 | B8: 改写 | C8: V2于20日00:00生效，19日审阅仍V1；拟20日08:00发布适用V2双签。导入QA不代临床批准，厂商无发布权。 | D8: 演练E01/E02/E03/E08
A9: D08 | B9: 改写 | C9: 论文讨论称未定义固定复核间隔；方法/平台等变化触发复核。单中心成人指定平台不直接证明儿童/其他平台适用，未读取标准原件。 | D9: STUDY Discussion
A10: D09 | B10: 改写 | C10: CC BY链接与non-commercial文字冲突须合规澄清，本轮不公开全文，不假称已获许可。 | D10: STUDY front/article-meta/permissions
A11: D10 | B11: 改写 | C11: 国际总Ca为2.20-2.60，厂家2.20-2.65；相同通过计数不等于区间相同。mmol/L到mg/dL另需确认摩尔质量/定义，不能仅前缀替换。 | D11: STUDY Table6；NIST PDF19
