Workbook

Sheet 论文数据
A1: 比较组 | B1: 病房中位数 | C1: 走廊中位数 | D1: 总体中位数 | E1: 病房p | F1: 走廊p | G1: 总体p
A2: Exposed | B2: 0 | C2: 3.75 | D2: 1.43 | E2: 不适用 | F2: 不适用 | G2: 不适用
A3: Unexposed location | B3: 0 | C3: 1.48 | D3: 0.67 | E3: 0.90 | F3: 0.001 | G3: 0.008
A4: 1 week prior | B4: 0 | C4: 1.07 | D4: 0.58 | E4: 0.97 | F4: <0.001 | G4: <0.001
A5: 2 weeks prior | B5: 0 | C5: 1.5 | D5: 0.63 | E5: 0.77 | F5: <0.001 | G5: <0.001
A6: 3 weeks prior | B6: 0 | C6: 1.25 | D6: 0.65 | E6: 0.53 | F6: <0.001 | G6: <0.001
A7: Prior to auditor | B7: 0 | C7: 1.5 | D7: 0.6 | E7: 0.08 | F7: 0.009 | G7: 0.003
A8: 来源/单位 | B8: Table 1 | C8: 事件/消毒器/小时 | D8: 三列都是中位数 | E8: 与暴露比较 | F8: 原文双侧检验 | G8: 非本院数据
A9: 样本范围 | B9: 12次audit | C9: 37个时空段 | D9: 2个移植病区 | E9: 2012-11-29 | F9: 至2013-03-11 | G9: 非37个人
A10: 总事件计数 | B10: 562304 | C10: 218473 | D10: 合计780777 | E10: ABHR/soap | F10: 全数据期 | G10: 非机会数
A11: 暴露段事件 | B11: 230 | C11: 31 | D11: 199 | E11: 总/病房/走廊 | F11: 无机会数 | G11: 不得算依从率

Sheet 走廊复算
A1: 比较组 | B1: 暴露中位数 | C1: 比较中位数 | D1: 中位数比值 | E1: 相对增加% | F1: 解释边界
A2: 同时不可见位置 | B2: ='论文数据'!C2 | C2: ='论文数据'!C3 | D2: =B2/C2 | E2: =(D2-1)*100 | F2: 约2.534倍；相对增加153.38%，非依从率百分点。
A3: 一周前同位置 | B3: ='论文数据'!C2 | C3: ='论文数据'!C4 | D3: =B3/C3 | E3: =(D3-1)*100 | F3: 约3.505倍；相对增加250.47%，不是增加350%。
A4: 两周前同位置 | B4: ='论文数据'!C2 | C4: ='论文数据'!C5 | D4: =B4/C4 | E4: =(D4-1)*100 | F4: 2.5倍；相对增加150%。
A5: 三周前同位置 | B5: ='论文数据'!C2 | C5: ='论文数据'!C6 | D5: =B5/C5 | E5: =(D5-1)*100 | F5: 3倍；相对增加200%。
A6: 到达前1-5分钟 | B6: ='论文数据'!C2 | C6: ='论文数据'!C7 | D6: =B6/C6 | E6: =(D6-1)*100 | F6: 2.5倍；相对增加150%，与到达后有关联。
A7: 统计量边界 | B7: 汇总中位数 | C7: 非原始时空段 | D7: 不重跑检验 | E7: 不补造CI | F7: 比值是两个中位数之比，不是逐对比值的中位数或合并率比。
A8: 原文措辞复核 | B8: Discussion | C8: 250%-350% | D8: 不是复算标准 | E8: 保留差异说明 | F8: 表1约2.5-3.5倍对应相对增加约150%-250%；不默改原文引语。
A9: 总体边界 | B9: 总体1.43 | C9: 病房0/走廊3.75 | D9: 不可简单平均 | E9: 权重不可得 | F9: 中位数不可加，不能由两位置中位数复现总体。

Sheet 草案审阅
A1: ID | B1: 结论 | C1: 替换表述 | D1: 原文定位
A2: D01 | B2: 改写 | C2: 3.75是外院暴露走廊中位事件率，单位次/消毒器/小时；没有机会数，不能称375%依从率。 | D2: Methods Measures / Discussion
A3: D02 | B3: 改写 | C3: 3.75/1.07约3.505倍，相对增加约250.47%；相对增加、达到基线百分比、百分点必须分清。 | D3: Table 1 / 走廊复算E3
A4: D03 | B4: 改写 | C4: 原文总体中位数1.43独立列示，不能平均位置中位数。 | D4: Table 1
A5: D04 | B5: 改写 | C5: p=0.90未检出差异，不证明绝无效应；不能转成等效性结论。 | D5: Findings / Table 1
A6: D05 | B6: 改写 | C6: 回顾性队列：12次audit分37个时空段，非37人随机试验；未证明采购因果或感染降低。 | D6: Methods Study design / Findings
A7: D06 | B7: 保留 | C7: 同一消毒器4秒内多次dispense合为一个事件；这是本研究记录规则，不代表适用所有系统。 | D7: Methods Measures
A8: D07 | B8: 改写 | C8: 230为暴露段事件，780777为全期ABHR+soap事件，两者范围不同且均非机会数；不能相除当依从率。 | D8: Findings Exposed group / Discussion
A9: D08 | B9: 改写 | C9: 保留直接观察的教育、技术及指征时刻评估作用；RTLS与观察有互补性，不能用事件计数替代全部指征。 | D9: Discussion
A10: D09 | B10: 改写 | C10: 表1只有汇总中位数及原文检验结果，缺37时空段配对数据；不重跑检验或伪造CI。 | D10: Methods Data analysis / Table 1
A11: D10 | B11: 改写 | C11: 两移植病区外部证据不能直接迁移成本院当前绩效；不建员工排名。先本地治理批准并确认数据可用。 | D11: Discussion局限 / 委托

Sheet 指标字典
A1: 指标/控制 | B1: 分子或字段 | C1: 分母/规则 | D1: 用途与限制
A2: RTLS事件率 | B2: 经同消毒器4秒合并事件数 | C2: 启用消毒器数与可用小时；按空间/时间算暴露量 | D2: 事件/消毒器/小时；缺失在线时长不得当零事件；不能评机会依从率。
A3: 直接观察依从率 | B3: 观察到的合规机会数 | C3: 同观察窗所有可判定机会数；未知机会单列 | D3: 记录指征、技术和教育反馈；可见性与抽样偏倚仍存在，不与RTLS事件数直接拼分母。
A4: 最小RTLS字段 | B4: 时间戳、消毒器代号、位置、在线段 | C4: 去重规则/时区版本、缺失状态、观察员可见时空段 | D4: 不采员工姓名/轨迹排名；数据接口和时钟先验证，未获授权不采集。
A5: 三个比较控制 | B5: 同期不可见区；同位置既往同日时；到达前1-5分钟 | C5: 前1分钟可能进入视野，研究将其排除 | D5: 分别控制日时、空间/工作负荷及反向因果；并非消除全部混杂。
A6: 观察分层 | B6: 病房/走廊、日夜/工作日、可见性 | C6: 事先定义位置与时间窗，避免只选繁忙或高分段 | D6: 原研究只证明特定场景关联；不把病房不显著当已证等效。
A7: 质量检查 | B7: 校时、在线状态、四秒边界重复、空间匹配 | C7: 模拟脚本与预先指定抽样核对；保留异常日志 | D7: 论文模拟环境100%检出不代表本院现场100%；先本地验证。
A8: 发布条件 | B8: 实际可判定分母、采集覆盖、缺失原因 | C8: 质量/院感/信息治理审批与许可确认均到位 | D8: 无机会数只报告事件率；无批准不采集；不输出排名或感染因果。

Sheet 六周试点
A1: 周 | B1: 工作包与依赖 | C1: 分析员小时 | D1: 护士小时 | E1: 治理小时 | F1: 退出证据/失败分流
A2: 1 | B2: 指标契约/方案/字段与保存期；前置质量及治理批准 | C2: 6 | D2: 2 | E2: 2 | F2: 方案、字段、批准清单；未批准则桌面修订，不采集。
A3: 2 | B3: 数据接口可行性、校时与四秒合并测试；依赖周1 | C3: 6 | D3: 2 | E3: 1 | F3: 接口/规则测试记录；无RTLS则做观察设计及演示，不捏造事件结果。
A4: 3 | B4: 按批准方案开展有限采集/观察教育；依赖周2质量门槛 | C4: 6 | D4: 2 | E4: 1 | F4: 覆盖与缺失清单、观察培训；规则或隐私异常暂停。
A5: 4 | B5: 检查时间/位置/可见性平衡与异常修复 | C5: 6 | D5: 2 | E5: 1 | F5: 缺失与抽样偏倚复核；数据不全仅报可用范围。
A6: 5 | B6: 分别汇总事件率与有分母的观察依从率 | C6: 6 | D6: 2 | E6: 1 | F6: 单位/分母复核；无机会数不报依从率，不重跑原论文检验。
A7: 6 | B7: 负责人评审与教育反馈，决定继续/修订/停止 | C7: 6 | D7: 2 | E7: 0 | F7: 签审待办及局限；只提建议，不声称已上线或采购获批。
A8: 合计 | B8: 6周总量，不是每周预算 | C8: =SUM(C2:C7) | D8: =SUM(D2:D7) | E8: =SUM(E2:E7) | F8: 36/12/6小时，均不超委托上限。
A9: 预算核验 | B9: 不得靠增加未声明人手 | C9: =C8<=36 | D9: =D8<=12 | E9: =E8<=6 | F9: 信息治理不足或审批延迟时延后采集，不能默认为已批准。

Sheet 决定与证据
A1: 主题 | B1: 当前建议 | C1: 条件/边界
A2: 采用证据 | B2: 可将研究作为观察偏倚风险信号 | C2: 支持与观察员可见性有关联；局限为单中心两移植病区，未量到机会依从率。
A3: 不采纳结论 | B3: 不采用375%、感染已下降或本院当前排名 | C3: 无机会数/患者结局、本地代表性或批准证据；不凭本研究取消直接观察。
A4: 方案决定 | B4: 建议先桌面审核，再按门槛分阶段试点 | C4: 总小时36/12/6；质量、院感、信息治理各审批/确认到位后才采集。
A5: 研究解释 | B5: 三控制、回顾性设计与剩余混杂一并报告 | C5: 到达后上升有时序支持但不等于随机因果；RTLS本身也可能诱发观察效应。
A6: 来源与权利 | B6: Srigley等2014，BMJ Quality & Safety；DOI 10.1136/bmjqs-2014-003080 | C6: CC BY-NC 4.0；商用和再分发许可待核，不公开。实际抓取2026，非本院现场资料。
