Workbook

Sheet 规则与边界
A1: 对象 | B1: 数值或处理 | C1: 依据与限制
A2: 2024一般OASDI上限 | B2: 168600 | C2: SSA 2023-23317，2023-10-23公布，PDF3页OASDI General，适用2024支付报酬；不是2023支付年。
A3: 2025一般OASDI上限 | B3: 176100 | C3: SSA 2024-24871，2024-10-25公布，PDF4页OASDI General/Amount，适用2025支付报酬，不因劳务期在2024而换年。
A4: 2026事后材料 | B4: 184500 | C4: SSA 2025-19763，2025-11-03公布，PDF1页；晚于2025-01-31截点，且只适用2026。仅标记事后干扰，不用于2024/2025计算。
A5: 2025计算 | B5: 60600*66621.80/22935.42，最近300取整，并与168600取大 | C5: SSA25 PDF4页：未取整约176028.22，取整176100。不是用168600乘福利COLA 2.5%；也不是old-law 130800或月度福利门槛。
A6: 范围 | B6: 同一普通美国雇主、均为覆盖雇员；只核工资基数 | C6: 不计算税率、税款、Medicare、所得税、退款或待遇；不判断特殊覆盖例外。期初2024截至12-26，2025归零。
A7: 事实及时间 | B7: 2025-01-31 17:00 America/New_York历史分析 | C7: 2026实际抓取，不冒充2025历史采集。内部流水和草案原创且未审；拟2025-02-03 10:00交接不代表完成。

Sheet 原行处置
A1: 原始行号含表头 | B1: ID与修订 | C1: 处理 | D1: 理由
A2: 2 | B2: P01/r1 | C2: 纳入 | D2: PAID，截点前有效；2024支付年。
A3: 3 | B3: P02/r1 | C3: 纳入 | D3: PAID，2024支付年；是否已封顶在计算层判断。
A4: 4 | B4: P03/r1 | C4: 纳入 | D4: PAID，2024支付年。
A5: 5 | B5: P04/r1 | C5: 纳入 | D5: PAID，2024支付年。
A6: 6 | B6: P05/r1 | C6: 排除 | D6: 被截点前P05/r2替代，不把5000和6000相加。
A7: 7 | B7: P05/r2 | C7: 纳入 | D7: 截点前最新有效修订，工资6000；支付年2025，劳务期2024-12不改年。
A8: 8 | B8: P06/r1 | C8: 纳入 | D8: 2025支付年，从该年0起累计，不继承B在2024封顶。
A9: 9 | B9: P07/r1 | C9: 纳入 | D9: PAID，2025支付年。
A10: 10 | B10: P08/r1 | C10: 纳入 | D10: PAID，2025支付年。
A11: 11 | B11: P09/r1 | C11: 纳入 | D11: 2025第二笔，A须承接该年P05/r2覆盖工资6000。
A12: 12 | B12: P10/r1 | C12: 纳入 | D12: 2025第二笔，B须承接该年P06覆盖工资8000。
A13: 13 | B13: P11/r1 | C13: 排除 | D13: P11/r2在截点前作VOID，不复活旧PAID。
... A16: 16 | B16: P13/r1 | C16: 排除 | D16: 修订和支付均晚于截点；属于事后污染，不计本次截点。

Sheet 有效流水复算
A1: 流水ID | B1: 雇员 | C1: 支付年 | D1: 支付日 | E1: 覆盖工资USD | F1: 本笔前累计覆盖工资 | G1: 年度上限USD | H1: 本笔应计基数USD | I1: 本笔后覆盖工资 | J1: 本笔后累计基数
A2: P01 | B2: A | C2: 2024 | D2: 2024-12-27 | E2: 5000 | F2: 165000 | G2: 168600 | H2: =MIN(E2,MAX(0,G2-F2)) | I2: =F2+E2 | J2: =MIN(I2,G2)
A3: P02 | B3: B | C3: 2024 | D3: 2024-12-27 | E3: 8000 | F3: 168600 | G3: 168600 | H3: =MIN(E3,MAX(0,G3-F3)) | I3: =F3+E3 | J3: =MIN(I3,G3)
A4: P03 | B4: C | C4: 2024 | D4: 2024-12-27 | E4: 170000 | F4: 0 | G4: 168600 | H4: =MIN(E4,MAX(0,G4-F4)) | I4: =F4+E4 | J4: =MIN(I4,G4)
A5: P04 | B5: D | C5: 2024 | D5: 2024-12-27 | E5: 50000 | F5: 100000 | G5: 168600 | H5: =MIN(E5,MAX(0,G5-F5)) | I5: =F5+E5 | J5: =MIN(I5,G5)
A6: P05 | B6: A | C6: 2025 | D6: 2025-01-17 | E6: 6000 | F6: 0 | G6: 176100 | H6: =MIN(E6,MAX(0,G6-F6)) | I6: =F6+E6 | J6: =MIN(I6,G6)
A7: P06 | B7: B | C7: 2025 | D7: 2025-01-17 | E7: 8000 | F7: 0 | G7: 176100 | H7: =MIN(E7,MAX(0,G7-F7)) | I7: =F7+E7 | J7: =MIN(I7,G7)
A8: P07 | B8: C | C8: 2025 | D8: 2025-01-17 | E8: 180000 | F8: 0 | G8: 176100 | H8: =MIN(E8,MAX(0,G8-F8)) | I8: =F8+E8 | J8: =MIN(I8,G8)
A9: P08 | B9: D | C9: 2025 | D9: 2025-01-17 | E9: 190000 | F9: 0 | G9: 176100 | H9: =MIN(E9,MAX(0,G9-F9)) | I9: =F9+E9 | J9: =MIN(I9,G9)
A10: P09 | B10: A | C10: 2025 | D10: 2025-01-31 | E10: 175000 | F10: =I6 | G10: 176100 | H10: =MIN(E10,MAX(0,G10-F10)) | I10: =F10+E10 | J10: =MIN(I10,G10)
A11: P10 | B11: B | C11: 2025 | D11: 2025-01-31 | E11: 170000 | F11: =I7 | G11: 176100 | H11: =MIN(E11,MAX(0,G11-F11)) | I11: =F11+E11 | J11: =MIN(I11,G11)

Sheet 员工年度汇总
A1: 雇员 | B1: 支付年 | C1: 期初覆盖工资USD | D1: 本次纳入覆盖工资 | E1: 本次应计基数 | F1: 截点累计覆盖工资 | G1: 截点累计工资基数
A2: A | B2: 2024 | C2: 165000 | D2: 5000 | E2: ='有效流水复算'!H2 | F2: ='有效流水复算'!I2 | G2: ='有效流水复算'!J2
A3: B | B3: 2024 | C3: 168600 | D3: 8000 | E3: ='有效流水复算'!H3 | F3: ='有效流水复算'!I3 | G3: ='有效流水复算'!J3
A4: C | B4: 2024 | C4: 0 | D4: 170000 | E4: ='有效流水复算'!H4 | F4: ='有效流水复算'!I4 | G4: ='有效流水复算'!J4
A5: D | B5: 2024 | C5: 100000 | D5: 50000 | E5: ='有效流水复算'!H5 | F5: ='有效流水复算'!I5 | G5: ='有效流水复算'!J5
A6: A | B6: 2025 | C6: 0 | D6: ='有效流水复算'!E6+'有效流水复算'!E10 | E6: ='有效流水复算'!H6+'有效流水复算'!H10 | F6: ='有效流水复算'!I10 | G6: ='有效流水复算'!J10
A7: B | B7: 2025 | C7: 0 | D7: ='有效流水复算'!E7+'有效流水复算'!E11 | E7: ='有效流水复算'!H7+'有效流水复算'!H11 | F7: ='有效流水复算'!I11 | G7: ='有效流水复算'!J11
A8: C | B8: 2025 | C8: 0 | D8: 180000 | E8: ='有效流水复算'!H8 | F8: ='有效流水复算'!I8 | G8: ='有效流水复算'!J8
A9: D | B9: 2025 | C9: 0 | D9: 190000 | E9: ='有效流水复算'!H9 | F9: ='有效流水复算'!I9 | G9: ='有效流水复算'!J9

Sheet 草案调整桥接
A1: 流水ID | B1: 草案基数USD | C1: 本截点应计基数USD | D1: 建议差额USD | E1: 原因
A2: P01 | B2: 5000 | C2: ='有效流水复算'!H2 | D2: =C2-B2 | E2: A在2024仅剩3600上限空间。
A3: P02 | B3: 8000 | C3: ='有效流水复算'!H3 | D3: =C3-B3 | E3: B在2024已到168600，增量0。
A4: P03 | B4: 168600 | C4: ='有效流水复算'!H4 | D4: =C4-B4 | E4: 2024正确封顶，无调整。
A5: P04 | B5: 50000 | C5: ='有效流水复算'!H5 | D5: =C5-B5 | E5: D在2024未到上限，当前50000全计。
A6: P05 | B6: 5000 | C6: ='有效流水复算'!H6 | D6: =C6-B6 | E6: 取r2的6000且归2025；不是两版本相加。
A7: P06 | B7: 0 | C7: ='有效流水复算'!H7 | D7: =C7-B7 | E7: 2025重开年度，不能沿用2024已封顶。
A8: P07 | B8: 168600 | C8: ='有效流水复算'!H8 | D8: =C8-B8 | E8: 2025上限176100，非168600。
A9: P08 | B9: 190000 | C9: ='有效流水复算'!H9 | D9: =C9-B9 | E9: 当前工资超过2025上限，基数只176100。
A10: P09 | B10: 175000 | C10: ='有效流水复算'!H10 | D10: =C10-B10 | E10: A承接2025先前6000，本笔剩余170100。
A11: P10 | B11: 168100 | C11: ='有效流水复算'!H11 | D11: =C11-B11 | E11: B承接8000，本笔168100，草案正确。
A12: P11 | B12: 1000 | C12: 0 | D12: =C12-B12 | E12: 最新VOID，旧PAID不可复活。
A13: P12 | B13: 1000 | C13: 0 | D13: =C13-B13 | E13: PENDING未付，不计。
A14: P13 | B14: 4000 | C14: 0 | D14: =C14-B14 | E14: 截点后的事后修订及支付，排除。
A15: 合计 | B15: =SUM(B2:B14) | C15: =SUM(C2:C14) | D15: =SUM(D2:D14) | E15: 草案944300，应计926600，差额-17700；只是工资基数，不是税款。
A16: 2024本次应计 | B16: 0 | C16: =SUM('有效流水复算'!H2:H5) | D16: 0 | E16: 222200；不含2024期初累计。
A17: 2025本次应计 | B17: 0 | C17: =SUM('有效流水复算'!H6:H11) | D17: 0 | E17: 704400；截至2025-01-31而非全年预测。
A18: 有效流水与桥接校验 | B18: 0 | C18: =C15-C16-C17 | D18: 0 | E18: 应为0；原始15行，13个ID，10笔有效支付。

Sheet 控制交接
A1: 次序 | B1: 负责角色 | C1: 动作 | D1: 前置与关闭证据 | E1: 现状
A2: 1 | B2: 分析师 | C2: 保存原件及有效流水选择 | D2: 保留15原行到13ID最新状态、10有效支付及13项桥接；输入只读。 | E2: 待经理复核
A3: 2 | B3: 薪酬经理 | C3: 复核年度参数和工资基数 | D3: 复核SSA公告页码、支付年、累计逻辑、修订/撤销；保存逐项差异复核记录。 | E3: 待复核
A4: 3 | B4: 系统配置负责人 | C4: 在批准后制定变更与回归方案 | D4: 须先取得经理书面批准、配置差异及测试计划；用跨年、恰封顶、已封顶、多版本边界验证并留实际日志。 | E4: 未执行
A5: 4 | B5: 有权工资/申报负责人 | C5: 另行审核税额及必要申报 | D5: 本题仅为基数；需要税率、实际账簿、支付/申报状态及适用规则另核，不据-17700直接退款。 | E5: 未授权未执行
