Workbook

Sheet Decision brief
A1: Corrected specimen-retention operating plan
A2: Tidewater Health Network | Controlled-response reading | Prepared for Hana Merriweather | Source: tidewater_transition_snapshot.xlsx
A4: Decision status | B4: CONTROLLED RESPONSE - NO COMPLIANT TRANSITION | D4: On the supplied snapshot, no candidate can claim compliant completion by 17 April 2026. Ontario and New York each require a separate validation, requiring 10 + 8 hours, while the sole cross-border validation processing bench has a 12-hour slot. S3 is the sole eligible controlled response: hold the transition, leave both validations pending, and preserve the correction path. This workbook is not an approval of a completed transition.
A5: Selected package | B5: S3
A6: Interpretation | B6: Controlled-response reading
A7: Completion deadline | B7: 46129
A8: Projection through | B8: 46295
A9: Required validation hours | B9: ='Prerequisites & validation'!$B$29 -> 18
A10: Sole-slot capacity | B10: ='Prerequisites & validation'!$D$29 -> 12
A11: Capacity shortfall | B11: ='Prerequisites & validation'!$F$29 -> 6
A13: SELECTION AND COVERAGE AUDIT
A14: Scenario | B14: Description | C14: Status | D14: Transition labor | E14: Validation prep | F14: Incremental storage | G14: Deferral / hold | H14: Other support | I14: Package total | J14: Eligible under reading | K14: Selected? | L14: Required activities | M14: Completion claim | N14: Selection rule
A15: S1 | B15: Standard internal transition | C15: Near miss - shared slot over capacity | D15: 4500 | E15: 1200 | F15: 1600 | G15: 0 | H15: 1000 | I15: =SUM(D15:H15) -> 8300 | J15: No - mandatory validations require 18 hours against 12 | K15: =IF(A15=$B$5,"SELECTED","") | L15: VAL-ON; VAL-NY | M15: Yes | N15: Not eligible as compliant because the mandatory validation occupancy exceeds the sole slot
A16: S2 | B16: Expedited transition with additional internal effort | C16: Near miss - same mandatory validation bottleneck | D16: 6800 | E16: 2200 | F16: 2600 | G16: 0 | H16: 1250 | I16: =SUM(D16:H16) -> 12850 | J16: No - extra effort does not create shared-bench capacity | K16: =IF(A16=$B$5,"SELECTED","") | L16: VAL-ON; VAL-NY | M16: Yes | N16: Not eligible as compliant because additional effort does not create shared-bench capacity
A17: S3 | B17: Controlled hold and documented no-compliant-selection response | C17: Eligible controlled response - transition held | D17: 2100 | E17: 850 | F17: 1800 | G17: 5200 | H17: 750 | I17: =SUM(D17:H17) -> 10700 | J17: Yes - controlled response only; no completion claim | K17: =IF(A17=$B$5,"SELECTED","") -> SELECTED | L17: VAL-ON; VAL-NY (pending) | M17: No | N17: Eligible only when it reports no compliant transition selection and leaves blocked validation work pending
A18: S4 | B18: Partial validation transition | C18: Near-miss distractor - incomplete validation coverage | D18: 1500 | E18: 450 | F18: 900 | G18: 0 | H18: 250 | I18: =SUM(D18:H18) -> 3100 | J18: No - New York validation is omitted | K18: =IF(A18=$B$5,"SELECTED","") | L18: VAL-ON only | M18: Yes | N18: Ineligible because it leaves one mandatory jurisdictional validation unaddressed
A21: Mandatory criterion | B21: S1 | C21: S2 | D21: S3 | E21: S4 | F21: Selected package | G21: Evidence
A22: regulatory basis and source reconciliation | B22: Y | C22: Y | D22: Y | E22: Y | F22: =IF($B$5="S1",B22,IF($B$5="S2",C22,IF($B$5="S3",D22,E22))) -> Y | G22: Source reconciliation
A23: five-stage prerequisite chain and deadline status | B23: Y | C23: Y | D23: Y | E23: Y | F23: =IF($B$5="S1",B23,IF($B$5="S2",C23,IF($B$5="S3",D23,E23))) -> Y | G23: Prerequisites & validation
A24: validation capacity and infeasibility assessment | B24: Y | C24: Y | D24: Y | E24: N | F24: =IF($B$5="S1",B24,IF($B$5="S2",C24,IF($B$5="S3",D24,E24))) -> Y | G24: Prerequisites & validation
A25: capacity projection through 2026-09-30 | B25: Y | C25: Y | D25: Y | E25: Y | F25: =IF($B$5="S1",B25,IF($B$5="S2",C25,IF($B$5="S3",D25,E25))) -> Y | G25: Capacity projection
A26: financial impact through 2026-09-30 | B26: Y | C26: Y | D26: Y | E26: Y | F26: =IF($B$5="S1",B26,IF($B$5="S2",C26,IF($B$5="S3",D26,E26))) -> Y | G26: Financial impact
A27: executable corrections with owners and timing | B27: Y | C27: Y | D27: Y | E27: Y | F27: =IF($B$5="S1",B27,IF($B$5="S2",C27,IF($B$5="S3",D27,E27))) -> Y | G27: Corrections register
A29: Coverage result | B29: =IF(COUNTIF(F22:F27,"Y")=6,"ALL SIX MANDATORY CRITERIA COVERED","COVERAGE GAP") -> ALL SIX MANDATORY CRITERIA COVERED
A31: DECISION BASIS
A32: Evidence area | B32: Conclusion / operating implication
A33: Regulatory basis | B33: Frozen regulatory snapshot governs jurisdictional fields. Ontario remains 10 years and New York remains 6 years; later 7-year / 5-year internal values are not adopted for those fields.
A34: Prerequisite status | B34: P1 is in review, P3 is blocked by the shared-slot shortfall, and P4/P5 remain pending predecessors. No successor is shown as started.
A35: Capacity | B35: Ontario and New York are projected separately. Storage headroom becomes negative in each jurisdiction later in the period; the validation bench is a distinct 18-hour versus 12-hour bottleneck.
A36: Financial effect | B36: The selected S3 package cost is linked to its five source-supported components. Routine labor, processing and storage plus response components are carried through 30 September 2026 on the Financial impact sheet.
A37: Execution | B37: The correction register assigns each material gap to a named source-supported owner with timing, status and dependency for Hana's review.
A39: Review boundary: this plan uses only the supplied frozen snapshot and verified internal records. It records an operational controlled response and does not add external legal interpretation.

Sheet Source reconciliation
A1: Source reconciliation and adopted jurisdictional basis
A2: Regulatory fields use frozen snapshot precedence; operational fields use verified internal records where they do not override a regulatory requirement.
A4: PRECEDENCE APPLIED
A5: Precedence statement: the frozen Ontario-New York regulatory snapshot governs jurisdictional and regulatory requirements, regardless of later internal record dates. Verified internal records govern operational capacity, inventory, workflow, labor, storage, processing and cost fields only where they do not override a regulatory requirement.
A9: MATERIAL CONFLICTS AND ADOPTED VALUES
A10: Jurisdiction | B10: Field | C10: Frozen regulatory value | D10: Frozen source / authority | E10: Frozen date | F10: Internal value | G10: Internal source / date | H10: Adopted value | I10: Reason under precedence | J10: Operational effect
A11: Ontario | B11: Retention minimum | C11: 10 years | D11: REG-ON-RET | Ontario regulatory snapshot | E11: 46006 | F11: 7 years | G11: INT-ON-RET | Retention policy register v4 | H11: 10 years | I11: Use frozen regulatory requirement | J11: Ontario records retain for 10 years
A12: Ontario | B12: Validation treatment | C12: Mandatory Ontario validation; legally segregated | D12: REG-ON-VAL | Ontario regulatory snapshot | E12: 46006 | F12: Single cross-border review | G12: INT-ON-VAL | Cross-border workflow memo 2026-02 | H12: Mandatory Ontario validation; legally segregated | I12: Use frozen regulatory requirement | J12: Ontario validation remains separate
A13: New York | B13: Retention minimum | C13: 6 years | D13: REG-NY-RET | New York regulatory snapshot | E13: 46006 | F13: 5 years | G13: INT-NY-RET | Retention policy register v4 | H13: 6 years | I13: Use frozen regulatory requirement | J13: New York records retain for 6 years
A14: New York | B14: Validation treatment | C14: Mandatory New York validation; legally segregated | D14: REG-NY-VAL | New York regulatory snapshot | E14: 46006 | F14: Single cross-border review | G14: INT-NY-VAL | Cross-border workflow memo 2026-02 | H14: Mandatory New York validation; legally segregated | I14: Use frozen regulatory requirement | J14: New York validation remains separate
A16: ADOPTED JURISDICTION VIEW
A17: Jurisdiction | B17: Retention minimum | C17: Mandatory validation | D17: Legally segregated | E17: Controlled repository | F17: Effective from | G17: Governing source | H17: Use in plan
A18: Ontario | B18: 10 years | C18: Ontario retention validation | D18: Yes | E18: Ontario-controlled archive | F18: 46023 | G18: REG-ON-RET / REG-ON-VAL | H18: Adopted regulatory basis
A19: New York | B19: 6 years | C19: New York retention validation | D19: Yes | E19: New York-controlled archive | F19: 46023 | G19: REG-NY-RET / REG-NY-VAL | H19: Adopted regulatory basis
A21: SOURCE REGISTER REFERENCES
A22: Record ID | B22: Source class | C22: Authority / register | D22: Record date | E22: Effective date | F22: Jurisdiction | G22: Field | H22: Value
A23: REG-ON-RET | B23: Frozen regulatory snapshot | C23: Ontario regulatory snapshot | D23: 46006 | E23: 46023 | F23: Ontario | G23: Retention minimum | H23: 10 years
A24: REG-ON-VAL | B24: Frozen regulatory snapshot | C24: Ontario regulatory snapshot | D24: 46006 | E24: 46023 | F24: Ontario | G24: Validation treatment | H24: Mandatory Ontario validation; legally segregated
A25: REG-NY-RET | B25: Frozen regulatory snapshot | C25: New York regulatory snapshot | D25: 46006 | E25: 46023 | F25: New York | G25: Retention minimum | H25: 6 years
A26: REG-NY-VAL | B26: Frozen regulatory snapshot | C26: New York regulatory snapshot | D26: 46006 | E26: 46023 | F26: New York | G26: Validation treatment | H26: Mandatory New York validation; legally segregated
A27: INT-ON-RET | B27: Verified internal record | C27: Retention policy register v4 | D27: 46073 | E27: 46073 | F27: Ontario | G27: Retention minimum | H27: 7 years
A28: INT-ON-VAL | B28: Verified internal record | C28: Cross-border workflow memo 2026-02 | D28: 46073 | E28: 46073 | F28: Ontario | G28: Validation treatment | H28: Single cross-border review
A29: INT-NY-RET | B29: Verified internal record | C29: Retention policy register v4 | D29: 46073 | E29: 46073 | F29: New York | G29: Retention minimum | H29: 5 years
A30: INT-NY-VAL | B30: Verified internal record | C30: Cross-border workflow memo 2026-02 | D30: 46073 | E30: 46073 | F30: New York | G30: Validation treatment | H30: Single cross-border review
A32: Reconciliation note: the later internal records are retained as evidence of the conflict and are not silently deleted. They remain useful for operational context, but the adopted jurisdictional fields above are the frozen values.

Sheet Prerequisites & validation
A1: Prerequisite chain and shared validation capacity
A2: The five source-defined stages remain in dependency order. The controlled response leaves both legally segregated validations pending.
A4: DEADLINE ASSESSMENT
A5: Deadline | B5: 46129
A6: Interpretation | B6: Controlled-response reading
A7: Deadline status | B7: INCOMPLETE - no compliant transition selection exists
A8: Control response | B8: S3 hold; both mandatory validations pending; downstream stages not started
A10: FIVE-STAGE PREREQUISITE CHAIN
A11: Stage ID | B11: Stage name (source terminology) | C11: Predecessor | D11: Target start | E11: Target finish | F11: Duration days | G11: Current / adopted status | H11: Actual start | I11: Actual finish | J11: Dependency check | K11: Gate / evidence | L11: Owner
A12: P1 | B12: Regulatory basis and source reconciliation | C12: - | D12: 46113 | E12: 46114 | F12: 2 | G12: In review - adopted values recorded | H12: Not recorded | I12: Not recorded | J12: Gate open for reconciliation record | K12: Four regulatory-field conflicts require adoption | L12: Ibrahim Asante
A13: P2 | B13: Capacity and cost baseline | C13: P1 | D13: 46115 | E13: 46119 | F13: 3 | G13: Ready after P1 | H13: Not recorded | I13: Not recorded | J13: Held behind P1 | K13: Uses verified internal operational records | L13: Theo Dimitrov
A14: P3 | B14: Validation slot reservation | C14: P2 | D14: 46120 | E14: 46122 | F14: 1 | G14: BLOCKED - 6-hour slot shortfall | H14: Not started | I14: Not started | J14: FAIL: 18 required > 12 available | K14: 10 + 8 hours against 12-hour sole bench | L14: Renata Guerrero
A15: P4 | B15: Retention transfer and verification | C15: P3 | D15: 46125 | E15: 46128 | F15: 4 | G15: PENDING - P3 blocked | H15: Not started | I15: Not started | J15: Not started; predecessor P3 blocked | K15: Both jurisdiction validations required | L15: Theo Dimitrov
A16: P5 | B16: Operational handoff and approval | C16: P4 | D16: 46129 | E16: 46129 | F16: 1 | G16: PENDING - P4 blocked | H16: Not started | I16: Not started | J16: Not started; predecessor P4 pending | K16: Hana approval follows complete chain | L16: Hana Merriweather
A19: MANDATORY VALIDATION ACTIVITIES
A20: Activity ID | B20: Jurisdiction | C20: Validation activity | D20: Required hours | E20: Required date | F20: Segregation | G20: Qualified resource pool | H20: Assigned resource | I20: Status | J20: Booking state | K20: Certification dependency | L20: Source basis
A21: VAL-ON | B21: Ontario | C21: Ontario retention validation | D21: 10 | E21: 46122 | F21: No overlap with New York validation | G21: Hana Merriweather; Renata Guerrero | H21: Not assigned | I21: PENDING - no compliant slot | J21: Not booked | K21: Active cross-jurisdiction validation | L21: VAL-ON | frozen snapshot
A22: VAL-NY | B22: New York | C22: New York retention validation | D22: 8 | E22: 46122 | F22: No overlap with Ontario validation | G22: Hana Merriweather; Renata Guerrero | H22: Not assigned | I22: PENDING - no compliant slot | J22: Not booked | K22: Active cross-jurisdiction validation | L22: VAL-NY | frozen snapshot
A25: SOLE PROCESSING-SLOT ASSESSMENT
A26: Shared resource | B26: Available date | C26: Available hours | D26: Currently booked | E26: Ontario hours | F26: New York hours | G26: Required combined | H26: Shortfall | I26: Non-overlap check | J26: Capacity check | K26: Booking result | L26: Interpretation
A27: sole cross-border validation processing bench | B27: 46122 | C27: 12 | D27: 0 | E27: 10 | F27: 8 | G27: =E27+F27 -> 18 | H27: =MAX(0,G27-C27) -> 6 | I27: =IF(G27>0,"NO OVERLAP BOOKED","NO") -> NO OVERLAP BOOKED | J27: =IF(G27<=C27,"PASS","FAIL") -> FAIL | K27: =IF(J27="PASS","Book only after certification check","HOLD - both validations pending") -> HOLD - both validations pending | L27: Legally segregated activities compete for the sole slot
A29: Required hours | B29: =G27 -> 18 | C29: Slot capacity | D29: =C27 -> 12 | E29: Shortfall | F29: =H27 -> 6 | J29: No compliant booking is shown. The two activities remain pending/rejected for scheduling purposes; any future assignment must use an active certified resource and a non-overlapping slot with sufficient capacity.
A32: CERTIFICATION AND RESOURCE CHECK
A33: Name | B33: Primary role | C33: Other supported work | D33: Certification | E33: Status | F33: Validation eligible? | G33: Source-supported assignment use
A34: Ibrahim Asante | B34: operations manager | C34: source reconciliation | D34: None listed | E34: Not held | F34: No - certification not held | G34: May support non-validation work
A35: Hana Merriweather | B35: approval | C35: cross-jurisdiction validation | D35: active cross-jurisdiction validation | E35: Active | F35: Yes - active certification | G35: May be assigned to either validation when capacity is available
A36: Theo Dimitrov | B36: capacity analysis | C36: operations correction | D36: None listed | E36: Not held | F36: No - certification not held | G36: May support non-validation work
A37: Renata Guerrero | B37: cross-jurisdiction validation | C37: quality review | D37: active cross-jurisdiction validation | E37: Active | F37: Yes - active certification | G37: May be assigned to either validation when capacity is available
A38: Estelle Ingram | B38: financial analysis | C38: document control | D38: None listed | E38: Not held | F38: No - certification not held | G38: May support non-validation work
A40: Assignment control: Hana Merriweather and Renata Guerrero are the only source-listed people with active cross-jurisdiction validation certification. Because the shared slot is infeasible, neither validation is assigned in this controlled response. Ibrahim, Theo and Estelle are assigned to corrections within their source-supported roles.

Sheet Capacity projection
A1: Jurisdiction-specific capacity projection
A2: Period: 1 April 2026 through 30 September 2026 | Ontario and New York remain separate; headroom is not pooled.
A4: ADOPTED PROJECTION BASIS
A5: Input | B5: Adopted value | C5: Basis / use | E5: Calculation definitions: projected retained inventory = opening retained inventory + projected intake; processing headroom = available processing capacity - routine processing volume; storage headroom = available storage capacity - projected retained inventory. The shared validation bench is assessed separately on the prerequisite sheet.
A6: Projection start | B6: 46113 | C6: Frozen snapshot metadata
A7: Projection end | B7: 46295 | C7: Frozen snapshot metadata
A8: Ontario retention minimum | B8: ='Source reconciliation'!$B$18 -> 10 years | C8: Adopted frozen regulatory value
A9: New York retention minimum | B9: ='Source reconciliation'!$B$19 -> 6 years | C9: Adopted frozen regulatory value
A10: Operational input rule | B10: Verified internal records | C10: Capacity, inventory, labor and cost fields
A11: Pooling rule | B11: No pooling across jurisdictions | C11: Each headroom value is calculated separately
A13: CAPACITY AND HEADROOM
A14: Period start | B14: Period end | C14: Jurisdiction | D14: Retention years | E14: Opening retained | F14: Projected intake | G14: Projected retained | H14: Routine processing | I14: Processing capacity | J14: Processing headroom | K14: Storage capacity | L14: Storage headroom | M14: Storage status | N14: Processing status
A15: 46113 | B15: 46142 | C15: Ontario | D15: ='Source reconciliation'!$B$18 -> 10 years | E15: 8900 | F15: 420 | G15: =E15+F15 -> 9320 | H15: 400 | I15: 520 | J15: =I15-H15 -> 120 | K15: 9800 | L15: =K15-G15 -> 480 | M15: =IF(L15<0,"SHORT","OK") -> OK | N15: =IF(J15<0,"SHORT","OK") -> OK
A16: 46143 | B16: 46173 | C16: Ontario | D16: ='Source reconciliation'!$B$18 -> 10 years | E16: 9320 | F16: 460 | G16: =E16+F16 -> 9780 | H16: 440 | I16: 540 | J16: =I16-H16 -> 100 | K16: 10000 | L16: =K16-G16 -> 220 | M16: =IF(L16<0,"SHORT","OK") -> OK | N16: =IF(J16<0,"SHORT","OK") -> OK
A17: 46174 | B17: 46203 | C17: Ontario | D17: ='Source reconciliation'!$B$18 -> 10 years | E17: 9780 | F17: 500 | G17: =E17+F17 -> 10280 | H17: 480 | I17: 560 | J17: =I17-H17 -> 80 | K17: 10200 | L17: =K17-G17 -> -80 | M17: =IF(L17<0,"SHORT","OK") -> SHORT | N17: =IF(J17<0,"SHORT","OK") -> OK
A18: 46204 | B18: 46234 | C18: Ontario | D18: ='Source reconciliation'!$B$18 -> 10 years | E18: 10280 | F18: 520 | G18: =E18+F18 -> 10800 | H18: 500 | I18: 570 | J18: =I18-H18 -> 70 | K18: 10500 | L18: =K18-G18 -> -300 | M18: =IF(L18<0,"SHORT","OK") -> SHORT | N18: =IF(J18<0,"SHORT","OK") -> OK
A19: 46235 | B19: 46265 | C19: Ontario | D19: ='Source reconciliation'!$B$18 -> 10 years | E19: 10800 | F19: 540 | G19: =E19+F19 -> 11340 | H19: 520 | I19: 580 | J19: =I19-H19 -> 60 | K19: 11000 | L19: =K19-G19 -> -340 | M19: =IF(L19<0,"SHORT","OK") -> SHORT | N19: =IF(J19<0,"SHORT","OK") -> OK
A20: 46266 | B20: 46295 | C20: Ontario | D20: ='Source reconciliation'!$B$18 -> 10 years | E20: 11340 | F20: 560 | G20: =E20+F20 -> 11900 | H20: 540 | I20: 590 | J20: =I20-H20 -> 50 | K20: 11400 | L20: =K20-G20 -> -500 | M20: =IF(L20<0,"SHORT","OK") -> SHORT | N20: =IF(J20<0,"SHORT","OK") -> OK
A21: 46113 | B21: 46142 | C21: New York | D21: ='Source reconciliation'!$B$19 -> 6 years | E21: 6100 | F21: 300 | G21: =E21+F21 -> 6400 | H21: 290 | I21: 400 | J21: =I21-H21 -> 110 | K21: 7200 | L21: =K21-G21 -> 800 | M21: =IF(L21<0,"SHORT","OK") -> OK | N21: =IF(J21<0,"SHORT","OK") -> OK
A22: 46143 | B22: 46173 | C22: New York | D22: ='Source reconciliation'!$B$19 -> 6 years | E22: 6400 | F22: 330 | G22: =E22+F22 -> 6730 | H22: 320 | I22: 420 | J22: =I22-H22 -> 100 | K22: 7200 | L22: =K22-G22 -> 470 | M22: =IF(L22<0,"SHORT","OK") -> OK | N22: =IF(J22<0,"SHORT","OK") -> OK
A23: 46174 | B23: 46203 | C23: New York | D23: ='Source reconciliation'!$B$19 -> 6 years | E23: 6730 | F23: 360 | G23: =E23+F23 -> 7090 | H23: 350 | I23: 430 | J23: =I23-H23 -> 80 | K23: 7400 | L23: =K23-G23 -> 310 | M23: =IF(L23<0,"SHORT","OK") -> OK | N23: =IF(J23<0,"SHORT","OK") -> OK
A24: 46204 | B24: 46234 | C24: New York | D24: ='Source reconciliation'!$B$19 -> 6 years | E24: 7090 | F24: 380 | G24: =E24+F24 -> 7470 | H24: 370 | I24: 440 | J24: =I24-H24 -> 70 | K24: 7600 | L24: =K24-G24 -> 130 | M24: =IF(L24<0,"SHORT","OK") -> OK | N24: =IF(J24<0,"SHORT","OK") -> OK
A25: 46235 | B25: 46265 | C25: New York | D25: ='Source reconciliation'!$B$19 -> 6 years | E25: 7470 | F25: 400 | G25: =E25+F25 -> 7870 | H25: 390 | I25: 450 | J25: =I25-H25 -> 60 | K25: 7900 | L25: =K25-G25 -> 30 | M25: =IF(L25<0,"SHORT","OK") -> OK | N25: =IF(J25<0,"SHORT","OK") -> OK
A26: 46266 | B26: 46295 | C26: New York | D26: ='Source reconciliation'!$B$19 -> 6 years | E26: 7870 | F26: 420 | G26: =E26+F26 -> 8290 | H26: 410 | I26: 460 | J26: =I26-H26 -> 50 | K26: 8200 | L26: =K26-G26 -> -90 | M26: =IF(L26<0,"SHORT","OK") -> SHORT | N26: =IF(J26<0,"SHORT","OK") -> OK
A29: COST INPUTS USED BY FINANCIAL IMPACT
A30: Period start | B30: Jurisdiction | C30: Labor hours | D30: Labor rate | E30: Storage rate | F30: Processing rate | G30: Projected retained | H30: Labor cost | I30: Processing cost | J30: Storage cost | K30: Record ID | L30: Record date
A31: 46113 | B31: Ontario | C31: 96 | D31: 42 | E31: 0.18 | F31: 3.25 | G31: =G15 -> 9320 | H31: =C31*D31 -> 4032 | I31: ='Capacity projection'!H15*F31 -> 1300 | J31: =G31*E31 -> 1677.6 | K31: OPS-ON-APR | L31: 46082
A32: 46143 | B32: Ontario | C32: 102 | D32: 42 | E32: 0.18 | F32: 3.25 | G32: =G16 -> 9780 | H32: =C32*D32 -> 4284 | I32: ='Capacity projection'!H16*F32 -> 1430 | J32: =G32*E32 -> 1760.4 | K32: OPS-ON-MAY | L32: 46082
A33: 46174 | B33: Ontario | C33: 110 | D33: 42 | E33: 0.18 | F33: 3.25 | G33: =G17 -> 10280 | H33: =C33*D33 -> 4620 | I33: ='Capacity projection'!H17*F33 -> 1560 | J33: =G33*E33 -> 1850.4 | K33: OPS-ON-JUN | L33: 46082
A34: 46204 | B34: Ontario | C34: 114 | D34: 42 | E34: 0.18 | F34: 3.25 | G34: =G18 -> 10800 | H34: =C34*D34 -> 4788 | I34: ='Capacity projection'!H18*F34 -> 1625 | J34: =G34*E34 -> 1944 | K34: OPS-ON-JUL | L34: 46082
A35: 46235 | B35: Ontario | C35: 118 | D35: 42 | E35: 0.18 | F35: 3.25 | G35: =G19 -> 11340 | H35: =C35*D35 -> 4956 | I35: ='Capacity projection'!H19*F35 -> 1690 | J35: =G35*E35 -> 2041.2 | K35: OPS-ON-AUG | L35: 46082
A36: 46266 | B36: Ontario | C36: 122 | D36: 42 | E36: 0.18 | F36: 3.25 | G36: =G20 -> 11900 | H36: =C36*D36 -> 5124 | I36: ='Capacity projection'!H20*F36 -> 1755 | J36: =G36*E36 -> 2142 | K36: OPS-ON-SEP | L36: 46082
A37: 46113 | B37: New York | C37: 72 | D37: 46 | E37: 0.21 | F37: 3.75 | G37: =G21 -> 6400 | H37: =C37*D37 -> 3312 | I37: ='Capacity projection'!H21*F37 -> 1087.5 | J37: =G37*E37 -> 1344 | K37: OPS-NY-APR | L37: 46082
A38: 46143 | B38: New York | C38: 74 | D38: 46 | E38: 0.21 | F38: 3.75 | G38: =G22 -> 6730 | H38: =C38*D38 -> 3404 | I38: ='Capacity projection'!H22*F38 -> 1200 | J38: =G38*E38 -> 1413.3 | K38: OPS-NY-MAY | L38: 46082
A39: 46174 | B39: New York | C39: 78 | D39: 46 | E39: 0.21 | F39: 3.75 | G39: =G23 -> 7090 | H39: =C39*D39 -> 3588 | I39: ='Capacity projection'!H23*F39 -> 1312.5 | J39: =G39*E39 -> 1488.9 | K39: OPS-NY-JUN | L39: 46082
A40: 46204 | B40: New York | C40: 82 | D40: 46 | E40: 0.21 | F40: 3.75 | G40: =G24 -> 7470 | H40: =C40*D40 -> 3772 | I40: ='Capacity projection'!H24*F40 -> 1387.5 | J40: =G40*E40 -> 1568.7 | K40: OPS-NY-JUL | L40: 46082
A41: 46235 | B41: New York | C41: 86 | D41: 46 | E41: 0.21 | F41: 3.75 | G41: =G25 -> 7870 | H41: =C41*D41 -> 3956 | I41: ='Capacity projection'!H25*F41 -> 1462.5 | J41: =G41*E41 -> 1652.7 | K41: OPS-NY-AUG | L41: 46082
A42: 46266 | B42: New York | C42: 90 | D42: 46 | E42: 0.21 | F42: 3.75 | G42: =G26 -> 8290 | H42: =C42*D42 -> 4140 | I42: ='Capacity projection'!H26*F42 -> 1537.5 | J42: =G42*E42 -> 1740.9 | K42: OPS-NY-SEP | L42: 46082
A44: Capacity reading: Ontario reaches negative storage headroom in June-September and New York reaches negative storage headroom in September. These shortages are shown by jurisdiction and are not averaged away. Routine processing headroom remains visible separately.

Sheet Financial impact
A1: Financial impact through 30 September 2026
A2: Selected package S3 | USD planning view | Routine operations are calculated by jurisdiction, then selected controlled-response components are added.
A4: Selected package | B4: ='Decision brief'!$B$5 -> S3 | D4: Package cost | E4: =INDEX($I$8:$I$11,MATCH($B$4,$A$8:$A$11,0)) -> 10700 | G4: Period total impact | H4: =N23 -> 98647.6
A6: SCENARIO PACKAGE COST COMPARISON
A7: Scenario | B7: Description | C7: Status | D7: Transition labor | E7: Validation prep | F7: Incremental storage | G7: Deferral / hold | H7: Other support | I7: Calculated package cost | J7: Eligible? | K7: Selected? | L7: Coverage | M7: Required activities | N7: Selection rule
A8: S1 | B8: Standard internal transition | C8: Near miss - shared slot over capacity | D8: 4500 | E8: 1200 | F8: 1600 | G8: 0 | H8: 1000 | I8: =SUM(D8:H8) -> 8300 | J8: No - mandatory validations require 18 hours against 12 | K8: =IF(A8='Decision brief'!$B$5,"SELECTED","") | L8: All six criteria | M8: VAL-ON; VAL-NY | N8: Not eligible as compliant because the mandatory validation occupancy exceeds the sole slot
A9: S2 | B9: Expedited transition with additional internal effort | C9: Near miss - same mandatory validation bottleneck | D9: 6800 | E9: 2200 | F9: 2600 | G9: 0 | H9: 1250 | I9: =SUM(D9:H9) -> 12850 | J9: No - extra effort does not create shared-bench capacity | K9: =IF(A9='Decision brief'!$B$5,"SELECTED","") | L9: All six criteria | M9: VAL-ON; VAL-NY | N9: Not eligible as compliant because additional effort does not create shared-bench capacity
A10: S3 | B10: Controlled hold and documented no-compliant-selection response | C10: Eligible controlled response - transition held | D10: 2100 | E10: 850 | F10: 1800 | G10: 5200 | H10: 750 | I10: =SUM(D10:H10) -> 10700 | J10: Yes - controlled response only; no completion claim | K10: =IF(A10='Decision brief'!$B$5,"SELECTED","") -> SELECTED | L10: All six criteria | M10: VAL-ON; VAL-NY (pending) | N10: Eligible only when it reports no compliant transition selection and leaves blocked validation work pending
A11: S4 | B11: Partial validation transition | C11: Near-miss distractor - incomplete validation coverage | D11: 1500 | E11: 450 | F11: 900 | G11: 0 | H11: 250 | I11: =SUM(D11:H11) -> 3100 | J11: No - New York validation is omitted | K11: =IF(A11='Decision brief'!$B$5,"SELECTED","") | L11: 5 of 6 criteria | M11: VAL-ON only | N11: Ineligible because it leaves one mandatory jurisdictional validation unaddressed
A13: Least-cost eligible interpretation | B13: S3 - sole eligible controlled response
A15: PERIOD FINANCIAL IMPACT
A16: Period | B16: Ontario labor | C16: New York labor | D16: Ontario processing | E16: New York processing | F16: Ontario storage | G16: New York storage | H16: Routine operations | I16: Response labor | J16: Validation prep | K16: Incremental storage | L16: Deferral / hold | M16: Other support | N16: Total impact
A17: 46113 | B17: ='Capacity projection'!H31 -> 4032 | C17: ='Capacity projection'!H37 -> 3312 | D17: ='Capacity projection'!I31 -> 1300 | E17: ='Capacity projection'!I37 -> 1087.5 | F17: ='Capacity projection'!J31 -> 1677.6 | G17: ='Capacity projection'!J37 -> 1344 | H17: =SUM(B17:G17) -> 12753.1 | I17: =IF(A17=MIN($A$17:$A$22),INDEX($D$8:$D$11,MATCH($B$4,$A$8:$A$11,0)),0) -> 2100 | J17: =IF(A17=MIN($A$17:$A$22),INDEX($E$8:$E$11,MATCH($B$4,$A$8:$A$11,0)),0) -> 850 | K17: =INDEX($F$8:$F$11,MATCH($B$4,$A$8:$A$11,0))/6 -> 300 | L17: =INDEX($G$8:$G$11,MATCH($B$4,$A$8:$A$11,0))/6 -> 866.66667 | M17: =IF(A17=MIN($A$17:$A$22),INDEX($H$8:$H$11,MATCH($B$4,$A$8:$A$11,0)),0) -> 750 | N17: =SUM(H17:M17) -> 17619.767
A18: 46143 | B18: ='Capacity projection'!H32 -> 4284 | C18: ='Capacity projection'!H38 -> 3404 | D18: ='Capacity projection'!I32 -> 1430 | E18: ='Capacity projection'!I38 -> 1200 | F18: ='Capacity projection'!J32 -> 1760.4 | G18: ='Capacity projection'!J38 -> 1413.3 | H18: =SUM(B18:G18) -> 13491.7 | I18: =IF(A18=MIN($A$17:$A$22),INDEX($D$8:$D$11,MATCH($B$4,$A$8:$A$11,0)),0) -> 0 | J18: =IF(A18=MIN($A$17:$A$22),INDEX($E$8:$E$11,MATCH($B$4,$A$8:$A$11,0)),0) -> 0 | K18: =INDEX($F$8:$F$11,MATCH($B$4,$A$8:$A$11,0))/6 -> 300 | L18: =INDEX($G$8:$G$11,MATCH($B$4,$A$8:$A$11,0))/6 -> 866.66667 | M18: =IF(A18=MIN($A$17:$A$22),INDEX($H$8:$H$11,MATCH($B$4,$A$8:$A$11,0)),0) -> 0 | N18: =SUM(H18:M18) -> 14658.367
A19: 46174 | B19: ='Capacity projection'!H33 -> 4620 | C19: ='Capacity projection'!H39 -> 3588 | D19: ='Capacity projection'!I33 -> 1560 | E19: ='Capacity projection'!I39 -> 1312.5 | F19: ='Capacity projection'!J33 -> 1850.4 | G19: ='Capacity projection'!J39 -> 1488.9 | H19: =SUM(B19:G19) -> 14419.8 | I19: =IF(A19=MIN($A$17:$A$22),INDEX($D$8:$D$11,MATCH($B$4,$A$8:$A$11,0)),0) -> 0 | J19: =IF(A19=MIN($A$17:$A$22),INDEX($E$8:$E$11,MATCH($B$4,$A$8:$A$11,0)),0) -> 0 | K19: =INDEX($F$8:$F$11,MATCH($B$4,$A$8:$A$11,0))/6 -> 300 | L19: =INDEX($G$8:$G$11,MATCH($B$4,$A$8:$A$11,0))/6 -> 866.66667 | M19: =IF(A19=MIN($A$17:$A$22),INDEX($H$8:$H$11,MATCH($B$4,$A$8:$A$11,0)),0) -> 0 | N19: =SUM(H19:M19) -> 15586.467
A20: 46204 | B20: ='Capacity projection'!H34 -> 4788 | C20: ='Capacity projection'!H40 -> 3772 | D20: ='Capacity projection'!I34 -> 1625 | E20: ='Capacity projection'!I40 -> 1387.5 | F20: ='Capacity projection'!J34 -> 1944 | G20: ='Capacity projection'!J40 -> 1568.7 | H20: =SUM(B20:G20) -> 15085.2 | I20: =IF(A20=MIN($A$17:$A$22),INDEX($D$8:$D$11,MATCH($B$4,$A$8:$A$11,0)),0) -> 0 | J20: =IF(A20=MIN($A$17:$A$22),INDEX($E$8:$E$11,MATCH($B$4,$A$8:$A$11,0)),0) -> 0 | K20: =INDEX($F$8:$F$11,MATCH($B$4,$A$8:$A$11,0))/6 -> 300 | L20: =INDEX($G$8:$G$11,MATCH($B$4,$A$8:$A$11,0))/6 -> 866.66667 | M20: =IF(A20=MIN($A$17:$A$22),INDEX($H$8:$H$11,MATCH($B$4,$A$8:$A$11,0)),0) -> 0 | N20: =SUM(H20:M20) -> 16251.867
A21: 46235 | B21: ='Capacity projection'!H35 -> 4956 | C21: ='Capacity projection'!H41 -> 3956 | D21: ='Capacity projection'!I35 -> 1690 | E21: ='Capacity projection'!I41 -> 1462.5 | F21: ='Capacity projection'!J35 -> 2041.2 | G21: ='Capacity projection'!J41 -> 1652.7 | H21: =SUM(B21:G21) -> 15758.4 | I21: =IF(A21=MIN($A$17:$A$22),INDEX($D$8:$D$11,MATCH($B$4,$A$8:$A$11,0)),0) -> 0 | J21: =IF(A21=MIN($A$17:$A$22),INDEX($E$8:$E$11,MATCH($B$4,$A$8:$A$11,0)),0) -> 0 | K21: =INDEX($F$8:$F$11,MATCH($B$4,$A$8:$A$11,0))/6 -> 300 | L21: =INDEX($G$8:$G$11,MATCH($B$4,$A$8:$A$11,0))/6 -> 866.66667 | M21: =IF(A21=MIN($A$17:$A$22),INDEX($H$8:$H$11,MATCH($B$4,$A$8:$A$11,0)),0) -> 0 | N21: =SUM(H21:M21) -> 16925.067
A22: 46266 | B22: ='Capacity projection'!H36 -> 5124 | C22: ='Capacity projection'!H42 -> 4140 | D22: ='Capacity projection'!I36 -> 1755 | E22: ='Capacity projection'!I42 -> 1537.5 | F22: ='Capacity projection'!J36 -> 2142 | G22: ='Capacity projection'!J42 -> 1740.9 | H22: =SUM(B22:G22) -> 16439.4 | I22: =IF(A22=MIN($A$17:$A$22),INDEX($D$8:$D$11,MATCH($B$4,$A$8:$A$11,0)),0) -> 0 | J22: =IF(A22=MIN($A$17:$A$22),INDEX($E$8:$E$11,MATCH($B$4,$A$8:$A$11,0)),0) -> 0 | K22: =INDEX($F$8:$F$11,MATCH($B$4,$A$8:$A$11,0))/6 -> 300 | L22: =INDEX($G$8:$G$11,MATCH($B$4,$A$8:$A$11,0))/6 -> 866.66667 | M22: =IF(A22=MIN($A$17:$A$22),INDEX($H$8:$H$11,MATCH($B$4,$A$8:$A$11,0)),0) -> 0 | N22: =SUM(H22:M22) -> 17606.067
A23: Through 2026-09-30 | B23: =SUM(B17:B22) -> 27804 | C23: =SUM(C17:C22) -> 22172 | D23: =SUM(D17:D22) -> 9360 | E23: =SUM(E17:E22) -> 7987.5 | F23: =SUM(F17:F22) -> 11415.6 | G23: =SUM(G17:G22) -> 9208.5 | H23: =SUM(H17:H22) -> 87947.6 | I23: =SUM(I17:I22) -> 2100 | ... N23: =SUM(N17:N22) -> 98647.6
A25: FINANCIAL RECONCILIATION
A26: Component | B26: Through 30 September 2026 | C26: Calculation / source basis | D26: Control check
A27: Routine labor | B27: =B23+C23 -> 49976 | C27: Separate Ontario and New York labor ledgers | D27: =IF(B27=SUM(B23:C23),"OK","CHECK") -> OK
A28: Routine processing | B28: =D23+E23 -> 17347.5 | C28: Separate Ontario and New York processing ledgers | D28: =IF(B28=SUM(D23:E23),"OK","CHECK") -> OK
A29: Routine storage | B29: =F23+G23 -> 20624.1 | C29: Separate Ontario and New York retained-inventory ledgers | D29: =IF(B29=SUM(F23:G23),"OK","CHECK") -> OK
A30: Selected response labor | B30: =I23 -> 2100 | C30: Selected package transition labor component | D30: =IF(B30=INDEX($D$8:$D$11,MATCH($B$4,$A$8:$A$11,0)),"OK","CHECK") -> OK
A31: Validation preparation | B31: =J23 -> 850 | C31: Selected package validation-preparation component | D31: =IF(B31=INDEX($E$8:$E$11,MATCH($B$4,$A$8:$A$11,0)),"OK","CHECK") -> OK
A32: Incremental storage | B32: =K23 -> 1800 | C32: Selected package incremental-storage component spread over 6 periods | D32: =IF(ROUND(B32,2)=ROUND(INDEX($F$8:$F$11,MATCH($B$4,$A$8:$A$11,0)),2),"OK","CHECK") -> OK
A33: Deferral / hold | B33: =L23 -> 5200 | C33: Selected package deferral component spread over 6 periods | D33: =IF(ROUND(B33,2)=ROUND(INDEX($G$8:$G$11,MATCH($B$4,$A$8:$A$11,0)),2),"OK","CHECK") -> OK
A34: Other support | B34: =M23 -> 750 | C34: Selected package amendment-support component | D34: =IF(B34=INDEX($H$8:$H$11,MATCH($B$4,$A$8:$A$11,0)),"OK","CHECK") -> OK
A35: Total projected financial impact | B35: =N23 -> 98647.6 | C35: Routine components plus selected response components | D35: =IF(B35=SUM(B27:B34),"OK","CHECK") -> OK
A37: Financial reading: the S3 package cost is the five source-supported response components shown in the scenario table. The period impact additionally includes routine jurisdiction-specific labor, processing and storage costs through 30 September 2026. No cost is assigned to an unperformed validation.

Sheet Corrections register
A1: Executable correction register
A2: Named owners and timing are drawn from the supplied resource pool; each action is linked to a gate, dependency or evidence point.
A4: MATERIAL CORRECTIONS
A5: ID | B5: Material gap | C5: Executable action | D5: Owner | E5: Timing / due | F5: Status | G5: Dependency / evidence | H5: Output for Hana | I5: Source gap outcome | J5: Priority
A6: G1 | B6: Regulatory-field reconciliation | C6: Adopt the frozen Ontario 10-year and New York 6-year values; retain the 7-year / 5-year internal rows as conflicts for traceability. | D6: Ibrahim Asante | E6: By 2 April 2026 | F6: Open | G6: P1 | H6: Adopted values recorded in Source reconciliation | I6: Adopt frozen regulatory values and retain internal values as conflicting records | J6: High
A7: G2 | B7: Validation-slot conflict | C7: Keep VAL-ON and VAL-NY unbooked; document the 18-hour requirement against the 12-hour bench and obtain a capacity decision before booking. | D7: Renata Guerrero | E7: Before 10 April 2026 slot | F7: Blocked | G7: P3 | H7: Validation infeasibility and pending status | I7: Keep both activities pending until capacity is resolved; do not claim completion | J7: High
A8: G3 | B8: Prerequisite/deadline status | C8: Update the stage gates, mark P3 blocked and P4/P5 pending, and carry the no-compliant-selection finding to the deadline record. | D8: Ibrahim Asante | E8: By 17 April 2026 | F8: Open | G8: P3 | H8: Deadline status and controlled-response record | I8: Record no compliant transition selection and preserve predecessor gates | J8: High
A9: G4 | B9: Capacity update | C9: Refresh Ontario and New York inventory, processing and storage headroom separately through 30 September 2026. | D9: Theo Dimitrov | E9: Weekly through 30 September 2026 | F9: Open | G9: P2; capacity ledger | H9: Jurisdiction-specific capacity ledger | I9: Refresh jurisdiction-specific projection through 30 September 2026 | J9: Medium
A10: G5 | B10: Financial amendment support | C10: Attach the S3 component total and the period financial impact to the cross-border amendment working papers. | D10: Estelle Ingram | E10: By 7 April 2026 | F10: Open | G10: P2; S3 cost basis | H10: Reconciled cost support | I10: Attach S3 package cost and period financial impact | J10: Medium
A11: G6 | B11: Controlled-response approval | C11: Review the controlled-response package and record approval or rejection; do not approve a completed-transition claim. | D11: Hana Merriweather | E11: By 17 April 2026 | F11: Awaiting approval | G11: G1-G5 | H11: Approval record for the documented hold | I11: Approve or reject the documented hold response; do not approve a completion claim | J11: High
A14: RESOURCE QUALIFICATION REGISTER
A15: Name | B15: Primary role | C15: Other supported work | D15: Certification | E15: Status | F15: Eligible validation work | G15: Source date / active through
A16: Ibrahim Asante | B16: operations manager | C16: source reconciliation | D16: None listed | E16: Not held | F16: No - not certified; non-validation work only | G16: 46295
A17: Hana Merriweather | B17: approval | C17: cross-jurisdiction validation | D17: active cross-jurisdiction validation | E17: Active | F17: Yes - either validation when slot permits | G17: 46295
A18: Theo Dimitrov | B18: capacity analysis | C18: operations correction | D18: None listed | E18: Not held | F18: No - not certified; non-validation work only | G18: 46295
A19: Renata Guerrero | B19: cross-jurisdiction validation | C19: quality review | D19: active cross-jurisdiction validation | E19: Active | F19: Yes - either validation when slot permits | G19: 46295
A20: Estelle Ingram | B20: financial analysis | C20: document control | D20: None listed | E20: Not held | F20: No - not certified; non-validation work only | G20: 46295
A22: Execution control: the two validation activities are deliberately unassigned in S3 because no compliant slot exists. Hana Merriweather and Renata Guerrero are the only qualified validation resources; Ibrahim Asante, Theo Dimitrov and Estelle Ingram are used for reconciliation, capacity and financial/document-control corrections within the roles supplied.
