Workbook

Sheet Figures
A1: Kestrel Cooperative - Corrected Figures
A2: Bramblewood Regional Office | source: kestrel_evidence_snapshot.xlsx, frozen 12 Jun 2025
A3: Derived offline from the frozen evidence snapshot. No live research, refresh, or approval decision is represented.
A5: Current status | C5: Prepared for approval review; no approval decision is recorded in this frozen snapshot.
A6: Cleared call | C6: Unqualified 'cleared' is not supportable: KST-045 is Legally usable but Editorial review pending, with Required record absent - verification unresolved.
A8: Retained version = highest Rev #; a Rev # tie uses latest Imported UTC. Standard kg = source quantity x snapshot factor. Corrected figures include Active + Authorized retained records only.
A10: Shipment key | B10: Retained source version | C10: Retained date | D10: Destination | E10: Source qty / unit | F10: kg / unit | G10: Normalized qty (standard kg) | H10: Corrected qty (standard kg) | I10: Retained declared value (USD) | J10: Corrected declared value (USD)
A11: KST-041 | B11: K041-R2 | C11: 45817 | D11: Foxmere Intake | E11: 118 crate | F11: 25 | G11: 2950 | H11: 2950 | I11: 17700 | J11: 17700
A12: KST-042 | B12: K042-R1 | C12: 45812 | D12: Brambleford Crossdock | E12: 4300 kg | F12: 1 | G12: 4300 | H12: 4300 | I12: 31390 | J12: 31390
A13: KST-043 | B13: K043-R2 | C13: 45816 | D13: Hallowmere Yard | E13: 4.2 tonne | F13: 1000 | G13: 4200 | H13: 4200 | I13: 31500 | J13: 31500
A14: KST-044 | B14: K044-R2 | C14: 45818 | D14: Gorsebridge Store | E14: 950 bag | F14: 20 | G14: 19000 | H14: 0 | I14: 13300 | J14: 0
A15: KST-045 | B15: K045-R1 | C15: 45814 | D15: Larkspur Terminal | E15: 56 case | F15: 30 | G15: 1680 | H15: 1680 | I15: 21840 | J15: 21840
A16: KST-046 | B16: K046-R2 | C16: 45818 | D16: Merefield Depot | E16: 2 tonne | F16: 1000 | G16: 2000 | H16: 0 | I16: 16000 | J16: 0
A17: KST-047 | B17: K047-R1 | C17: 45815 | D17: Foxmere Intake | E17: 9 pallet | F17: 500 | G17: 4500 | H17: 4500 | I17: 36000 | J17: 36000
A18: KST-048 | B18: K048-R2 | C18: 45817 | D18: Hallowmere Yard | E18: 2200 litre | F18: 0.82 | G18: 1804 | H18: 1804 | I18: 16720 | J18: 16720
A19: KST-049 | B19: K049-R1 | C19: 45815 | D19: Brambleford Crossdock | E19: 300 bag | F19: 20 | G19: 6000 | H19: 6000 | I19: 42000 | J19: 42000
A20: KST-050 | B20: K050-R2b | C20: 45818 | D20: Merefield Depot | E20: 82 carton | F20: 10 | G20: 820 | H20: 820 | I20: 6560 | J20: 6560
A23: Retained control status
A24: Shipment key | B24: Retained source version | C24: Record status | D24: Authorization | E24: Change status | F24: Corrected inclusion | G24: Legal usability | H24: Editorial review
A25: KST-041 | B25: K041-R2 | C25: Active | D25: Authorized | E25: Changed | F25: Included | G25: Legally usable | H25: Editorially approved
A26: KST-042 | B26: K042-R1 | C26: Active | D26: Authorized | E26: Unchanged | F26: Included | G26: Legally usable | H26: Editorially approved
A27: KST-043 | B27: K043-R2 | C27: Active | D27: Authorized | E27: Changed | F27: Included | G27: Legally usable | H27: Editorially approved
A28: KST-044 | B28: K044-R2 | C28: Void | D28: Authorized | E28: Changed | F28: Excluded - Void | G28: Not legally usable | H28: Not editorially approved
A29: KST-045 | B29: K045-R1 | C29: Active | D29: Authorized | E29: Unchanged | F29: Included | G29: Legally usable | H29: Editorial review pending
A30: KST-046 | B30: K046-R2 | C30: Active | D30: Not authorized | E30: Changed | F30: Excluded - Not authorized | G30: Not legally usable | H30: Editorial review pending
A31: KST-047 | B31: K047-R1 | C31: Active | D31: Authorized | E31: Unchanged | F31: Included | G31: Legally usable | H31: Editorially approved
A32: KST-048 | B32: K048-R2 | C32: Active | D32: Authorized | E32: Changed | F32: Included | G32: Legally usable | H32: Editorially approved
A33: KST-049 | B33: K049-R1 | C33: Active | D33: Authorized | E33: Unchanged | F33: Included | G33: Legally usable | H33: Editorially approved
A34: KST-050 | B34: K050-R2b | C34: Active | D34: Authorized | E34: Changed | F34: Included | G34: Legally usable | H34: Editorially approved
A37: Destination summary - authorized corrected figures
A38: Destination | B38: Corrected qty (standard kg) | C38: Corrected declared value (USD) | D38: Included retained lines
A39: Foxmere Intake | B39: =SUMIF($D$11:$D$20,A39,$H$11:$H$20) | C39: =SUMIF($D$11:$D$20,A39,$J$11:$J$20) | D39: =COUNTIFS($D$11:$D$20,A39,$H$11:$H$20,">0")
A40: Brambleford Crossdock | B40: =SUMIF($D$11:$D$20,A40,$H$11:$H$20) | C40: =SUMIF($D$11:$D$20,A40,$J$11:$J$20) | D40: =COUNTIFS($D$11:$D$20,A40,$H$11:$H$20,">0")
A41: Hallowmere Yard | B41: =SUMIF($D$11:$D$20,A41,$H$11:$H$20) | C41: =SUMIF($D$11:$D$20,A41,$J$11:$J$20) | D41: =COUNTIFS($D$11:$D$20,A41,$H$11:$H$20,">0")
A42: Larkspur Terminal | B42: =SUMIF($D$11:$D$20,A42,$H$11:$H$20) | C42: =SUMIF($D$11:$D$20,A42,$J$11:$J$20) | D42: =COUNTIFS($D$11:$D$20,A42,$H$11:$H$20,">0")
A43: Merefield Depot | B43: =SUMIF($D$11:$D$20,A43,$H$11:$H$20) | C43: =SUMIF($D$11:$D$20,A43,$J$11:$J$20) | D43: =COUNTIFS($D$11:$D$20,A43,$H$11:$H$20,">0")
A44: Overall authorized corrected total | B44: =SUM(H11:H20) | C44: =SUM(J11:J20) | D44: =COUNTIF(H11:H20,">0")

Sheet Changes
A1: Kestrel Cooperative - Change Record
A2: Retained-to-prior comparison under the frozen snapshot selection sort
A3: Derived offline from the frozen evidence snapshot. No live research, refresh, or approval decision is represented.
A5: A retained record is changed when it differs from the immediately preceding version in the selection sort by source quantity, unit, declared value, record status, authorization, legal usability or editorial review.
A7: Shipment key | B7: Prior version | C7: Retained version | D7: Before qty (standard kg) | E7: After qty (standard kg) | F7: Qty delta (standard kg) | G7: Before declared value (USD) | H7: After declared value (USD) | I7: Value delta (USD)
A8: KST-041 | B8: K041-R1 | C8: K041-R2 | D8: 3125 | E8: 2950 | F8: =E8-D8 | G8: 18750 | H8: 17700 | I8: =H8-G8
A9: KST-043 | B9: K043-R1 | C9: K043-R2 | D9: 3800 | E9: 4200 | F9: =E9-D9 | G9: 28500 | H9: 31500 | I9: =H9-G9
A10: KST-044 | B10: K044-R1 | C10: K044-R2 | D10: 19000 | E10: 19000 | F10: =E10-D10 | G10: 13300 | H10: 13300 | I10: =H10-G10
A11: KST-046 | B11: K046-R1 | C11: K046-R2 | D11: 2200 | E11: 2000 | F11: =E11-D11 | G11: 17600 | H11: 16000 | I11: =H11-G11
A12: KST-048 | B12: K048-R1 | C12: K048-R2 | D12: 1968 | E12: 1804 | F12: =E12-D12 | G12: 18216 | H12: 16720 | I12: =H12-G12
A13: KST-050 | B13: K050-R2a | C13: K050-R2b | D13: 800 | E13: 820 | F13: =E13-D13 | G13: 6400 | H13: 6560 | I13: =H13-G13
A16: Source correction reasons and retained status fields
A17: Shipment key | B17: Prior status fields | C17: Retained status fields | D17: Source-supported correction reason
A18: KST-041 | B18: Active | Authorized | Legally usable | Editorially approved | C18: Active | Authorized | Legally usable | Editorially approved | D18: Carrier count amended after duplicate pallet scan.
A19: KST-043 | B19: Active | Authorized | Legally usable | Editorially approved | C19: Active | Authorized | Legally usable | Editorially approved | D19: Weighbridge ticket replaced provisional load estimate.
A20: KST-044 | B20: Active | Authorized | Legally usable | Editorially approved | C20: Void | Authorized | Not legally usable | Not editorially approved | D20: Duplicate dispatch created during manifest retry.
A21: KST-046 | B21: Active | Authorized | Legally usable | Editorially approved | C21: Active | Not authorized | Not legally usable | Editorial review pending | D21: Authorization code removed after counterparty reference mismatch.
A22: KST-048 | B22: Active | Authorized | Legally usable | Editorially approved | C22: Active | Authorized | Legally usable | Editorially approved | D22: Moisture-adjusted volume transcribed from final receiving ticket.
A23: KST-050 | B23: Active | Authorized | Legally usable | Editorially approved | C23: Active | Authorized | Legally usable | Editorially approved | D23: Final carton count supersedes preliminary dock tally.
A25: KST-050 has a tied Rev # 2; K050-R2b controls because its Imported UTC is later than K050-R2a.

Sheet Verification
A1: Kestrel Cooperative - Verification Register
A2: All eligible retained shipments in the frozen verification register
A3: Derived offline from the frozen evidence snapshot. No live research, refresh, or approval decision is represented.
A5: A required record is Verified only when it is Present and internally consistent. If a required record is Absent, use Required record absent - verification unresolved.
A7: Shipment key | B7: Retained source version | C7: Required record | D7: Evidence ref | E7: Record presence | F7: Verification outcome | G7: Corrected qty (standard kg) | H7: Corrected declared value (USD)
A8: KST-041 | B8: K041-R2 | C8: Signed weighbridge ticket | D8: WB-041-06 | E8: Present | F8: Verified | G8: 2950 | H8: 17700
A9: KST-042 | B9: K042-R1 | C9: Destination receipt | D9: DR-042-06 | E9: Present | F9: Verified | G9: 4300 | H9: 31390
A10: KST-043 | B10: K043-R2 | C10: Final weighbridge ticket | D10: WB-043-F | E10: Present | F10: Verified | G10: 4200 | H10: 31500
A11: KST-045 | B11: K045-R1 | C11: Signed destination receipt | D11: - | E11: Absent | F11: Required record absent - verification unresolved | G11: 1680 | H11: 21840
A12: KST-047 | B12: K047-R1 | C12: Pallet manifest | D12: PM-047-06 | E12: Present | F12: Verified | G12: 4500 | H12: 36000
A13: KST-048 | B13: K048-R2 | C13: Receiving ticket | D13: RT-048-F | E13: Present | F13: Verified | G13: 1804 | H13: 16720
A14: KST-049 | B14: K049-R1 | C14: Signed gate record | D14: GG-049-06 | E14: Present | F14: Verified | G14: 6000 | H14: 42000
A15: KST-050 | B15: K050-R2b | C15: Final carton tally | D15: CT-050-F | E15: Present | F15: Verified | G15: 820 | H15: 6560
A18: Legal usability and editorial approval remain separate
A19: Shipment key | B19: Legal usability | C19: Editorial review | D19: Verification outcome | E19: Cleared convention
A20: KST-041 | B20: Legally usable | C20: Editorially approved | D20: Verified | E20: Cleared
A21: KST-042 | B21: Legally usable | C21: Editorially approved | D21: Verified | E21: Cleared
A22: KST-043 | B22: Legally usable | C22: Editorially approved | D22: Verified | E22: Cleared
A23: KST-045 | B23: Legally usable | C23: Editorial review pending | D23: Required record absent - verification unresolved | E23: Does not meet cleared convention
A24: KST-047 | B24: Legally usable | C24: Editorially approved | D24: Verified | E24: Cleared
A25: KST-048 | B25: Legally usable | C25: Editorially approved | D25: Verified | E25: Cleared
A26: KST-049 | B26: Legally usable | C26: Editorially approved | D26: Verified | E26: Cleared
A27: KST-050 | B27: Legally usable | C27: Editorially approved | D27: Verified | E27: Cleared
A29: KST-045 stays in the authorized corrected baseline because it is Active and Authorized; its absent record is not represented as Verified.

Sheet Scenarios & Handoff
A1: Kestrel Cooperative - Scenarios and Handoff
A2: Source-defined future branches and unresolved-verification route
A3: Derived offline from the frozen evidence snapshot. No live research, refresh, or approval decision is represented.
A5: Current status | B5: Prepared for approval review; no approval decision is recorded in this frozen snapshot.
A6: Cleared call | B6: Not supportable under the frozen evidence: KST-045 does not meet the source cleared convention.
A8: Future scenario status results
A9: Scenario | B9: Snapshot assumption | C9: Verification outcome | D9: Legal and editorial status | E9: Corrected-figure / readiness consequence
A10: Required record obtained by Thu 15:00 | B10: KST-045 signed destination receipt is obtained by Thu 15:00 and is internally consistent. | C10: Verified | D10: Legally usable remains Legally usable; Editorial review pending remains Editorial review pending. | E10: KST-045, destination and overall corrected figures do not change. The cleared convention remains unmet because editorial review is pending.
A11: Required record absent at Friday publication point | B11: KST-045 signed destination receipt remains Absent through the Friday 13 Jun 2025 publication point. | C11: Required record absent - verification unresolved | D11: Legally usable remains Legally usable; Editorial review pending remains Editorial review pending. | E11: KST-045, destination and overall corrected figures do not change. Unresolved-verification handoff applies; the cleared convention remains unmet.
A14: Corrected-figure continuity from the baseline
A15: Scenario | B15: KST-045 qty (standard kg) | C15: KST-045 declared value (USD) | D15: Overall qty (standard kg) | E15: Overall declared value (USD)
A16: Required record obtained by Thu 15:00 | B16: =Figures!H15 | C16: =Figures!J15 | D16: =Figures!B44 | E16: =Figures!C44
A17: Required record absent at Friday publication point | B17: =Figures!H15 | C17: =Figures!J15 | D17: =Figures!B44 | E17: =Figures!C44
A20: Unresolved-verification handoff (if the required record remains absent)
A21: Affected line | B21: Owner | C21: Timing | D21: Priority | E21: Escalation | F21: Treatment
A22: KST-045 corrected line | B22: Dagny Ilechukwu | C22: Thu 15:00 before Friday package lock | D22: P1 | E22: Anders Grimaldi | F22: Hold from cleared publication line; retain in corrected figures as unverified.
A24: Use cleared only for a line that is Authorized, Legally usable, Editorially approved and Verified. Do not combine legal usability with editorial approval.
