Workbook

Sheet Summary
A1: Greyhaven PB-4 Bore Release Decision
A2: For Blackmarsh Regional Office quality board | Tuesday review 2026-06-16 09:00
A4: PROVISIONAL DETERMINATION
A5: Most-likely cause: Second-shift gauge technique (GM-22 single-sweep handling).
A6: Moderate, provisional confidence. The evidence aligns all four explanations with the timing; it does not prove causation or replace a formal measurement-system study.
A8: What the source records show
A9: Item | B9: Value | C9: Unit | D9: Evidence
A10: Second-shift change | B10: =Model!C32 -> 0.03 | C10: mm | D10: E01
A11: First-shift change | B11: =Model!C31 -> 0.001 | C11: mm | D11: E01
A12: W6 shift gap | B12: =Model!C33 -> 0.035 | C12: mm | D12: E01
A13: Bore specification | B13: LSL 49.960 | USL 50.040 | C13: mm | D13: E02
A14: Why technique leads | B14: GM-22 technique difference is documented; no commanded offset change or corresponding first-shift rise. | C14: Interpretation | D14: E04; E12; E14
A15: Why not proven | B15: Fixture use, new MM-204, and night ambient each track the period; screening is not a completed study. | C15: Limitation | D15: E05; E08; E10; E13
A17: One containment recommended for the pending shipment
A18: Independent verification gate
A19: Measure 50 pending H-0624 parts independently before release. This protects shipment quality even if the provisional cause is wrong; it also directly counters the selected technique risk.
A20: Cost: | B20: =Model!E53 -> 405 | C20: USD | D20: within $600.00 budget | E20: Completion: | F20: =Model!H53 -> 46190.625 | G20: before 2026-06-18 17:00 cutoff
A22: One field-ready disconfirming check
A23: Check: Independent paired remeasurement of 20 H-0624 second-shift parts.
A24: Sample | B24: 20 of the 60 H-0624 second-shift parts; retain identifiers for paired comparison. | C24: E17
A25: Comparison | B25: Compare recorded GM-22 values with blinded SB-09 measurements using the standardized three-point hold. | C25: E12; E14; E17
A26: Decision threshold | B26: Disconfirm gauge-technique cause if mean (GM-22 recorded - SB-09 independent) is less than +0.018 mm. This is half of the W6 shift gap, rounded to 0.001 mm gauge resolution. | C26: E01; E03; E19
A27: Owner and timing | B27: Quality Technician completes by 2026-06-17 12:00, before shipment cutoff. | C27: E15; E17
A28: Consequence | B28: If disconfirmed, keep the independent verification gate for release, do not attribute the trend to technique, and reprioritize fixture, material, and ambient causes for the board. | C28: E16; E18
A30: Sources and assumptions: blue/green sections quote or derive supplied records; yellow text marks the decision rule and uncertainty. See Evidence keys for tab and record locators; Model retains the cleaned population and formulas.

Sheet Evidence
A1: Evidence | claim-to-source locator
A2: Use the key in Summary or Model to retrieve the source record. Source text is paraphrased only where marked as an interpretation.
A4: Key | B4: Claim / value used | C4: Source tab | D4: Record-level locator | E4: Classification | F4: Source-grounded detail
A5: E01 | B5: 300 valid production readings; six W1-W6 weeks and source shifts | C5: Bore Measurement Export | D5: ProductionBoreReadings A5:L304; Reading IDs BR-001 to BR-300 | E5: Sourced fact | F5: Adjacent visitor log M5:P9 excluded; Week and Shift are source fields; stale helper omitted.
A6: E02 | B6: USL 50.040 mm; LSL 49.960 mm | C6: Shift & Process Log | D6: Cell A18 | E6: Sourced fact | F6: Job traveler specification.
A7: E03 | B7: Gauge display resolution 0.001 mm | C7: Shift & Process Log | D7: Cell A18 | E7: Sourced fact | F7: Job traveler specification.
A8: E04 | B8: No commanded offset changes | C8: Shift & Process Log | D8: SP-01A through SP-06B, rows 5:16 | E8: Sourced fact | F8: Both shift entries state 0.000 mm.
A9: E05 | B9: FX-B cycles increase 840 to 1,090 | C9: Material & Fixture History | D9: FH-01 through FH-06, rows 8:13 | E9: Sourced fact | F9: Second shift / FX-B weekly history.
A10: E06 | B10: FX-B mandatory service not overdue and visual inspection passed | C10: Material & Fixture History | D10: FH-01 through FH-06, rows 8:13 | E10: Sourced fact | F10: Weakening evidence for wear.
A11: E07 | B11: FX-A history has no matching second-shift condition | C11: Material & Fixture History | D11: FH-07, row 14 | E11: Sourced fact | F11: First shift / FX-A history.
A12: E08 | B12: New Meridian MM-204 used second shift from W3 | C12: Material & Fixture History | D12: MH-03, row 7; measurement records BR-101:BR-300 | E12: Sourced fact | F12: Explicit interval and material lot identifiers.
A13: E09 | B13: MM-204 incoming chemistry and acceptance within internal statement | C13: Material & Fixture History | D13: MH-03, row 7 | E13: Sourced fact | F13: Does not eliminate machinability effect.
A14: E10 | B14: Second-shift ambient rises 19 C to 24 C | C14: Environment & Gauge Obs | D14: EN-01B through EN-06B, rows 6,8,10,12,14,16 | E14: Sourced fact | F14: Date-range/shift matched ambient entries.
A15: E11 | B15: Facility operating band 18 C to 26 C | C15: Environment & Gauge Obs | D15: EN-01A through EN-06B, rows 5:16 | E15: Sourced fact | F15: All listed readings are in band.
... A23: E19 | B23: Check threshold equals half W6 shift gap, rounded to 0.001 mm | C23: Model | D23: Trend measures row 36 | E23: Assumption / derived rule | F23: Source-derived comparator; no external limit.

Sheet Model
A1: Model | PB-4 bore review
A2: Sourced facts are blue; assumptions and decision rules are yellow. All derived measures recompute from the 300 rows below.
A4: Source controls and recomputed scope
A5: Control | B5: Value | C5: Unit / status | D5: Evidence key
A6: Valid production-reading count | B6: =COUNTA(AE8:AE307) -> 300 | C6: records | D6: E01
A7: Distinct reading IDs | B7: =SUMPRODUCT(1/COUNTIF(AE8:AE307,AE8:AE307)) -> 300 | C7: records | D7: E01 | AE7: Reading ID | AF7: Date | AG7: Week (recomputed) | AH7: Shift | AI7: Lot | AJ7: Part ID | AK7: Fixture | AL7: Material Lot | AM7: Gauge | AN7: Measured Bore | AO7: Unit
A8: USL | B8: 50.04 | C8: mm | D8: E02 | AE8: BR-001 | AF8: 46146 | AG8: ="W"&INT((AF8-MIN($AF$8:$AF$307))/7)+1 -> W1 | AH8: First | AI8: PB-01-F | AJ8: P1F01 | AK8: FX-A | AL8: CL-771 | AM8: GM-17 | AN8: 49.992 | AO8: mm
A9: LSL | B9: 49.96 | C9: mm | D9: E02 | AE9: BR-002 | AF9: 46147 | AG9: ="W"&INT((AF9-MIN($AF$8:$AF$307))/7)+1 -> W1 | AH9: First | AI9: PB-01-F | AJ9: P1F02 | AK9: FX-A | AL9: CL-771 | AM9: GM-17 | AN9: 49.993 | AO9: mm
A10: Gauge resolution | B10: 0.001 | C10: mm | D10: E03 | AE10: BR-003 | AF10: 46148 | AG10: ="W"&INT((AF10-MIN($AF$8:$AF$307))/7)+1 -> W1 | AH10: First | AI10: PB-01-F | AJ10: P1F03 | AK10: FX-A | AL10: CL-771 | AM10: GM-17 | AN10: 49.994 | AO10: mm
A11: Weeks modeled | B11: 6 (W1-W6 from Date; retired helper excluded) | C11: weeks | D11: E01 | AE11: BR-004 | AF11: 46149 | AG11: ="W"&INT((AF11-MIN($AF$8:$AF$307))/7)+1 -> W1 | AH11: First | AI11: PB-01-F | AJ11: P1F04 | AK11: FX-A | AL11: CL-771 | AM11: GM-17 | AN11: 49.995 | AO11: mm
A12: Shifts modeled | B12: First; Second (source Shift field) | C12: categories | D12: E01 | AE12: BR-005 | AF12: 46150 | AG12: ="W"&INT((AF12-MIN($AF$8:$AF$307))/7)+1 -> W1 | AH12: First | AI12: PB-01-F | AJ12: P1F05 | AK12: FX-A | AL12: CL-771 | AM12: GM-17 | AN12: 49.996 | AO12: mm
AE13: BR-006 | AF13: 46146 | AG13: ="W"&INT((AF13-MIN($AF$8:$AF$307))/7)+1 -> W1 | AH13: First | AI13: PB-01-F | AJ13: P1F06 | AK13: FX-A | AL13: CL-771 | AM13: GM-17 | AN13: 49.997 | AO13: mm
A14: Weekly bore statistics (derived from cleaned source population) | AE14: BR-007 | AF14: 46147 | AG14: ="W"&INT((AF14-MIN($AF$8:$AF$307))/7)+1 -> W1 | AH14: First | AI14: PB-01-F | AJ14: P1F07 | AK14: FX-A | AL14: CL-771 | AM14: GM-17 | AN14: 49.998 | AO14: mm
A15: Week | B15: Shift | C15: n | D15: Mean bore (mm) | E15: Min (mm) | F15: Max (mm) | G15: Sample SD (mm) | H15: Distance to USL (mm) | I15: Above USL (n) | J15: Below LSL (n) | K15: Material lot | L15: Fixture | AE15: BR-008 | AF15: 46148 | AG15: ="W"&INT((AF15-MIN($AF$8:$AF$307))/7)+1 -> W1 | AH15: First | AI15: PB-01-F | AJ15: P1F08 | AK15: FX-A | AL15: CL-771 | AM15: GM-17 | AN15: 49.999 | AO15: mm
A16: W1 | B16: First | C16: =COUNTIFS($AG$8:$AG$307,A16,$AH$8:$AH$307,B16) -> 25 | D16: =AVERAGEIFS($AN$8:$AN$307,$AG$8:$AG$307,A16,$AH$8:$AH$307,B16) -> 49.9976 | E16: =MIN(IF(($AG$8:$AG$307=A16)*($AH$8:$AH$307=B16),$AN$8:$AN$307)) -> 49.992 | F16: =MAX(IF(($AG$8:$AG$307=A16)*($AH$8:$AH$307=B16),$AN$8:$AN$307)) -> 50.039 | G16: =SQRT(SUMPRODUCT(($AG$8:$AG$307=A16)*($AH$8:$AH$307=B16)*($AN$8:$AN$307-D16)^2)/(C16-1)) -> 0.0034880749 | H16: =$B$8-D16 -> 0.0424 | I16: =COUNTIFS($AG$8:$AG$307,A16,$AH$8:$AH$307,B16,$AN$8:$AN$307,">"&$B$8) -> 0 | J16: =COUNTIFS($AG$8:$AG$307,A16,$AH$8:$AH$307,B16,$AN$8:$AN$307,"<"&$B$9) -> 0 | K16: =INDEX($AL$8:$AL$307,MATCH(1,($AG$8:$AG$307=A16)*($AH$8:$AH$307=B16),0)) -> CL-771 | L16: =INDEX($AK$8:$AK$307,MATCH(1,($AG$8:$AG$307=A16)*($AH$8:$AH$307=B16),0)) -> FX-A | AE16: BR-009 | AF16: 46149 | AG16: ="W"&INT((AF16-MIN($AF$8:$AF$307))/7)+1 -> W1 | AH16: First | AI16: PB-01-F | AJ16: P1F09 | AK16: FX-A | AL16: CL-771 | AM16: GM-17 | AN16: 50 | AO16: mm
A17: W1 | B17: Second | C17: =COUNTIFS($AG$8:$AG$307,A17,$AH$8:$AH$307,B17) -> 25 | D17: =AVERAGEIFS($AN$8:$AN$307,$AG$8:$AG$307,A17,$AH$8:$AH$307,B17) -> 50.0036 | E17: =MIN(IF(($AG$8:$AG$307=A17)*($AH$8:$AH$307=B17),$AN$8:$AN$307)) -> 0 | F17: =MAX(IF(($AG$8:$AG$307=A17)*($AH$8:$AH$307=B17),$AN$8:$AN$307)) -> 0 | G17: =SQRT(SUMPRODUCT(($AG$8:$AG$307=A17)*($AH$8:$AH$307=B17)*($AN$8:$AN$307-D17)^2)/(C17-1)) -> 0.0034880749 | H17: =$B$8-D17 -> 0.0364 | I17: =COUNTIFS($AG$8:$AG$307,A17,$AH$8:$AH$307,B17,$AN$8:$AN$307,">"&$B$8) -> 0 | J17: =COUNTIFS($AG$8:$AG$307,A17,$AH$8:$AH$307,B17,$AN$8:$AN$307,"<"&$B$9) -> 0 | K17: =INDEX($AL$8:$AL$307,MATCH(1,($AG$8:$AG$307=A17)*($AH$8:$AH$307=B17),0)) -> CL-771 | L17: =INDEX($AK$8:$AK$307,MATCH(1,($AG$8:$AG$307=A17)*($AH$8:$AH$307=B17),0)) -> FX-B | AE17: BR-010 | AF17: 46150 | AG17: ="W"&INT((AF17-MIN($AF$8:$AF$307))/7)+1 -> W1 | AH17: First | AI17: PB-01-F | AJ17: P1F10 | AK17: FX-A | AL17: CL-771 | AM17: GM-17 | AN17: 50.001 | AO17: mm
A18: W2 | B18: First | C18: =COUNTIFS($AG$8:$AG$307,A18,$AH$8:$AH$307,B18) -> 25 | D18: =AVERAGEIFS($AN$8:$AN$307,$AG$8:$AG$307,A18,$AH$8:$AH$307,B18) -> 49.9986 | E18: =MIN(IF(($AG$8:$AG$307=A18)*($AH$8:$AH$307=B18),$AN$8:$AN$307)) -> 0 | F18: =MAX(IF(($AG$8:$AG$307=A18)*($AH$8:$AH$307=B18),$AN$8:$AN$307)) -> 0 | G18: =SQRT(SUMPRODUCT(($AG$8:$AG$307=A18)*($AH$8:$AH$307=B18)*($AN$8:$AN$307-D18)^2)/(C18-1)) -> 0.0034880749 | H18: =$B$8-D18 -> 0.0414 | I18: =COUNTIFS($AG$8:$AG$307,A18,$AH$8:$AH$307,B18,$AN$8:$AN$307,">"&$B$8) -> 0 | J18: =COUNTIFS($AG$8:$AG$307,A18,$AH$8:$AH$307,B18,$AN$8:$AN$307,"<"&$B$9) -> 0 | K18: =INDEX($AL$8:$AL$307,MATCH(1,($AG$8:$AG$307=A18)*($AH$8:$AH$307=B18),0)) -> CL-771 | L18: =INDEX($AK$8:$AK$307,MATCH(1,($AG$8:$AG$307=A18)*($AH$8:$AH$307=B18),0)) -> FX-A | AE18: BR-011 | AF18: 46146 | AG18: ="W"&INT((AF18-MIN($AF$8:$AF$307))/7)+1 -> W1 | AH18: First | AI18: PB-01-F | AJ18: P1F11 | AK18: FX-A | AL18: CL-771 | AM18: GM-17 | AN18: 50.002 | AO18: mm
A19: W2 | B19: Second | C19: =COUNTIFS($AG$8:$AG$307,A19,$AH$8:$AH$307,B19) -> 25 | D19: =AVERAGEIFS($AN$8:$AN$307,$AG$8:$AG$307,A19,$AH$8:$AH$307,B19) -> 50.0096 | E19: =MIN(IF(($AG$8:$AG$307=A19)*($AH$8:$AH$307=B19),$AN$8:$AN$307)) -> 0 | F19: =MAX(IF(($AG$8:$AG$307=A19)*($AH$8:$AH$307=B19),$AN$8:$AN$307)) -> 0 | G19: =SQRT(SUMPRODUCT(($AG$8:$AG$307=A19)*($AH$8:$AH$307=B19)*($AN$8:$AN$307-D19)^2)/(C19-1)) -> 0.0034880749 | H19: =$B$8-D19 -> 0.0304 | I19: =COUNTIFS($AG$8:$AG$307,A19,$AH$8:$AH$307,B19,$AN$8:$AN$307,">"&$B$8) -> 0 | J19: =COUNTIFS($AG$8:$AG$307,A19,$AH$8:$AH$307,B19,$AN$8:$AN$307,"<"&$B$9) -> 0 | K19: =INDEX($AL$8:$AL$307,MATCH(1,($AG$8:$AG$307=A19)*($AH$8:$AH$307=B19),0)) -> CL-771 | L19: =INDEX($AK$8:$AK$307,MATCH(1,($AG$8:$AG$307=A19)*($AH$8:$AH$307=B19),0)) -> FX-B | AE19: BR-012 | AF19: 46147 | AG19: ="W"&INT((AF19-MIN($AF$8:$AF$307))/7)+1 -> W1 | AH19: First | AI19: PB-01-F | AJ19: P1F12 | AK19: FX-A | AL19: CL-771 | AM19: GM-17 | AN19: 50.003 | AO19: mm
A20: W3 | B20: First | C20: =COUNTIFS($AG$8:$AG$307,A20,$AH$8:$AH$307,B20) -> 25 | D20: =AVERAGEIFS($AN$8:$AN$307,$AG$8:$AG$307,A20,$AH$8:$AH$307,B20) -> 49.9976 | E20: =MIN(IF(($AG$8:$AG$307=A20)*($AH$8:$AH$307=B20),$AN$8:$AN$307)) -> 0 | F20: =MAX(IF(($AG$8:$AG$307=A20)*($AH$8:$AH$307=B20),$AN$8:$AN$307)) -> 0 | G20: =SQRT(SUMPRODUCT(($AG$8:$AG$307=A20)*($AH$8:$AH$307=B20)*($AN$8:$AN$307-D20)^2)/(C20-1)) -> 0.0034880749 | H20: =$B$8-D20 -> 0.0424 | I20: =COUNTIFS($AG$8:$AG$307,A20,$AH$8:$AH$307,B20,$AN$8:$AN$307,">"&$B$8) -> 0 | J20: =COUNTIFS($AG$8:$AG$307,A20,$AH$8:$AH$307,B20,$AN$8:$AN$307,"<"&$B$9) -> 0 | K20: =INDEX($AL$8:$AL$307,MATCH(1,($AG$8:$AG$307=A20)*($AH$8:$AH$307=B20),0)) -> CL-772 | L20: =INDEX($AK$8:$AK$307,MATCH(1,($AG$8:$AG$307=A20)*($AH$8:$AH$307=B20),0)) -> FX-A | AE20: BR-013 | AF20: 46148 | AG20: ="W"&INT((AF20-MIN($AF$8:$AF$307))/7)+1 -> W1 | AH20: First | AI20: PB-01-F | AJ20: P1F13 | AK20: FX-A | AL20: CL-771 | AM20: GM-17 | AN20: 49.992 | AO20: mm
A21: W3 | B21: Second | C21: =COUNTIFS($AG$8:$AG$307,A21,$AH$8:$AH$307,B21) -> 25 | D21: =AVERAGEIFS($AN$8:$AN$307,$AG$8:$AG$307,A21,$AH$8:$AH$307,B21) -> 50.0156 | E21: =MIN(IF(($AG$8:$AG$307=A21)*($AH$8:$AH$307=B21),$AN$8:$AN$307)) -> 0 | F21: =MAX(IF(($AG$8:$AG$307=A21)*($AH$8:$AH$307=B21),$AN$8:$AN$307)) -> 0 | G21: =SQRT(SUMPRODUCT(($AG$8:$AG$307=A21)*($AH$8:$AH$307=B21)*($AN$8:$AN$307-D21)^2)/(C21-1)) -> 0.0034880749 | H21: =$B$8-D21 -> 0.0244 | I21: =COUNTIFS($AG$8:$AG$307,A21,$AH$8:$AH$307,B21,$AN$8:$AN$307,">"&$B$8) -> 0 | J21: =COUNTIFS($AG$8:$AG$307,A21,$AH$8:$AH$307,B21,$AN$8:$AN$307,"<"&$B$9) -> 0 | K21: =INDEX($AL$8:$AL$307,MATCH(1,($AG$8:$AG$307=A21)*($AH$8:$AH$307=B21),0)) -> MM-204 | L21: =INDEX($AK$8:$AK$307,MATCH(1,($AG$8:$AG$307=A21)*($AH$8:$AH$307=B21),0)) -> FX-B | AE21: BR-014 | AF21: 46149 | AG21: ="W"&INT((AF21-MIN($AF$8:$AF$307))/7)+1 -> W1 | AH21: First | AI21: PB-01-F | AJ21: P1F14 | AK21: FX-A | AL21: CL-771 | AM21: GM-17 | AN21: 49.993 | AO21: mm
A22: W4 | B22: First | C22: =COUNTIFS($AG$8:$AG$307,A22,$AH$8:$AH$307,B22) -> 25 | D22: =AVERAGEIFS($AN$8:$AN$307,$AG$8:$AG$307,A22,$AH$8:$AH$307,B22) -> 49.9986 | E22: =MIN(IF(($AG$8:$AG$307=A22)*($AH$8:$AH$307=B22),$AN$8:$AN$307)) -> 0 | F22: =MAX(IF(($AG$8:$AG$307=A22)*($AH$8:$AH$307=B22),$AN$8:$AN$307)) -> 0 | G22: =SQRT(SUMPRODUCT(($AG$8:$AG$307=A22)*($AH$8:$AH$307=B22)*($AN$8:$AN$307-D22)^2)/(C22-1)) -> 0.0034880749 | H22: =$B$8-D22 -> 0.0414 | I22: =COUNTIFS($AG$8:$AG$307,A22,$AH$8:$AH$307,B22,$AN$8:$AN$307,">"&$B$8) -> 0 | J22: =COUNTIFS($AG$8:$AG$307,A22,$AH$8:$AH$307,B22,$AN$8:$AN$307,"<"&$B$9) -> 0 | K22: =INDEX($AL$8:$AL$307,MATCH(1,($AG$8:$AG$307=A22)*($AH$8:$AH$307=B22),0)) -> CL-772 | L22: =INDEX($AK$8:$AK$307,MATCH(1,($AG$8:$AG$307=A22)*($AH$8:$AH$307=B22),0)) -> FX-A | AE22: BR-015 | AF22: 46150 | AG22: ="W"&INT((AF22-MIN($AF$8:$AF$307))/7)+1 -> W1 | AH22: First | AI22: PB-01-F | AJ22: P1F15 | AK22: FX-A | AL22: CL-771 | AM22: GM-17 | AN22: 49.994 | AO22: mm
A23: W4 | B23: Second | C23: =COUNTIFS($AG$8:$AG$307,A23,$AH$8:$AH$307,B23) -> 25 | D23: =AVERAGEIFS($AN$8:$AN$307,$AG$8:$AG$307,A23,$AH$8:$AH$307,B23) -> 50.0216 | E23: =MIN(IF(($AG$8:$AG$307=A23)*($AH$8:$AH$307=B23),$AN$8:$AN$307)) -> 0 | F23: =MAX(IF(($AG$8:$AG$307=A23)*($AH$8:$AH$307=B23),$AN$8:$AN$307)) -> 0 | G23: =SQRT(SUMPRODUCT(($AG$8:$AG$307=A23)*($AH$8:$AH$307=B23)*($AN$8:$AN$307-D23)^2)/(C23-1)) -> 0.0034880749 | H23: =$B$8-D23 -> 0.0184 | I23: =COUNTIFS($AG$8:$AG$307,A23,$AH$8:$AH$307,B23,$AN$8:$AN$307,">"&$B$8) -> 0 | J23: =COUNTIFS($AG$8:$AG$307,A23,$AH$8:$AH$307,B23,$AN$8:$AN$307,"<"&$B$9) -> 0 | K23: =INDEX($AL$8:$AL$307,MATCH(1,($AG$8:$AG$307=A23)*($AH$8:$AH$307=B23),0)) -> MM-204 | L23: =INDEX($AK$8:$AK$307,MATCH(1,($AG$8:$AG$307=A23)*($AH$8:$AH$307=B23),0)) -> FX-B | AE23: BR-016 | AF23: 46146 | AG23: ="W"&INT((AF23-MIN($AF$8:$AF$307))/7)+1 -> W1 | AH23: First | AI23: PB-01-F | AJ23: P1F16 | AK23: FX-A | AL23: CL-771 | AM23: GM-17 | AN23: 49.995 | AO23: mm
A24: W5 | B24: First | C24: =COUNTIFS($AG$8:$AG$307,A24,$AH$8:$AH$307,B24) -> 25 | D24: =AVERAGEIFS($AN$8:$AN$307,$AG$8:$AG$307,A24,$AH$8:$AH$307,B24) -> 49.9976 | E24: =MIN(IF(($AG$8:$AG$307=A24)*($AH$8:$AH$307=B24),$AN$8:$AN$307)) -> 0 | F24: =MAX(IF(($AG$8:$AG$307=A24)*($AH$8:$AH$307=B24),$AN$8:$AN$307)) -> 0 | G24: =SQRT(SUMPRODUCT(($AG$8:$AG$307=A24)*($AH$8:$AH$307=B24)*($AN$8:$AN$307-D24)^2)/(C24-1)) -> 0.0034880749 | H24: =$B$8-D24 -> 0.0424 | I24: =COUNTIFS($AG$8:$AG$307,A24,$AH$8:$AH$307,B24,$AN$8:$AN$307,">"&$B$8) -> 0 | J24: =COUNTIFS($AG$8:$AG$307,A24,$AH$8:$AH$307,B24,$AN$8:$AN$307,"<"&$B$9) -> 0 | K24: =INDEX($AL$8:$AL$307,MATCH(1,($AG$8:$AG$307=A24)*($AH$8:$AH$307=B24),0)) -> CL-772 | L24: =INDEX($AK$8:$AK$307,MATCH(1,($AG$8:$AG$307=A24)*($AH$8:$AH$307=B24),0)) -> FX-A | AE24: BR-017 | AF24: 46147 | AG24: ="W"&INT((AF24-MIN($AF$8:$AF$307))/7)+1 -> W1 | AH24: First | AI24: PB-01-F | AJ24: P1F17 | AK24: FX-A | AL24: CL-771 | AM24: GM-17 | AN24: 49.996 | AO24: mm
A25: W5 | B25: Second | C25: =COUNTIFS($AG$8:$AG$307,A25,$AH$8:$AH$307,B25) -> 25 | D25: =AVERAGEIFS($AN$8:$AN$307,$AG$8:$AG$307,A25,$AH$8:$AH$307,B25) -> 50.0276 | E25: =MIN(IF(($AG$8:$AG$307=A25)*($AH$8:$AH$307=B25),$AN$8:$AN$307)) -> 0 | F25: =MAX(IF(($AG$8:$AG$307=A25)*($AH$8:$AH$307=B25),$AN$8:$AN$307)) -> 0 | G25: =SQRT(SUMPRODUCT(($AG$8:$AG$307=A25)*($AH$8:$AH$307=B25)*($AN$8:$AN$307-D25)^2)/(C25-1)) -> 0.0034880749 | H25: =$B$8-D25 -> 0.0124 | I25: =COUNTIFS($AG$8:$AG$307,A25,$AH$8:$AH$307,B25,$AN$8:$AN$307,">"&$B$8) -> 0 | J25: =COUNTIFS($AG$8:$AG$307,A25,$AH$8:$AH$307,B25,$AN$8:$AN$307,"<"&$B$9) -> 0 | K25: =INDEX($AL$8:$AL$307,MATCH(1,($AG$8:$AG$307=A25)*($AH$8:$AH$307=B25),0)) -> MM-204 | L25: =INDEX($AK$8:$AK$307,MATCH(1,($AG$8:$AG$307=A25)*($AH$8:$AH$307=B25),0)) -> FX-B | AE25: BR-018 | AF25: 46148 | AG25: ="W"&INT((AF25-MIN($AF$8:$AF$307))/7)+1 -> W1 | AH25: First | AI25: PB-01-F | AJ25: P1F18 | AK25: FX-A | AL25: CL-771 | AM25: GM-17 | AN25: 49.997 | AO25: mm
A26: W6 | B26: First | C26: =COUNTIFS($AG$8:$AG$307,A26,$AH$8:$AH$307,B26) -> 25 | D26: =AVERAGEIFS($AN$8:$AN$307,$AG$8:$AG$307,A26,$AH$8:$AH$307,B26) -> 49.9986 | E26: =MIN(IF(($AG$8:$AG$307=A26)*($AH$8:$AH$307=B26),$AN$8:$AN$307)) -> 0 | F26: =MAX(IF(($AG$8:$AG$307=A26)*($AH$8:$AH$307=B26),$AN$8:$AN$307)) -> 0 | G26: =SQRT(SUMPRODUCT(($AG$8:$AG$307=A26)*($AH$8:$AH$307=B26)*($AN$8:$AN$307-D26)^2)/(C26-1)) -> 0.0034880749 | H26: =$B$8-D26 -> 0.0414 | I26: =COUNTIFS($AG$8:$AG$307,A26,$AH$8:$AH$307,B26,$AN$8:$AN$307,">"&$B$8) -> 0 | J26: =COUNTIFS($AG$8:$AG$307,A26,$AH$8:$AH$307,B26,$AN$8:$AN$307,"<"&$B$9) -> 0 | K26: =INDEX($AL$8:$AL$307,MATCH(1,($AG$8:$AG$307=A26)*($AH$8:$AH$307=B26),0)) -> CL-772 | L26: =INDEX($AK$8:$AK$307,MATCH(1,($AG$8:$AG$307=A26)*($AH$8:$AH$307=B26),0)) -> FX-A | AE26: BR-019 | AF26: 46149 | AG26: ="W"&INT((AF26-MIN($AF$8:$AF$307))/7)+1 -> W1 | AH26: First | AI26: PB-01-F | AJ26: P1F19 | AK26: FX-A | AL26: CL-771 | AM26: GM-17 | AN26: 49.998 | AO26: mm
A27: W6 | B27: Second | C27: =COUNTIFS($AG$8:$AG$307,A27,$AH$8:$AH$307,B27) -> 25 | D27: =AVERAGEIFS($AN$8:$AN$307,$AG$8:$AG$307,A27,$AH$8:$AH$307,B27) -> 50.0336 | E27: =MIN(IF(($AG$8:$AG$307=A27)*($AH$8:$AH$307=B27),$AN$8:$AN$307)) -> 0 | F27: =MAX(IF(($AG$8:$AG$307=A27)*($AH$8:$AH$307=B27),$AN$8:$AN$307)) -> 0 | G27: =SQRT(SUMPRODUCT(($AG$8:$AG$307=A27)*($AH$8:$AH$307=B27)*($AN$8:$AN$307-D27)^2)/(C27-1)) -> 0.0034880749 | H27: =$B$8-D27 -> 0.0064 | I27: =COUNTIFS($AG$8:$AG$307,A27,$AH$8:$AH$307,B27,$AN$8:$AN$307,">"&$B$8) -> 0 | J27: =COUNTIFS($AG$8:$AG$307,A27,$AH$8:$AH$307,B27,$AN$8:$AN$307,"<"&$B$9) -> 0 | K27: =INDEX($AL$8:$AL$307,MATCH(1,($AG$8:$AG$307=A27)*($AH$8:$AH$307=B27),0)) -> MM-204 | L27: =INDEX($AK$8:$AK$307,MATCH(1,($AG$8:$AG$307=A27)*($AH$8:$AH$307=B27),0)) -> FX-B | AE27: BR-020 | AF27: 46150 | AG27: ="W"&INT((AF27-MIN($AF$8:$AF$307))/7)+1 -> W1 | AH27: First | AI27: PB-01-F | AJ27: P1F20 | AK27: FX-A | AL27: CL-771 | AM27: GM-17 | AN27: 49.999 | AO27: mm
AE28: BR-021 | AF28: 46146 | AG28: ="W"&INT((AF28-MIN($AF$8:$AF$307))/7)+1 -> W1 | AH28: First | AI28: PB-01-F | AJ28: P1F21 | AK28: FX-A | AL28: CL-771 | AM28: GM-17 | AN28: 50 | AO28: mm
A29: Trend measures and check-threshold derivation | AE29: BR-022 | AF29: 46147 | AG29: ="W"&INT((AF29-MIN($AF$8:$AF$307))/7)+1 -> W1 | AH29: First | AI29: PB-01-F | AJ29: P1F22 | AK29: FX-A | AL29: CL-771 | AM29: GM-17 | AN29: 50.001 | AO29: mm
A30: Measure | B30: Formula / rule | C30: Result | D30: Unit | E30: Evidence key | AE30: BR-023 | AF30: 46148 | AG30: ="W"&INT((AF30-MIN($AF$8:$AF$307))/7)+1 -> W1 | AH30: First | AI30: PB-01-F | AJ30: P1F23 | AK30: FX-A | AL30: CL-771 | AM30: GM-17 | AN30: 50.002 | AO30: mm
A31: Six-week First change | B31: W6 First mean - W1 First mean | C31: =D26-D16 -> 0.001 | D31: mm | E31: E01 | AE31: BR-024 | AF31: 46149 | AG31: ="W"&INT((AF31-MIN($AF$8:$AF$307))/7)+1 -> W1 | AH31: First | AI31: PB-01-F | AJ31: P1F24 | AK31: FX-A | AL31: CL-771 | AM31: GM-17 | AN31: 50.003 | AO31: mm
A32: Six-week Second change | B32: W6 Second mean - W1 Second mean | C32: =D27-D17 -> 0.03 | D32: mm | E32: E01 | AE32: BR-025 | AF32: 46150 | AG32: ="W"&INT((AF32-MIN($AF$8:$AF$307))/7)+1 -> W1 | AH32: First | AI32: PB-01-F | AJ32: P1F25 | AK32: FX-A | AL32: CL-771 | AM32: GM-17 | AN32: 50 | AO32: mm
A33: W6 shift gap | B33: W6 Second mean - W6 First mean | C33: =D27-D26 -> 0.035 | D33: mm | E33: E01 | AE33: BR-026 | AF33: 46146 | AG33: ="W"&INT((AF33-MIN($AF$8:$AF$307))/7)+1 -> W1 | AH33: Second | AI33: PB-01-S | AJ33: P1S01 | AK33: FX-B | AL33: CL-771 | AM33: GM-22 | AN33: 49.998 | AO33: mm
A34: First weekly slope | B34: Least-squares slope for six ordered weekly means | C34: =(-2.5*D16-1.5*D18-0.5*D20+0.5*D22+1.5*D24+2.5*D26)/17.5 -> 8.5714286e-05 | D34: mm/week | E34: E01 | AE34: BR-027 | AF34: 46147 | AG34: ="W"&INT((AF34-MIN($AF$8:$AF$307))/7)+1 -> W1 | AH34: Second | AI34: PB-01-S | AJ34: P1S02 | AK34: FX-B | AL34: CL-771 | AM34: GM-22 | AN34: 49.999 | AO34: mm
A35: Second weekly slope | B35: Least-squares slope for six ordered weekly means | C35: =(-2.5*D17-1.5*D19-0.5*D21+0.5*D23+1.5*D25+2.5*D27)/17.5 -> 0.006 | D35: mm/week | E35: E01 | AE35: BR-028 | AF35: 46148 | AG35: ="W"&INT((AF35-MIN($AF$8:$AF$307))/7)+1 -> W1 | AH35: Second | AI35: PB-01-S | AJ35: P1S03 | AK35: FX-B | AL35: CL-771 | AM35: GM-22 | AN35: 50 | AO35: mm
A36: Check threshold | B36: ASSUMPTION: half of W6 shift gap, rounded to source gauge resolution | C36: =ROUND(C33/2/$B$10,0)*$B$10 -> 0.018 | D36: mm | E36: E01; E03 | AE36: BR-029 | AF36: 46149 | AG36: ="W"&INT((AF36-MIN($AF$8:$AF$307))/7)+1 -> W1 | AH36: Second | AI36: PB-01-S | AJ36: P1S04 | AK36: FX-B | AL36: CL-771 | AM36: GM-22 | AN36: 50.001 | AO36: mm
AE37: BR-030 | AF37: 46150 | AG37: ="W"&INT((AF37-MIN($AF$8:$AF$307))/7)+1 -> W1 | AH37: Second | AI37: PB-01-S | AJ37: P1S05 | AK37: FX-B | AL37: CL-771 | AM37: GM-22 | AN37: 50.002 | AO37: mm
A38: Hypothesis comparison (source facts vs. provisional decision rule) | AE38: BR-031 | AF38: 46146 | AG38: ="W"&INT((AF38-MIN($AF$8:$AF$307))/7)+1 -> W1 | AH38: Second | AI38: PB-01-S | AJ38: P1S06 | AK38: FX-B | AL38: CL-771 | AM38: GM-22 | AN38: 50.003 | AO38: mm
A39: Candidate cause | B39: Supporting sourced fact | C39: Weakening sourced fact | D39: Separate criterion score | E39: Why it remains live | F39: Evidence keys | H39: Decision rule (assumption) | AE39: BR-032 | AF39: 46147 | AG39: ="W"&INT((AF39-MIN($AF$8:$AF$307))/7)+1 -> W1 | AH39: Second | AI39: PB-01-S | AJ39: P1S07 | AK39: FX-B | AL39: CL-771 | AM39: GM-22 | AN39: 50.004 | AO39: mm
A40: Fixture wear | B40: FX-B cycles rise 840 to 1,090 during second-shift drift. | C40: Mandatory service was not overdue and visual inspection passed; FX-A has no comparable rise. | D40: =1+1 -> 2 | E40: Temporal fit; direct physical path remains untested. | F40: E05; E06; E07 | H40: Score = 1 per independently stated supporting fact, plus 1 only where source directly documents shift-specific technique / no competing offset record. Equal weighting; not a causal probability. | AE40: BR-033 | AF40: 46148 | AG40: ="W"&INT((AF40-MIN($AF$8:$AF$307))/7)+1 -> W1 | AH40: Second | AI40: PB-01-S | AJ40: P1S08 | AK40: FX-B | AL40: CL-771 | AM40: GM-22 | AN40: 50.005 | AO40: mm
A41: Recent coil-supplier change | B41: MM-204, the new Meridian lot, is used on second shift from W3. | C41: MM-204 incoming chemistry and acceptance were within internal receiving statement; it does not prove machinability. | D41: =1+1 -> 2 | E41: Shift-specific lot usage aligns from W3, but incoming acceptance is not causal proof. | F41: E08; E09 | AE41: BR-034 | AF41: 46149 | AG41: ="W"&INT((AF41-MIN($AF$8:$AF$307))/7)+1 -> W1 | AH41: Second | AI41: PB-01-S | AJ41: P1S09 | AK41: FX-B | AL41: CL-771 | AM41: GM-22 | AN41: 50.006 | AO41: mm
A42: Night ambient temperature | B42: Second-shift ambient rises 19 C to 24 C across W1-W6. | C42: All logged temperatures remain within facility 18 C to 26 C operating band. | D42: =1+1 -> 2 | E42: Tracks time but available record does not isolate thermal influence. | F42: E10; E11 | H42: Preferred cause | I42: =INDEX(A40:A43,MATCH(MAX(D40:D43),D40:D43,0)) -> Second-shift gauge technique | AE42: BR-035 | AF42: 46150 | AG42: ="W"&INT((AF42-MIN($AF$8:$AF$307))/7)+1 -> W1 | AH42: Second | AI42: PB-01-S | AJ42: P1S10 | AK42: FX-B | AL42: CL-771 | AM42: GM-22 | AN42: 50.007 | AO42: mm
A43: Second-shift gauge technique | B43: GO-01 documents GM-22 single-sweep technique; 6-part screen was +0.006 mm. | C43: Screening comparison is explicitly not a completed measurement-system study. | D43: =1+1+1 -> 3 | E43: Directly shift-specific, no first-shift rise or commanded offset change, and fastest to challenge before shipment. | F43: E12; E13; E14 | H43: Confidence boundary | I43: Moderate, provisional: all four have comparable historical timing; no formal measurement study or designed causal study is present. | AE43: BR-036 | AF43: 46146 | AG43: ="W"&INT((AF43-MIN($AF$8:$AF$307))/7)+1 -> W1 | AH43: Second | AI43: PB-01-S | AJ43: P1S11 | AK43: FX-B | AL43: CL-771 | AM43: GM-22 | AN43: 50.008 | AO43: mm
AE44: BR-037 | AF44: 46147 | AG44: ="W"&INT((AF44-MIN($AF$8:$AF$307))/7)+1 -> W1 | AH44: Second | AI44: PB-01-S | AJ44: P1S12 | AK44: FX-B | AL44: CL-771 | AM44: GM-22 | AN44: 50.009 | AO44: mm
AE45: BR-038 | AF45: 46148 | AG45: ="W"&INT((AF45-MIN($AF$8:$AF$307))/7)+1 -> W1 | AH45: Second | AI45: PB-01-S | AJ45: P1S13 | AK45: FX-B | AL45: CL-771 | AM45: GM-22 | AN45: 49.998 | AO45: mm
A46: Containment cost and deadline feasibility (derived) | AE46: BR-039 | AF46: 46149 | AG46: ="W"&INT((AF46-MIN($AF$8:$AF$307))/7)+1 -> W1 | AH46: Second | AI46: PB-01-S | AJ46: P1S14 | AK46: FX-B | AL46: CL-771 | AM46: GM-22 | AN46: 49.999 | AO46: mm
A47: Option ID | B47: Containment | C47: Quantity | D47: Unit rate | E47: Fixed charge | F47: Extended cost | G47: Budget status | H47: Scheduled completion | I47: Cutoff status | J47: Shipment protection | M47: Shipment cutoff | AE47: BR-040 | AF47: 46150 | AG47: ="W"&INT((AF47-MIN($AF$8:$AF$307))/7)+1 -> W1 | AH47: Second | AI47: PB-01-S | AJ47: P1S15 | AK47: FX-B | AL47: CL-771 | AM47: GM-22 | AN47: 50 | AO47: mm
A48: CO-01 | B48: Independent verification gate | C48: 50 | D48: 6.4 | E48: 85 | F48: =ROUND(C48*D48+E48,2) -> 405 | G48: =IF(F48<=$B$7,"Within $600.00 budget","Over $600.00 budget") -> Over $600.00 budget | H48: 46190.625 | I48: =IF(H48<=Model!$M$48,"By cutoff","After cutoff") -> By cutoff | J48: Independent measurement before release | M48: 46191.708 | AE48: BR-041 | AF48: 46146 | AG48: ="W"&INT((AF48-MIN($AF$8:$AF$307))/7)+1 -> W1 | AH48: Second | AI48: PB-01-S | AJ48: P1S16 | AK48: FX-B | AL48: CL-771 | AM48: GM-22 | AN48: 50.001 | AO48: mm
A49: CO-02 | B49: FX-B inspection and replacement | C49: 6 | D49: 82.5 | E49: 220 | F49: =ROUND(C49*D49+E49,2) -> 715 | G49: =IF(F49<=$B$7,"Within $600.00 budget","Over $600.00 budget") -> Over $600.00 budget | H49: 46195.708 | I49: =IF(H49<=Model!$M$48,"By cutoff","After cutoff") -> After cutoff | J49: Addresses fixture only; no independent release measurement | AE49: BR-042 | AF49: 46147 | AG49: ="W"&INT((AF49-MIN($AF$8:$AF$307))/7)+1 -> W1 | AH49: Second | AI49: PB-01-S | AJ49: P1S17 | AK49: FX-B | AL49: CL-771 | AM49: GM-22 | AN49: 50.002 | AO49: mm
A50: CO-03 | B50: Material lot hold and incoming review | C50: 1 | D50: 180 | E50: 40 | F50: =ROUND(C50*D50+E50,2) -> 220 | G50: =IF(F50<=$B$7,"Within $600.00 budget","Over $600.00 budget") -> Within $600.00 budget | H50: 46190.667 | I50: =IF(H50<=Model!$M$48,"By cutoff","After cutoff") -> By cutoff | J50: Stops MM-204 use; does not verify held parts | AE50: BR-043 | AF50: 46148 | AG50: ="W"&INT((AF50-MIN($AF$8:$AF$307))/7)+1 -> W1 | AH50: Second | AI50: PB-01-S | AJ50: P1S18 | AK50: FX-B | AL50: CL-771 | AM50: GM-22 | AN50: 50.003 | AO50: mm
A51: CO-04 | B51: Night ambient restriction | C51: 8 | D51: 55 | E51: 60 | F51: =ROUND(C51*D51+E51,2) -> 500 | G51: =IF(F51<=$B$7,"Within $600.00 budget","Over $600.00 budget") -> Over $600.00 budget | H51: 46191.75 | I51: =IF(H51<=Model!$M$48,"By cutoff","After cutoff") -> After cutoff | J51: Changes condition; no independent release measurement | AE51: BR-044 | AF51: 46149 | AG51: ="W"&INT((AF51-MIN($AF$8:$AF$307))/7)+1 -> W1 | AH51: Second | AI51: PB-01-S | AJ51: P1S19 | AK51: FX-B | AL51: CL-771 | AM51: GM-22 | AN51: 50.004 | AO51: mm
AE52: BR-045 | AF52: 46150 | AG52: ="W"&INT((AF52-MIN($AF$8:$AF$307))/7)+1 -> W1 | AH52: Second | AI52: PB-01-S | AJ52: P1S20 | AK52: FX-B | AL52: CL-771 | AM52: GM-22 | AN52: 50.005 | AO52: mm
A53: Recommended containment | B53: =B48 -> Independent verification gate | D53: Cost | E53: =F48 -> 405 | G53: Completion | H53: =H48 -> 46190.625 | AE53: BR-046 | AF53: 46146 | AG53: ="W"&INT((AF53-MIN($AF$8:$AF$307))/7)+1 -> W1 | AH53: Second | AI53: PB-01-S | AJ53: P1S21 | AK53: FX-B | AL53: CL-771 | AM53: GM-22 | AN53: 50.006 | AO53: mm
AE54: BR-047 | AF54: 46147 | AG54: ="W"&INT((AF54-MIN($AF$8:$AF$307))/7)+1 -> W1 | AH54: Second | AI54: PB-01-S | AJ54: P1S22 | AK54: FX-B | AL54: CL-771 | AM54: GM-22 | AN54: 50.007 | AO54: mm
AE55: BR-048 | AF55: 46148 | AG55: ="W"&INT((AF55-MIN($AF$8:$AF$307))/7)+1 -> W1 | AH55: Second | AI55: PB-01-S | AJ55: P1S23 | AK55: FX-B | AL55: CL-771 | AM55: GM-22 | AN55: 50.008 | AO55: mm
A56: Explicit assumptions and limits | AE56: BR-049 | AF56: 46149 | AG56: ="W"&INT((AF56-MIN($AF$8:$AF$307))/7)+1 -> W1 | AH56: Second | AI56: PB-01-S | AJ56: P1S24 | AK56: FX-B | AL56: CL-771 | AM56: GM-22 | AN56: 50.009 | AO56: mm
A57: ID | B57: Assumption (not sourced fact) | C57: Use | AE57: BR-050 | AF57: 46150 | AG57: ="W"&INT((AF57-MIN($AF$8:$AF$307))/7)+1 -> W1 | AH57: Second | AI57: PB-01-S | AJ57: P1S25 | AK57: FX-B | AL57: CL-771 | AM57: GM-22 | AN57: 50.006 | AO57: mm
A58: A01 | B58: Historical co-movement cannot prove physical causation; the rank is a provisional shipment decision. | C58: Decision interpretation | AE58: BR-051 | AF58: 46153 | AG58: ="W"&INT((AF58-MIN($AF$8:$AF$307))/7)+1 -> W2 | AH58: First | AI58: PB-02-F | AJ58: P2F01 | AK58: FX-A | AL58: CL-771 | AM58: GM-17 | AN58: 49.993 | AO58: mm
A59: A02 | B59: The half-gap threshold is a practical adequacy rule, not an external technical limit; it is rounded to 0.001 mm source resolution. | C59: Check decision rule | AE59: BR-052 | AF59: 46154 | AG59: ="W"&INT((AF59-MIN($AF$8:$AF$307))/7)+1 -> W2 | AH59: First | AI59: PB-02-F | AJ59: P2F02 | AK59: FX-A | AL59: CL-771 | AM59: GM-17 | AN59: 49.994 | AO59: mm
A60: A03 | B60: Independent SB-09 remeasurement is treated as sufficiently independent because it uses a separate station and standardized hold; its outcome tests the GM-22 technique explanation. | C60: Check design | AE60: BR-053 | AF60: 46155 | AG60: ="W"&INT((AF60-MIN($AF$8:$AF$307))/7)+1 -> W2 | AH60: First | AI60: PB-02-F | AJ60: P2F03 | AK60: FX-A | AL60: CL-771 | AM60: GM-17 | AN60: 49.995 | AO60: mm
AE61: BR-054 | AF61: 46156 | AG61: ="W"&INT((AF61-MIN($AF$8:$AF$307))/7)+1 -> W2 | AH61: First | AI61: PB-02-F | AJ61: P2F04 | AK61: FX-A | AL61: CL-771 | AM61: GM-17 | AN61: 49.996 | AO61: mm
AE62: BR-055 | AF62: 46157 | AG62: ="W"&INT((AF62-MIN($AF$8:$AF$307))/7)+1 -> W2 | AH62: First | AI62: PB-02-F | AJ62: P2F05 | AK62: FX-A | AL62: CL-771 | AM62: GM-17 | AN62: 49.997 | AO62: mm
AE63: BR-056 | AF63: 46153 | AG63: ="W"&INT((AF63-MIN($AF$8:$AF$307))/7)+1 -> W2 | AH63: First | AI63: PB-02-F | AJ63: P2F06 | AK63: FX-A | AL63: CL-771 | AM63: GM-17 | AN63: 49.998 | AO63: mm
AE64: BR-057 | AF64: 46154 | AG64: ="W"&INT((AF64-MIN($AF$8:$AF$307))/7)+1 -> W2 | AH64: First | AI64: PB-02-F | AJ64: P2F07 | AK64: FX-A | AL64: CL-771 | AM64: GM-17 | AN64: 49.999 | AO64: mm
AE65: BR-058 | AF65: 46155 | AG65: ="W"&INT((AF65-MIN($AF$8:$AF$307))/7)+1 -> W2 | AH65: First | AI65: PB-02-F | AJ65: P2F08 | AK65: FX-A | AL65: CL-771 | AM65: GM-17 | AN65: 50 | AO65: mm
AE66: BR-059 | AF66: 46156 | AG66: ="W"&INT((AF66-MIN($AF$8:$AF$307))/7)+1 -> W2 | AH66: First | AI66: PB-02-F | AJ66: P2F09 | AK66: FX-A | AL66: CL-771 | AM66: GM-17 | AN66: 50.001 | AO66: mm
AE67: BR-060 | AF67: 46157 | AG67: ="W"&INT((AF67-MIN($AF$8:$AF$307))/7)+1 -> W2 | AH67: First | AI67: PB-02-F | AJ67: P2F10 | AK67: FX-A | AL67: CL-771 | AM67: GM-17 | AN67: 50.002 | AO67: mm
AE68: BR-061 | AF68: 46153 | AG68: ="W"&INT((AF68-MIN($AF$8:$AF$307))/7)+1 -> W2 | AH68: First | AI68: PB-02-F | AJ68: P2F11 | AK68: FX-A | AL68: CL-771 | AM68: GM-17 | AN68: 50.003 | AO68: mm
AE69: BR-062 | AF69: 46154 | AG69: ="W"&INT((AF69-MIN($AF$8:$AF$307))/7)+1 -> W2 | AH69: First | AI69: PB-02-F | AJ69: P2F12 | AK69: FX-A | AL69: CL-771 | AM69: GM-17 | AN69: 50.004 | AO69: mm
AE70: BR-063 | AF70: 46155 | AG70: ="W"&INT((AF70-MIN($AF$8:$AF$307))/7)+1 -> W2 | AH70: First | AI70: PB-02-F | AJ70: P2F13 | AK70: FX-A | AL70: CL-771 | AM70: GM-17 | AN70: 49.993 | AO70: mm
AE71: BR-064 | AF71: 46156 | AG71: ="W"&INT((AF71-MIN($AF$8:$AF$307))/7)+1 -> W2 | AH71: First | AI71: PB-02-F | AJ71: P2F14 | AK71: FX-A | AL71: CL-771 | AM71: GM-17 | AN71: 49.994 | AO71: mm
AE72: BR-065 | AF72: 46157 | AG72: ="W"&INT((AF72-MIN($AF$8:$AF$307))/7)+1 -> W2 | AH72: First | AI72: PB-02-F | AJ72: P2F15 | AK72: FX-A | AL72: CL-771 | AM72: GM-17 | AN72: 49.995 | AO72: mm
... AE307: BR-300 | AF307: 46185 | AG307: ="W"&INT((AF307-MIN($AF$8:$AF$307))/7)+1 -> W6 | AH307: Second | AI307: PB-06-S | AJ307: P6S25 | AK307: FX-B | AL307: MM-204 | AM307: GM-22 | AN307: 50.036 | AO307: mm
