Workbook
Name EntityChoices: 'Source Rules'!$J$6:$J$7
Name ProgramChoices: 'Source Rules'!$K$6:$K$10
Name StatusChoices: 'Source Rules'!$L$6:$L$9
Name PeriodChoices: 'Source Rules'!$N$6:$N$7

Sheet Instructions
A1: Rebate Claim Workbook — Cavendish Agricultural
A3: Purpose | B3: Blank operating template for supplier-rebate claim assembly and audit review.
A4: Close period
A6: How to use this workbook
A7: 1. Enter facts once | B7: Use the yellow cells on Entry for one invoice line per row. Leave non-applicable return quantity blank; select NO-PROGRAM when no adjustment applies.
A8: 2. Do not overwrite calculations | B8: Calculation is blue/grey and formula-driven. It shows READY, NOT READY, or blank before any calculation result.
A9: 3. Use controlled choices | B9: Operating entity, program / adjustment type, and review status are dropdown lists sourced from the agreement and quarterly program.
A10: 4. Follow the source trail | B10: Calculation exposes source clause / program reference and a short rule description for each populated line. Full assumptions are on Source Rules.
A11: 5. Review the close | B11: Summary is formula-driven from Calculation. The line count treats a repeated entity + invoice ID + invoice line reference as one entered line.
A12: 6. Reserved follow-up | B12: The bordered area below is intentionally empty for later completion or follow-up. Do not pre-populate it during template setup.
A15: Controlled review-status choices
A16: Open — clerk entry | B16: Facts are being assembled.
A17: Ready for controller review | B17: Required facts are complete.
A18: Hold — source fact needed | B18: Do not treat the line as ready.
A19: Reviewed — follow-up noted | B19: Reviewer follow-up has been recorded elsewhere.
A22: Reserved for later completion / follow-up note

Sheet Entry
A1: Invoice-Line Entry — Cavendish Agricultural
A3: Close period | D3: Yellow cells are clerk-entry cells. Use one invoice line per row.
A4: Required facts: entity, invoice ID/line, item, date, quantity, unit price, program / adjustment type, period, and review status.
A6: Operating Entity | B6: Invoice ID | C6: Invoice Line | D6: Supplier Item | E6: Invoice Date | F6: Quantity | G6: Unit Price | H6: Return Quantity | I6: Program / Adjustment Type | J6: Quarter / Period | K6: Review Status

Sheet Calculation
A1: Formula Calculation & Source Trail
A3: Read-only formula view. Blank = no entry; NOT READY = incomplete facts; READY = result calculated.
A4: All amounts are shown as positive claim credits unless Return Effect reverses a credit.
A6: Entry Row | B6: Operating Entity | C6: Invoice ID | D6: Invoice Line | E6: Supplier Item | F6: Quarter / Period | G6: Calculation Status | H6: Base Line Value | I6: Cumulative Eligible Qty | J6: Volume-Tier Rebate | K6: Promotional Deviation | L6: Return Effect | M6: Following-Quarter Price-Protection Credit | N6: Claimable Rebate Total | O6: Source Clause / Program Reference | P6: Rule Description
A7: =IF(Entry!A7="","",ROW()-6) | B7: =IF(Entry!A7="","",Entry!A7) | C7: =IF(Entry!A7="","",Entry!B7) | D7: =IF(Entry!A7="","",Entry!C7) | E7: =IF(Entry!A7="","",Entry!D7) | F7: =IF(Entry!A7="","",Entry!J7) | G7: =IF(COUNTA(Entry!A7:K7)=0,"",IF(OR(Entry!A7="",Entry!B7="",Entry!C7="",Entry!D7="",Entry!E7="",Entry!F7="",Entry!G7="",Entry!I7="",Entry!J7="",Entry!K7=""),"NOT READY — complete required facts","READY")) | H7: =IF($G7<>"READY","",Entry!F7*Entry!G7) | I7: =IF($G7<>"READY","",SUMIFS(Entry!$F$7:$F$206,Entry!$A$7:$A$206,Entry!A7,Entry!$J$7:$J$206,Entry!J7)) | J7: =IF($G7<>"READY","",$H7*LOOKUP($I7,'Source Rules'!$F$6:$F$9,'Source Rules'!$G$6:$G$9)) | K7: =IF($G7<>"READY","",IFERROR($H7*SUMIFS('Source Rules'!$G$10:$G$11,'Source Rules'!$E$10:$E$11,Entry!I7,'Source Rules'!$D$10:$D$11,Entry!J7),0)) | L7: =IF($G7<>"READY","",IF(Entry!H7="","",IF(AND(Entry!I7="RETURN-POSTTIER",$I7>=SUMIFS('Source Rules'!$F$12:$F$12,'Source Rules'!$E$12:$E$12,Entry!I7)), -Entry!H7*Entry!G7*LOOKUP($I7,'Source Rules'!$F$6:$F$9,'Source Rules'!$G$6:$G$9),0))) | M7: =IF($G7<>"READY","",IF(Entry!I7="PP-Q1-FOLLOWON",MAX(0,Entry!F7-IF(Entry!H7="",0,Entry!H7))*SUMIFS('Source Rules'!$G$13:$G$13,'Source Rules'!$E$13:$E$13,Entry!I7,'Source Rules'!$D$13:$D$13,Entry!J7),0)) | N7: =IF($G7<>"READY","",SUM($J7:$M7)) | O7: =IF(COUNTA(Entry!A7:K7)=0,"",IF(Entry!I7="","Rule selection pending",IF(Entry!I7="NO-PROGRAM","AGR §3.1 / §3.2; QP-VT", "AGR §3.1 / §3.2; "&IFERROR(INDEX('Source Rules'!$B$10:$B$13,MATCH(Entry!I7,'Source Rules'!$E$10:$E$13,0)),"Rule selection pending")))) | P7: =IF(COUNTA(Entry!A7:K7)=0,"",IF(Entry!I7="","Program or adjustment type must be selected before calculation.",IF(Entry!I7="NO-PROGRAM","Base line value with the applicable cumulative volume-tier rate.",IFERROR("Base-and-tier rebate; "&INDEX('Source Rules'!$H$10:$H$13,MATCH(Entry!I7,'Source Rules'!$E$10:$E$13,0)),"Program source not found"))))
A8: =IF(Entry!A8="","",ROW()-6) | B8: =IF(Entry!A8="","",Entry!A8) | C8: =IF(Entry!A8="","",Entry!B8) | D8: =IF(Entry!A8="","",Entry!C8) | E8: =IF(Entry!A8="","",Entry!D8) | F8: =IF(Entry!A8="","",Entry!J8) | G8: =IF(COUNTA(Entry!A8:K8)=0,"",IF(OR(Entry!A8="",Entry!B8="",Entry!C8="",Entry!D8="",Entry!E8="",Entry!F8="",Entry!G8="",Entry!I8="",Entry!J8="",Entry!K8=""),"NOT READY — complete required facts","READY")) | H8: =IF($G8<>"READY","",Entry!F8*Entry!G8) | I8: =IF($G8<>"READY","",SUMIFS(Entry!$F$7:$F$206,Entry!$A$7:$A$206,Entry!A8,Entry!$J$7:$J$206,Entry!J8)) | J8: =IF($G8<>"READY","",$H8*LOOKUP($I8,'Source Rules'!$F$6:$F$9,'Source Rules'!$G$6:$G$9)) | K8: =IF($G8<>"READY","",IFERROR($H8*SUMIFS('Source Rules'!$G$10:$G$11,'Source Rules'!$E$10:$E$11,Entry!I8,'Source Rules'!$D$10:$D$11,Entry!J8),0)) | L8: =IF($G8<>"READY","",IF(Entry!H8="","",IF(AND(Entry!I8="RETURN-POSTTIER",$I8>=SUMIFS('Source Rules'!$F$12:$F$12,'Source Rules'!$E$12:$E$12,Entry!I8)), -Entry!H8*Entry!G8*LOOKUP($I8,'Source Rules'!$F$6:$F$9,'Source Rules'!$G$6:$G$9),0))) | M8: =IF($G8<>"READY","",IF(Entry!I8="PP-Q1-FOLLOWON",MAX(0,Entry!F8-IF(Entry!H8="",0,Entry!H8))*SUMIFS('Source Rules'!$G$13:$G$13,'Source Rules'!$E$13:$E$13,Entry!I8,'Source Rules'!$D$13:$D$13,Entry!J8),0)) | N8: =IF($G8<>"READY","",SUM($J8:$M8)) | O8: =IF(COUNTA(Entry!A8:K8)=0,"",IF(Entry!I8="","Rule selection pending",IF(Entry!I8="NO-PROGRAM","AGR §3.1 / §3.2; QP-VT", "AGR §3.1 / §3.2; "&IFERROR(INDEX('Source Rules'!$B$10:$B$13,MATCH(Entry!I8,'Source Rules'!$E$10:$E$13,0)),"Rule selection pending")))) | P8: =IF(COUNTA(Entry!A8:K8)=0,"",IF(Entry!I8="","Program or adjustment type must be selected before calculation.",IF(Entry!I8="NO-PROGRAM","Base line value with the applicable cumulative volume-tier rate.",IFERROR("Base-and-tier rebate; "&INDEX('Source Rules'!$H$10:$H$13,MATCH(Entry!I8,'Source Rules'!$E$10:$E$13,0)),"Program source not found"))))
A9: =IF(Entry!A9="","",ROW()-6) | B9: =IF(Entry!A9="","",Entry!A9) | C9: =IF(Entry!A9="","",Entry!B9) | D9: =IF(Entry!A9="","",Entry!C9) | E9: =IF(Entry!A9="","",Entry!D9) | F9: =IF(Entry!A9="","",Entry!J9) | G9: =IF(COUNTA(Entry!A9:K9)=0,"",IF(OR(Entry!A9="",Entry!B9="",Entry!C9="",Entry!D9="",Entry!E9="",Entry!F9="",Entry!G9="",Entry!I9="",Entry!J9="",Entry!K9=""),"NOT READY — complete required facts","READY")) | H9: =IF($G9<>"READY","",Entry!F9*Entry!G9) | I9: =IF($G9<>"READY","",SUMIFS(Entry!$F$7:$F$206,Entry!$A$7:$A$206,Entry!A9,Entry!$J$7:$J$206,Entry!J9)) | J9: =IF($G9<>"READY","",$H9*LOOKUP($I9,'Source Rules'!$F$6:$F$9,'Source Rules'!$G$6:$G$9)) | K9: =IF($G9<>"READY","",IFERROR($H9*SUMIFS('Source Rules'!$G$10:$G$11,'Source Rules'!$E$10:$E$11,Entry!I9,'Source Rules'!$D$10:$D$11,Entry!J9),0)) | L9: =IF($G9<>"READY","",IF(Entry!H9="","",IF(AND(Entry!I9="RETURN-POSTTIER",$I9>=SUMIFS('Source Rules'!$F$12:$F$12,'Source Rules'!$E$12:$E$12,Entry!I9)), -Entry!H9*Entry!G9*LOOKUP($I9,'Source Rules'!$F$6:$F$9,'Source Rules'!$G$6:$G$9),0))) | M9: =IF($G9<>"READY","",IF(Entry!I9="PP-Q1-FOLLOWON",MAX(0,Entry!F9-IF(Entry!H9="",0,Entry!H9))*SUMIFS('Source Rules'!$G$13:$G$13,'Source Rules'!$E$13:$E$13,Entry!I9,'Source Rules'!$D$13:$D$13,Entry!J9),0)) | N9: =IF($G9<>"READY","",SUM($J9:$M9)) | O9: =IF(COUNTA(Entry!A9:K9)=0,"",IF(Entry!I9="","Rule selection pending",IF(Entry!I9="NO-PROGRAM","AGR §3.1 / §3.2; QP-VT", "AGR §3.1 / §3.2; "&IFERROR(INDEX('Source Rules'!$B$10:$B$13,MATCH(Entry!I9,'Source Rules'!$E$10:$E$13,0)),"Rule selection pending")))) | P9: =IF(COUNTA(Entry!A9:K9)=0,"",IF(Entry!I9="","Program or adjustment type must be selected before calculation.",IF(Entry!I9="NO-PROGRAM","Base line value with the applicable cumulative volume-tier rate.",IFERROR("Base-and-tier rebate; "&INDEX('Source Rules'!$H$10:$H$13,MATCH(Entry!I9,'Source Rules'!$E$10:$E$13,0)),"Program source not found"))))
A10: =IF(Entry!A10="","",ROW()-6) | B10: =IF(Entry!A10="","",Entry!A10) | C10: =IF(Entry!A10="","",Entry!B10) | D10: =IF(Entry!A10="","",Entry!C10) | E10: =IF(Entry!A10="","",Entry!D10) | F10: =IF(Entry!A10="","",Entry!J10) | G10: =IF(COUNTA(Entry!A10:K10)=0,"",IF(OR(Entry!A10="",Entry!B10="",Entry!C10="",Entry!D10="",Entry!E10="",Entry!F10="",Entry!G10="",Entry!I10="",Entry!J10="",Entry!K10=""),"NOT READY — complete required facts","READY")) | H10: =IF($G10<>"READY","",Entry!F10*Entry!G10) | I10: =IF($G10<>"READY","",SUMIFS(Entry!$F$7:$F$206,Entry!$A$7:$A$206,Entry!A10,Entry!$J$7:$J$206,Entry!J10)) | J10: =IF($G10<>"READY","",$H10*LOOKUP($I10,'Source Rules'!$F$6:$F$9,'Source Rules'!$G$6:$G$9)) | K10: =IF($G10<>"READY","",IFERROR($H10*SUMIFS('Source Rules'!$G$10:$G$11,'Source Rules'!$E$10:$E$11,Entry!I10,'Source Rules'!$D$10:$D$11,Entry!J10),0)) | L10: =IF($G10<>"READY","",IF(Entry!H10="","",IF(AND(Entry!I10="RETURN-POSTTIER",$I10>=SUMIFS('Source Rules'!$F$12:$F$12,'Source Rules'!$E$12:$E$12,Entry!I10)), -Entry!H10*Entry!G10*LOOKUP($I10,'Source Rules'!$F$6:$F$9,'Source Rules'!$G$6:$G$9),0))) | M10: =IF($G10<>"READY","",IF(Entry!I10="PP-Q1-FOLLOWON",MAX(0,Entry!F10-IF(Entry!H10="",0,Entry!H10))*SUMIFS('Source Rules'!$G$13:$G$13,'Source Rules'!$E$13:$E$13,Entry!I10,'Source Rules'!$D$13:$D$13,Entry!J10),0)) | N10: =IF($G10<>"READY","",SUM($J10:$M10)) | O10: =IF(COUNTA(Entry!A10:K10)=0,"",IF(Entry!I10="","Rule selection pending",IF(Entry!I10="NO-PROGRAM","AGR §3.1 / §3.2; QP-VT", "AGR §3.1 / §3.2; "&IFERROR(INDEX('Source Rules'!$B$10:$B$13,MATCH(Entry!I10,'Source Rules'!$E$10:$E$13,0)),"Rule selection pending")))) | P10: =IF(COUNTA(Entry!A10:K10)=0,"",IF(Entry!I10="","Program or adjustment type must be selected before calculation.",IF(Entry!I10="NO-PROGRAM","Base line value with the applicable cumulative volume-tier rate.",IFERROR("Base-and-tier rebate; "&INDEX('Source Rules'!$H$10:$H$13,MATCH(Entry!I10,'Source Rules'!$E$10:$E$13,0)),"Program source not found"))))
A11: =IF(Entry!A11="","",ROW()-6) | B11: =IF(Entry!A11="","",Entry!A11) | C11: =IF(Entry!A11="","",Entry!B11) | D11: =IF(Entry!A11="","",Entry!C11) | E11: =IF(Entry!A11="","",Entry!D11) | F11: =IF(Entry!A11="","",Entry!J11) | G11: =IF(COUNTA(Entry!A11:K11)=0,"",IF(OR(Entry!A11="",Entry!B11="",Entry!C11="",Entry!D11="",Entry!E11="",Entry!F11="",Entry!G11="",Entry!I11="",Entry!J11="",Entry!K11=""),"NOT READY — complete required facts","READY")) | H11: =IF($G11<>"READY","",Entry!F11*Entry!G11) | I11: =IF($G11<>"READY","",SUMIFS(Entry!$F$7:$F$206,Entry!$A$7:$A$206,Entry!A11,Entry!$J$7:$J$206,Entry!J11)) | J11: =IF($G11<>"READY","",$H11*LOOKUP($I11,'Source Rules'!$F$6:$F$9,'Source Rules'!$G$6:$G$9)) | K11: =IF($G11<>"READY","",IFERROR($H11*SUMIFS('Source Rules'!$G$10:$G$11,'Source Rules'!$E$10:$E$11,Entry!I11,'Source Rules'!$D$10:$D$11,Entry!J11),0)) | L11: =IF($G11<>"READY","",IF(Entry!H11="","",IF(AND(Entry!I11="RETURN-POSTTIER",$I11>=SUMIFS('Source Rules'!$F$12:$F$12,'Source Rules'!$E$12:$E$12,Entry!I11)), -Entry!H11*Entry!G11*LOOKUP($I11,'Source Rules'!$F$6:$F$9,'Source Rules'!$G$6:$G$9),0))) | M11: =IF($G11<>"READY","",IF(Entry!I11="PP-Q1-FOLLOWON",MAX(0,Entry!F11-IF(Entry!H11="",0,Entry!H11))*SUMIFS('Source Rules'!$G$13:$G$13,'Source Rules'!$E$13:$E$13,Entry!I11,'Source Rules'!$D$13:$D$13,Entry!J11),0)) | N11: =IF($G11<>"READY","",SUM($J11:$M11)) | O11: =IF(COUNTA(Entry!A11:K11)=0,"",IF(Entry!I11="","Rule selection pending",IF(Entry!I11="NO-PROGRAM","AGR §3.1 / §3.2; QP-VT", "AGR §3.1 / §3.2; "&IFERROR(INDEX('Source Rules'!$B$10:$B$13,MATCH(Entry!I11,'Source Rules'!$E$10:$E$13,0)),"Rule selection pending")))) | P11: =IF(COUNTA(Entry!A11:K11)=0,"",IF(Entry!I11="","Program or adjustment type must be selected before calculation.",IF(Entry!I11="NO-PROGRAM","Base line value with the applicable cumulative volume-tier rate.",IFERROR("Base-and-tier rebate; "&INDEX('Source Rules'!$H$10:$H$13,MATCH(Entry!I11,'Source Rules'!$E$10:$E$13,0)),"Program source not found"))))
A12: =IF(Entry!A12="","",ROW()-6) | B12: =IF(Entry!A12="","",Entry!A12) | C12: =IF(Entry!A12="","",Entry!B12) | D12: =IF(Entry!A12="","",Entry!C12) | E12: =IF(Entry!A12="","",Entry!D12) | F12: =IF(Entry!A12="","",Entry!J12) | G12: =IF(COUNTA(Entry!A12:K12)=0,"",IF(OR(Entry!A12="",Entry!B12="",Entry!C12="",Entry!D12="",Entry!E12="",Entry!F12="",Entry!G12="",Entry!I12="",Entry!J12="",Entry!K12=""),"NOT READY — complete required facts","READY")) | H12: =IF($G12<>"READY","",Entry!F12*Entry!G12) | I12: =IF($G12<>"READY","",SUMIFS(Entry!$F$7:$F$206,Entry!$A$7:$A$206,Entry!A12,Entry!$J$7:$J$206,Entry!J12)) | J12: =IF($G12<>"READY","",$H12*LOOKUP($I12,'Source Rules'!$F$6:$F$9,'Source Rules'!$G$6:$G$9)) | K12: =IF($G12<>"READY","",IFERROR($H12*SUMIFS('Source Rules'!$G$10:$G$11,'Source Rules'!$E$10:$E$11,Entry!I12,'Source Rules'!$D$10:$D$11,Entry!J12),0)) | L12: =IF($G12<>"READY","",IF(Entry!H12="","",IF(AND(Entry!I12="RETURN-POSTTIER",$I12>=SUMIFS('Source Rules'!$F$12:$F$12,'Source Rules'!$E$12:$E$12,Entry!I12)), -Entry!H12*Entry!G12*LOOKUP($I12,'Source Rules'!$F$6:$F$9,'Source Rules'!$G$6:$G$9),0))) | M12: =IF($G12<>"READY","",IF(Entry!I12="PP-Q1-FOLLOWON",MAX(0,Entry!F12-IF(Entry!H12="",0,Entry!H12))*SUMIFS('Source Rules'!$G$13:$G$13,'Source Rules'!$E$13:$E$13,Entry!I12,'Source Rules'!$D$13:$D$13,Entry!J12),0)) | N12: =IF($G12<>"READY","",SUM($J12:$M12)) | O12: =IF(COUNTA(Entry!A12:K12)=0,"",IF(Entry!I12="","Rule selection pending",IF(Entry!I12="NO-PROGRAM","AGR §3.1 / §3.2; QP-VT", "AGR §3.1 / §3.2; "&IFERROR(INDEX('Source Rules'!$B$10:$B$13,MATCH(Entry!I12,'Source Rules'!$E$10:$E$13,0)),"Rule selection pending")))) | P12: =IF(COUNTA(Entry!A12:K12)=0,"",IF(Entry!I12="","Program or adjustment type must be selected before calculation.",IF(Entry!I12="NO-PROGRAM","Base line value with the applicable cumulative volume-tier rate.",IFERROR("Base-and-tier rebate; "&INDEX('Source Rules'!$H$10:$H$13,MATCH(Entry!I12,'Source Rules'!$E$10:$E$13,0)),"Program source not found"))))
A13: =IF(Entry!A13="","",ROW()-6) | B13: =IF(Entry!A13="","",Entry!A13) | C13: =IF(Entry!A13="","",Entry!B13) | D13: =IF(Entry!A13="","",Entry!C13) | E13: =IF(Entry!A13="","",Entry!D13) | F13: =IF(Entry!A13="","",Entry!J13) | G13: =IF(COUNTA(Entry!A13:K13)=0,"",IF(OR(Entry!A13="",Entry!B13="",Entry!C13="",Entry!D13="",Entry!E13="",Entry!F13="",Entry!G13="",Entry!I13="",Entry!J13="",Entry!K13=""),"NOT READY — complete required facts","READY")) | H13: =IF($G13<>"READY","",Entry!F13*Entry!G13) | I13: =IF($G13<>"READY","",SUMIFS(Entry!$F$7:$F$206,Entry!$A$7:$A$206,Entry!A13,Entry!$J$7:$J$206,Entry!J13)) | J13: =IF($G13<>"READY","",$H13*LOOKUP($I13,'Source Rules'!$F$6:$F$9,'Source Rules'!$G$6:$G$9)) | K13: =IF($G13<>"READY","",IFERROR($H13*SUMIFS('Source Rules'!$G$10:$G$11,'Source Rules'!$E$10:$E$11,Entry!I13,'Source Rules'!$D$10:$D$11,Entry!J13),0)) | L13: =IF($G13<>"READY","",IF(Entry!H13="","",IF(AND(Entry!I13="RETURN-POSTTIER",$I13>=SUMIFS('Source Rules'!$F$12:$F$12,'Source Rules'!$E$12:$E$12,Entry!I13)), -Entry!H13*Entry!G13*LOOKUP($I13,'Source Rules'!$F$6:$F$9,'Source Rules'!$G$6:$G$9),0))) | M13: =IF($G13<>"READY","",IF(Entry!I13="PP-Q1-FOLLOWON",MAX(0,Entry!F13-IF(Entry!H13="",0,Entry!H13))*SUMIFS('Source Rules'!$G$13:$G$13,'Source Rules'!$E$13:$E$13,Entry!I13,'Source Rules'!$D$13:$D$13,Entry!J13),0)) | N13: =IF($G13<>"READY","",SUM($J13:$M13)) | O13: =IF(COUNTA(Entry!A13:K13)=0,"",IF(Entry!I13="","Rule selection pending",IF(Entry!I13="NO-PROGRAM","AGR §3.1 / §3.2; QP-VT", "AGR §3.1 / §3.2; "&IFERROR(INDEX('Source Rules'!$B$10:$B$13,MATCH(Entry!I13,'Source Rules'!$E$10:$E$13,0)),"Rule selection pending")))) | P13: =IF(COUNTA(Entry!A13:K13)=0,"",IF(Entry!I13="","Program or adjustment type must be selected before calculation.",IF(Entry!I13="NO-PROGRAM","Base line value with the applicable cumulative volume-tier rate.",IFERROR("Base-and-tier rebate; "&INDEX('Source Rules'!$H$10:$H$13,MATCH(Entry!I13,'Source Rules'!$E$10:$E$13,0)),"Program source not found"))))
A14: =IF(Entry!A14="","",ROW()-6) | B14: =IF(Entry!A14="","",Entry!A14) | C14: =IF(Entry!A14="","",Entry!B14) | D14: =IF(Entry!A14="","",Entry!C14) | E14: =IF(Entry!A14="","",Entry!D14) | F14: =IF(Entry!A14="","",Entry!J14) | G14: =IF(COUNTA(Entry!A14:K14)=0,"",IF(OR(Entry!A14="",Entry!B14="",Entry!C14="",Entry!D14="",Entry!E14="",Entry!F14="",Entry!G14="",Entry!I14="",Entry!J14="",Entry!K14=""),"NOT READY — complete required facts","READY")) | H14: =IF($G14<>"READY","",Entry!F14*Entry!G14) | I14: =IF($G14<>"READY","",SUMIFS(Entry!$F$7:$F$206,Entry!$A$7:$A$206,Entry!A14,Entry!$J$7:$J$206,Entry!J14)) | J14: =IF($G14<>"READY","",$H14*LOOKUP($I14,'Source Rules'!$F$6:$F$9,'Source Rules'!$G$6:$G$9)) | K14: =IF($G14<>"READY","",IFERROR($H14*SUMIFS('Source Rules'!$G$10:$G$11,'Source Rules'!$E$10:$E$11,Entry!I14,'Source Rules'!$D$10:$D$11,Entry!J14),0)) | L14: =IF($G14<>"READY","",IF(Entry!H14="","",IF(AND(Entry!I14="RETURN-POSTTIER",$I14>=SUMIFS('Source Rules'!$F$12:$F$12,'Source Rules'!$E$12:$E$12,Entry!I14)), -Entry!H14*Entry!G14*LOOKUP($I14,'Source Rules'!$F$6:$F$9,'Source Rules'!$G$6:$G$9),0))) | M14: =IF($G14<>"READY","",IF(Entry!I14="PP-Q1-FOLLOWON",MAX(0,Entry!F14-IF(Entry!H14="",0,Entry!H14))*SUMIFS('Source Rules'!$G$13:$G$13,'Source Rules'!$E$13:$E$13,Entry!I14,'Source Rules'!$D$13:$D$13,Entry!J14),0)) | N14: =IF($G14<>"READY","",SUM($J14:$M14)) | O14: =IF(COUNTA(Entry!A14:K14)=0,"",IF(Entry!I14="","Rule selection pending",IF(Entry!I14="NO-PROGRAM","AGR §3.1 / §3.2; QP-VT", "AGR §3.1 / §3.2; "&IFERROR(INDEX('Source Rules'!$B$10:$B$13,MATCH(Entry!I14,'Source Rules'!$E$10:$E$13,0)),"Rule selection pending")))) | P14: =IF(COUNTA(Entry!A14:K14)=0,"",IF(Entry!I14="","Program or adjustment type must be selected before calculation.",IF(Entry!I14="NO-PROGRAM","Base line value with the applicable cumulative volume-tier rate.",IFERROR("Base-and-tier rebate; "&INDEX('Source Rules'!$H$10:$H$13,MATCH(Entry!I14,'Source Rules'!$E$10:$E$13,0)),"Program source not found"))))
A15: =IF(Entry!A15="","",ROW()-6) | B15: =IF(Entry!A15="","",Entry!A15) | C15: =IF(Entry!A15="","",Entry!B15) | D15: =IF(Entry!A15="","",Entry!C15) | E15: =IF(Entry!A15="","",Entry!D15) | F15: =IF(Entry!A15="","",Entry!J15) | G15: =IF(COUNTA(Entry!A15:K15)=0,"",IF(OR(Entry!A15="",Entry!B15="",Entry!C15="",Entry!D15="",Entry!E15="",Entry!F15="",Entry!G15="",Entry!I15="",Entry!J15="",Entry!K15=""),"NOT READY — complete required facts","READY")) | H15: =IF($G15<>"READY","",Entry!F15*Entry!G15) | I15: =IF($G15<>"READY","",SUMIFS(Entry!$F$7:$F$206,Entry!$A$7:$A$206,Entry!A15,Entry!$J$7:$J$206,Entry!J15)) | J15: =IF($G15<>"READY","",$H15*LOOKUP($I15,'Source Rules'!$F$6:$F$9,'Source Rules'!$G$6:$G$9)) | K15: =IF($G15<>"READY","",IFERROR($H15*SUMIFS('Source Rules'!$G$10:$G$11,'Source Rules'!$E$10:$E$11,Entry!I15,'Source Rules'!$D$10:$D$11,Entry!J15),0)) | L15: =IF($G15<>"READY","",IF(Entry!H15="","",IF(AND(Entry!I15="RETURN-POSTTIER",$I15>=SUMIFS('Source Rules'!$F$12:$F$12,'Source Rules'!$E$12:$E$12,Entry!I15)), -Entry!H15*Entry!G15*LOOKUP($I15,'Source Rules'!$F$6:$F$9,'Source Rules'!$G$6:$G$9),0))) | M15: =IF($G15<>"READY","",IF(Entry!I15="PP-Q1-FOLLOWON",MAX(0,Entry!F15-IF(Entry!H15="",0,Entry!H15))*SUMIFS('Source Rules'!$G$13:$G$13,'Source Rules'!$E$13:$E$13,Entry!I15,'Source Rules'!$D$13:$D$13,Entry!J15),0)) | N15: =IF($G15<>"READY","",SUM($J15:$M15)) | O15: =IF(COUNTA(Entry!A15:K15)=0,"",IF(Entry!I15="","Rule selection pending",IF(Entry!I15="NO-PROGRAM","AGR §3.1 / §3.2; QP-VT", "AGR §3.1 / §3.2; "&IFERROR(INDEX('Source Rules'!$B$10:$B$13,MATCH(Entry!I15,'Source Rules'!$E$10:$E$13,0)),"Rule selection pending")))) | P15: =IF(COUNTA(Entry!A15:K15)=0,"",IF(Entry!I15="","Program or adjustment type must be selected before calculation.",IF(Entry!I15="NO-PROGRAM","Base line value with the applicable cumulative volume-tier rate.",IFERROR("Base-and-tier rebate; "&INDEX('Source Rules'!$H$10:$H$13,MATCH(Entry!I15,'Source Rules'!$E$10:$E$13,0)),"Program source not found"))))
A16: =IF(Entry!A16="","",ROW()-6) | B16: =IF(Entry!A16="","",Entry!A16) | C16: =IF(Entry!A16="","",Entry!B16) | D16: =IF(Entry!A16="","",Entry!C16) | E16: =IF(Entry!A16="","",Entry!D16) | F16: =IF(Entry!A16="","",Entry!J16) | G16: =IF(COUNTA(Entry!A16:K16)=0,"",IF(OR(Entry!A16="",Entry!B16="",Entry!C16="",Entry!D16="",Entry!E16="",Entry!F16="",Entry!G16="",Entry!I16="",Entry!J16="",Entry!K16=""),"NOT READY — complete required facts","READY")) | H16: =IF($G16<>"READY","",Entry!F16*Entry!G16) | I16: =IF($G16<>"READY","",SUMIFS(Entry!$F$7:$F$206,Entry!$A$7:$A$206,Entry!A16,Entry!$J$7:$J$206,Entry!J16)) | J16: =IF($G16<>"READY","",$H16*LOOKUP($I16,'Source Rules'!$F$6:$F$9,'Source Rules'!$G$6:$G$9)) | K16: =IF($G16<>"READY","",IFERROR($H16*SUMIFS('Source Rules'!$G$10:$G$11,'Source Rules'!$E$10:$E$11,Entry!I16,'Source Rules'!$D$10:$D$11,Entry!J16),0)) | L16: =IF($G16<>"READY","",IF(Entry!H16="","",IF(AND(Entry!I16="RETURN-POSTTIER",$I16>=SUMIFS('Source Rules'!$F$12:$F$12,'Source Rules'!$E$12:$E$12,Entry!I16)), -Entry!H16*Entry!G16*LOOKUP($I16,'Source Rules'!$F$6:$F$9,'Source Rules'!$G$6:$G$9),0))) | M16: =IF($G16<>"READY","",IF(Entry!I16="PP-Q1-FOLLOWON",MAX(0,Entry!F16-IF(Entry!H16="",0,Entry!H16))*SUMIFS('Source Rules'!$G$13:$G$13,'Source Rules'!$E$13:$E$13,Entry!I16,'Source Rules'!$D$13:$D$13,Entry!J16),0)) | N16: =IF($G16<>"READY","",SUM($J16:$M16)) | O16: =IF(COUNTA(Entry!A16:K16)=0,"",IF(Entry!I16="","Rule selection pending",IF(Entry!I16="NO-PROGRAM","AGR §3.1 / §3.2; QP-VT", "AGR §3.1 / §3.2; "&IFERROR(INDEX('Source Rules'!$B$10:$B$13,MATCH(Entry!I16,'Source Rules'!$E$10:$E$13,0)),"Rule selection pending")))) | P16: =IF(COUNTA(Entry!A16:K16)=0,"",IF(Entry!I16="","Program or adjustment type must be selected before calculation.",IF(Entry!I16="NO-PROGRAM","Base line value with the applicable cumulative volume-tier rate.",IFERROR("Base-and-tier rebate; "&INDEX('Source Rules'!$H$10:$H$13,MATCH(Entry!I16,'Source Rules'!$E$10:$E$13,0)),"Program source not found"))))
A17: =IF(Entry!A17="","",ROW()-6) | B17: =IF(Entry!A17="","",Entry!A17) | C17: =IF(Entry!A17="","",Entry!B17) | D17: =IF(Entry!A17="","",Entry!C17) | E17: =IF(Entry!A17="","",Entry!D17) | F17: =IF(Entry!A17="","",Entry!J17) | G17: =IF(COUNTA(Entry!A17:K17)=0,"",IF(OR(Entry!A17="",Entry!B17="",Entry!C17="",Entry!D17="",Entry!E17="",Entry!F17="",Entry!G17="",Entry!I17="",Entry!J17="",Entry!K17=""),"NOT READY — complete required facts","READY")) | H17: =IF($G17<>"READY","",Entry!F17*Entry!G17) | I17: =IF($G17<>"READY","",SUMIFS(Entry!$F$7:$F$206,Entry!$A$7:$A$206,Entry!A17,Entry!$J$7:$J$206,Entry!J17)) | J17: =IF($G17<>"READY","",$H17*LOOKUP($I17,'Source Rules'!$F$6:$F$9,'Source Rules'!$G$6:$G$9)) | K17: =IF($G17<>"READY","",IFERROR($H17*SUMIFS('Source Rules'!$G$10:$G$11,'Source Rules'!$E$10:$E$11,Entry!I17,'Source Rules'!$D$10:$D$11,Entry!J17),0)) | L17: =IF($G17<>"READY","",IF(Entry!H17="","",IF(AND(Entry!I17="RETURN-POSTTIER",$I17>=SUMIFS('Source Rules'!$F$12:$F$12,'Source Rules'!$E$12:$E$12,Entry!I17)), -Entry!H17*Entry!G17*LOOKUP($I17,'Source Rules'!$F$6:$F$9,'Source Rules'!$G$6:$G$9),0))) | M17: =IF($G17<>"READY","",IF(Entry!I17="PP-Q1-FOLLOWON",MAX(0,Entry!F17-IF(Entry!H17="",0,Entry!H17))*SUMIFS('Source Rules'!$G$13:$G$13,'Source Rules'!$E$13:$E$13,Entry!I17,'Source Rules'!$D$13:$D$13,Entry!J17),0)) | N17: =IF($G17<>"READY","",SUM($J17:$M17)) | O17: =IF(COUNTA(Entry!A17:K17)=0,"",IF(Entry!I17="","Rule selection pending",IF(Entry!I17="NO-PROGRAM","AGR §3.1 / §3.2; QP-VT", "AGR §3.1 / §3.2; "&IFERROR(INDEX('Source Rules'!$B$10:$B$13,MATCH(Entry!I17,'Source Rules'!$E$10:$E$13,0)),"Rule selection pending")))) | P17: =IF(COUNTA(Entry!A17:K17)=0,"",IF(Entry!I17="","Program or adjustment type must be selected before calculation.",IF(Entry!I17="NO-PROGRAM","Base line value with the applicable cumulative volume-tier rate.",IFERROR("Base-and-tier rebate; "&INDEX('Source Rules'!$H$10:$H$13,MATCH(Entry!I17,'Source Rules'!$E$10:$E$13,0)),"Program source not found"))))
A18: =IF(Entry!A18="","",ROW()-6) | B18: =IF(Entry!A18="","",Entry!A18) | C18: =IF(Entry!A18="","",Entry!B18) | D18: =IF(Entry!A18="","",Entry!C18) | E18: =IF(Entry!A18="","",Entry!D18) | F18: =IF(Entry!A18="","",Entry!J18) | G18: =IF(COUNTA(Entry!A18:K18)=0,"",IF(OR(Entry!A18="",Entry!B18="",Entry!C18="",Entry!D18="",Entry!E18="",Entry!F18="",Entry!G18="",Entry!I18="",Entry!J18="",Entry!K18=""),"NOT READY — complete required facts","READY")) | H18: =IF($G18<>"READY","",Entry!F18*Entry!G18) | I18: =IF($G18<>"READY","",SUMIFS(Entry!$F$7:$F$206,Entry!$A$7:$A$206,Entry!A18,Entry!$J$7:$J$206,Entry!J18)) | J18: =IF($G18<>"READY","",$H18*LOOKUP($I18,'Source Rules'!$F$6:$F$9,'Source Rules'!$G$6:$G$9)) | K18: =IF($G18<>"READY","",IFERROR($H18*SUMIFS('Source Rules'!$G$10:$G$11,'Source Rules'!$E$10:$E$11,Entry!I18,'Source Rules'!$D$10:$D$11,Entry!J18),0)) | L18: =IF($G18<>"READY","",IF(Entry!H18="","",IF(AND(Entry!I18="RETURN-POSTTIER",$I18>=SUMIFS('Source Rules'!$F$12:$F$12,'Source Rules'!$E$12:$E$12,Entry!I18)), -Entry!H18*Entry!G18*LOOKUP($I18,'Source Rules'!$F$6:$F$9,'Source Rules'!$G$6:$G$9),0))) | M18: =IF($G18<>"READY","",IF(Entry!I18="PP-Q1-FOLLOWON",MAX(0,Entry!F18-IF(Entry!H18="",0,Entry!H18))*SUMIFS('Source Rules'!$G$13:$G$13,'Source Rules'!$E$13:$E$13,Entry!I18,'Source Rules'!$D$13:$D$13,Entry!J18),0)) | N18: =IF($G18<>"READY","",SUM($J18:$M18)) | O18: =IF(COUNTA(Entry!A18:K18)=0,"",IF(Entry!I18="","Rule selection pending",IF(Entry!I18="NO-PROGRAM","AGR §3.1 / §3.2; QP-VT", "AGR §3.1 / §3.2; "&IFERROR(INDEX('Source Rules'!$B$10:$B$13,MATCH(Entry!I18,'Source Rules'!$E$10:$E$13,0)),"Rule selection pending")))) | P18: =IF(COUNTA(Entry!A18:K18)=0,"",IF(Entry!I18="","Program or adjustment type must be selected before calculation.",IF(Entry!I18="NO-PROGRAM","Base line value with the applicable cumulative volume-tier rate.",IFERROR("Base-and-tier rebate; "&INDEX('Source Rules'!$H$10:$H$13,MATCH(Entry!I18,'Source Rules'!$E$10:$E$13,0)),"Program source not found"))))
... A206: =IF(Entry!A206="","",ROW()-6) | B206: =IF(Entry!A206="","",Entry!A206) | C206: =IF(Entry!A206="","",Entry!B206) | D206: =IF(Entry!A206="","",Entry!C206) | E206: =IF(Entry!A206="","",Entry!D206) | F206: =IF(Entry!A206="","",Entry!J206) | G206: =IF(COUNTA(Entry!A206:K206)=0,"",IF(OR(Entry!A206="",Entry!B206="",Entry!C206="",Entry!D206="",Entry!E206="",Entry!F206="",Entry!G206="",Entry!I206="",Entry!J206="",Entry!K206=""),"NOT READY — complete required facts","READY")) | H206: =IF($G206<>"READY","",Entry!F206*Entry!G206) | I206: =IF($G206<>"READY","",SUMIFS(Entry!$F$7:$F$206,Entry!$A$7:$A$206,Entry!A206,Entry!$J$7:$J$206,Entry!J206)) | J206: =IF($G206<>"READY","",$H206*LOOKUP($I206,'Source Rules'!$F$6:$F$9,'Source Rules'!$G$6:$G$9)) | K206: =IF($G206<>"READY","",IFERROR($H206*SUMIFS('Source Rules'!$G$10:$G$11,'Source Rules'!$E$10:$E$11,Entry!I206,'Source Rules'!$D$10:$D$11,Entry!J206),0)) | L206: =IF($G206<>"READY","",IF(Entry!H206="","",IF(AND(Entry!I206="RETURN-POSTTIER",$I206>=SUMIFS('Source Rules'!$F$12:$F$12,'Source Rules'!$E$12:$E$12,Entry!I206)), -Entry!H206*Entry!G206*LOOKUP($I206,'Source Rules'!$F$6:$F$9,'Source Rules'!$G$6:$G$9),0))) | M206: =IF($G206<>"READY","",IF(Entry!I206="PP-Q1-FOLLOWON",MAX(0,Entry!F206-IF(Entry!H206="",0,Entry!H206))*SUMIFS('Source Rules'!$G$13:$G$13,'Source Rules'!$E$13:$E$13,Entry!I206,'Source Rules'!$D$13:$D$13,Entry!J206),0)) | N206: =IF($G206<>"READY","",SUM($J206:$M206)) | O206: =IF(COUNTA(Entry!A206:K206)=0,"",IF(Entry!I206="","Rule selection pending",IF(Entry!I206="NO-PROGRAM","AGR §3.1 / §3.2; QP-VT", "AGR §3.1 / §3.2; "&IFERROR(INDEX('Source Rules'!$B$10:$B$13,MATCH(Entry!I206,'Source Rules'!$E$10:$E$13,0)),"Rule selection pending")))) | P206: =IF(COUNTA(Entry!A206:K206)=0,"",IF(Entry!I206="","Program or adjustment type must be selected before calculation.",IF(Entry!I206="NO-PROGRAM","Base line value with the applicable cumulative volume-tier rate.",IFERROR("Base-and-tier rebate; "&INDEX('Source Rules'!$H$10:$H$13,MATCH(Entry!I206,'Source Rules'!$E$10:$E$13,0)),"Program source not found"))))

Sheet Summary
A1: Entity Summary — Formula Driven
A3: Close period | B3: =IF(Instructions!B4="","",Instructions!B4)
A4: Totals are derived from Calculation; no summary values are entered manually.
A6: Operating Entity | B6: Entered Line Count (unique invoice + line) | C6: Claimable Rebate Total | D6: Review note status
A7: Ironvale North Distribution | B7: =SUMPRODUCT(IFERROR((Entry!$A$7:$A$206=$A7)*(Entry!$B$7:$B$206<>"")*(Entry!$C$7:$C$206<>"")/COUNTIFS(Entry!$A$7:$A$206,Entry!$A$7:$A$206,Entry!$B$7:$B$206,Entry!$B$7:$B$206,Entry!$C$7:$C$206,Entry!$C$7:$C$206),0)) | C7: =SUMIFS(Calculation!$N$7:$N$206,Calculation!$B$7:$B$206,$A7) | D7: =IF(B7=0,"No entered lines",IF(COUNTIF(Entry!$K$7:$K$206,"Hold — source fact needed")>0,"Hold status present — see Entry","See per-line review status"))
A8: Ironvale Coastal Supply | B8: =SUMPRODUCT(IFERROR((Entry!$A$7:$A$206=$A8)*(Entry!$B$7:$B$206<>"")*(Entry!$C$7:$C$206<>"")/COUNTIFS(Entry!$A$7:$A$206,Entry!$A$7:$A$206,Entry!$B$7:$B$206,Entry!$B$7:$B$206,Entry!$C$7:$C$206,Entry!$C$7:$C$206),0)) | C8: =SUMIFS(Calculation!$N$7:$N$206,Calculation!$B$7:$B$206,$A8) | D8: =IF(B8=0,"No entered lines",IF(COUNTIF(Entry!$K$7:$K$206,"Hold — source fact needed")>0,"Hold status present — see Entry","See per-line review status"))
A10: Overall | B10: =SUM(B7:B8) | C10: =SUM(C7:C8) | D10: =IF(B10=0,"No entered lines","Formula total of entity summary")
A13: Reserved for later completion / follow-up note

Sheet Source Rules
A1: Source Rules — Cavendish Agricultural
A3: Readable source trail copied from Cavendish_Rebate_Agreement.docx and Cavendish_Quarterly_Program.xlsx.
A5: Rule type | B5: Source reference | C5: Entity scope | D5: Effective period | E5: Program code | F5: Threshold / trigger | G5: Rate / amount | H5: Readable rule description | J5: Operating entities | K5: Program / adjustment codes | L5: Review statuses | N5: Periods
A6: Volume tier | B6: AGR §3.1 / §3.2; QP-VT | C6: Both operating entities | D6: Q4 FY2025 | E6: QP-VT | F6: 0 | G6: 0.0125 | H6: Base 1.25% included in the rate; applies to eligible line value. | J6: Ironvale North Distribution | K6: NO-PROGRAM | L6: Open — clerk entry | N6: Q4 FY2025
A7: Volume tier | B7: AGR §3.2; QP-VT | C7: Both operating entities | D7: Q4 FY2025 | E7: QP-VT | F7: 5000 | G7: 0.0175 | H7: Cumulative eligible invoiced quantity at or above 5,000 units. | J7: Ironvale Coastal Supply | K7: PROMO-HARVEST | L7: Ready for controller review | N7: Q1 FY2026
A8: Volume tier | B8: AGR §3.2; QP-VT | C8: Both operating entities | D8: Q4 FY2025 | E8: QP-VT | F8: 10000 | G8: 0.0225 | H8: Cumulative eligible invoiced quantity at or above 10,000 units. | K8: PROMO-BULK | L8: Hold — source fact needed
A9: Volume tier | B9: AGR §3.2; QP-VT | C9: Both operating entities | D9: Q4 FY2025 | E9: QP-VT | F9: 20000 | G9: 0.0275 | H9: Cumulative eligible invoiced quantity at or above 20,000 units. | K9: RETURN-POSTTIER | L9: Reviewed — follow-up noted
A10: Promotional deviation | B10: AGR §3.3; PROMO-HARVEST | C10: Both operating entities | D10: Q4 FY2025 | E10: PROMO-HARVEST | F10: program recorded | G10: 0.0075 | H10: Harvest promotion stacks with the base-and-tier rebate. | K10: PP-Q1-FOLLOWON
A11: Promotional deviation | B11: AGR §3.3; PROMO-BULK | C11: Both operating entities | D11: Q4 FY2025 | E11: PROMO-BULK | F11: program recorded | G11: 0.005 | H11: Bulk promotion stacks with the base-and-tier rebate.
A12: Return effect | B12: AGR §3.4; RETURN-POSTTIER | C12: Both operating entities | D12: Q4 FY2025 | E12: RETURN-POSTTIER | F12: 5000 | G12: then-applicable rate | H12: Reverse base-and-tier rebate on returned units after first tier threshold.
A13: Price protection | B13: AGR §3.5; PP-Q1-FOLLOWON | C13: Both operating entities | D13: Q1 FY2026 | E13: PP-Q1-FOLLOWON | F13: program recorded | G13: 0.18 | H13: Credit equals net eligible quantity times following-quarter amount.
