Workbook
Name Allowance_Table: 'Clause Map'!$F$4:$J$7
Name Shipment_Statuses: 'Clause Map'!$L$4:$L$5
Name Backorder_Statuses: 'Clause Map'!$M$4:$M$5
Name Drop_Ship_Treatments: 'Clause Map'!$N$4:$N$5
Name Shipping_States: 'Clause Map'!$O$4:$O$9
Name Charge_Categories: 'Clause Map'!$P$4:$P$6
Name Category_Clauses: 'Clause Map'!$P$4:$Q$6

Sheet Instructions
A1: Monthly Chargeback Template — Calderfield Chambers
A3: Purpose | B3: Enter one shipment line on Entry, then print Calculation for Ines Marchetti’s review.
A5: 1 | B5: Type or paste the shipment facts into the pale-green cells on Entry. Use dropdowns for controlled fields.
A6: 2 | B6: Do not type on Calculation: blue cells are protected formulas. Review status, coverage, amount, and clause ID together.
A7: 3 | B7: Resolve Missing Required Fact from the shipment record. Escalate Uncovered—Review; it intentionally has no calculated charge.
A8: 4 | B8: Print the Calculation sheet after checking the final total and all exception rows.
A10: Legend | B10: Meaning
A11: Pale green | B11: Editable Entry cell
A12: Pale blue | B12: Formula-driven / protected review cell
A13: Yellow | B13: Missing Required Fact — complete the shipment record; no zero is assumed
A14: Red | B14: Uncovered—Review — freight basis is outside the allowance table; obtain controller direction
A15: White | B15: $0.00 can be a valid calculated outcome only after all facts are present
A18: Reference | B18: Rules are traceable on Clause Map; reviewer test cases, rationale, and score points are on Keyed Checks.

Sheet Entry
A1: Entry — one shipment line at a time
A2: Pale-green cells are inputs. Dropdown fields must use the stated value. Leave a line fully blank until it is ready to enter.
A3: Line No. | B3: Shipment ID | C3: Cust ID | D3: customer_name | E3: Shipment Date | F3: SKU | G3: Shipment status | H3: Qty Ordered | I3: Qty Shipped | J3: Same-cycle Backorder Qty | K3: Backorder status | L3: Unit Price | M3: Unit Order Multiple | N3: Drop-ship state treatment | O3: Origin State | P3: Shipping State | Q3: Freight Basis | R3: Charge Category | S3: Entered Charge Amount

Sheet Calculation
A1: Calculation — review and print
A2: Formula cells are protected. Yellow = complete missing facts; red = uncovered allowance basis; review the clause ID beside each result.
A3: Line No. | B3: Shipment ID | C3: Review status | D3: Short-shipped Qty | E3: Same-cycle Backorder Qty | F3: Chargeable Qty | G3: Rounded Qty | H3: Allowance / coverage | I3: Chargeback amount | J3: Clause ID
A4: =IF(COUNTA(Entry!$B4:$S4)=0,"",Entry!$A4) | B4: =IF(COUNTA(Entry!$B4:$S4)=0,"",Entry!$B4) | C4: =IF(COUNTA(Entry!$B4:$S4)=0,"",IF(OR(Entry!$B4="",Entry!$C4="",Entry!$D4="",Entry!$E4="",Entry!$F4="",Entry!$G4="",Entry!$H4="",Entry!$I4="",Entry!$J4="",Entry!$K4="",Entry!$L4="",Entry!$M4="",Entry!$N4="",Entry!$O4="",Entry!$P4="",Entry!$Q4="",Entry!$R4="",AND(OR(Entry!$R4="Freight Allowance Chargeback",Entry!$R4="Illinois Shipping Chargeback"),Entry!$S4="")),"MISSING REQUIRED FACT","READY")) | D4: =IF($C4<>"READY","",MAX(Entry!$H4-Entry!$I4-IF(Entry!$K4="Fulfilled Same Cycle",Entry!$J4,0),0)) | E4: =IF($C4<>"READY","",IF(Entry!$K4="Fulfilled Same Cycle",Entry!$J4,0)) | F4: =IF($C4<>"READY","",$D4) | G4: =IF($C4<>"READY","",CEILING($F4/Entry!$M4,1)*Entry!$M4) | H4: =IF($C4<>"READY","",IF(Entry!$R4="Order Accuracy Chargeback","N/A — order accuracy",IF(OR(Entry!$Q4<MIN(INDEX(Allowance_Table,0,1)),Entry!$Q4>MAX(INDEX(Allowance_Table,0,2))),"UNCOVERED—REVIEW",INDEX(Allowance_Table,MATCH(Entry!$Q4,INDEX(Allowance_Table,0,1),1),3)))) | I4: =IF($C4<>"READY","",IF($H4="UNCOVERED—REVIEW","",IF(Entry!$R4="Order Accuracy Chargeback",$G4*Entry!$L4,IF(Entry!$R4="Freight Allowance Chargeback",MAX(Entry!$S4-$H4,0),IF(Entry!$R4="Illinois Shipping Chargeback",IF(Entry!$P4="IL",Entry!$S4,0),""))))) | J4: =IF($C4<>"READY","",IF($H4="UNCOVERED—REVIEW","CB-07",INDEX(Category_Clauses,MATCH(Entry!$R4,INDEX(Category_Clauses,0,1),0),2)))
A5: =IF(COUNTA(Entry!$B5:$S5)=0,"",Entry!$A5) | B5: =IF(COUNTA(Entry!$B5:$S5)=0,"",Entry!$B5) | C5: =IF(COUNTA(Entry!$B5:$S5)=0,"",IF(OR(Entry!$B5="",Entry!$C5="",Entry!$D5="",Entry!$E5="",Entry!$F5="",Entry!$G5="",Entry!$H5="",Entry!$I5="",Entry!$J5="",Entry!$K5="",Entry!$L5="",Entry!$M5="",Entry!$N5="",Entry!$O5="",Entry!$P5="",Entry!$Q5="",Entry!$R5="",AND(OR(Entry!$R5="Freight Allowance Chargeback",Entry!$R5="Illinois Shipping Chargeback"),Entry!$S5="")),"MISSING REQUIRED FACT","READY")) | D5: =IF($C5<>"READY","",MAX(Entry!$H5-Entry!$I5-IF(Entry!$K5="Fulfilled Same Cycle",Entry!$J5,0),0)) | E5: =IF($C5<>"READY","",IF(Entry!$K5="Fulfilled Same Cycle",Entry!$J5,0)) | F5: =IF($C5<>"READY","",$D5) | G5: =IF($C5<>"READY","",CEILING($F5/Entry!$M5,1)*Entry!$M5) | H5: =IF($C5<>"READY","",IF(Entry!$R5="Order Accuracy Chargeback","N/A — order accuracy",IF(OR(Entry!$Q5<MIN(INDEX(Allowance_Table,0,1)),Entry!$Q5>MAX(INDEX(Allowance_Table,0,2))),"UNCOVERED—REVIEW",INDEX(Allowance_Table,MATCH(Entry!$Q5,INDEX(Allowance_Table,0,1),1),3)))) | I5: =IF($C5<>"READY","",IF($H5="UNCOVERED—REVIEW","",IF(Entry!$R5="Order Accuracy Chargeback",$G5*Entry!$L5,IF(Entry!$R5="Freight Allowance Chargeback",MAX(Entry!$S5-$H5,0),IF(Entry!$R5="Illinois Shipping Chargeback",IF(Entry!$P5="IL",Entry!$S5,0),""))))) | J5: =IF($C5<>"READY","",IF($H5="UNCOVERED—REVIEW","CB-07",INDEX(Category_Clauses,MATCH(Entry!$R5,INDEX(Category_Clauses,0,1),0),2)))
A6: =IF(COUNTA(Entry!$B6:$S6)=0,"",Entry!$A6) | B6: =IF(COUNTA(Entry!$B6:$S6)=0,"",Entry!$B6) | C6: =IF(COUNTA(Entry!$B6:$S6)=0,"",IF(OR(Entry!$B6="",Entry!$C6="",Entry!$D6="",Entry!$E6="",Entry!$F6="",Entry!$G6="",Entry!$H6="",Entry!$I6="",Entry!$J6="",Entry!$K6="",Entry!$L6="",Entry!$M6="",Entry!$N6="",Entry!$O6="",Entry!$P6="",Entry!$Q6="",Entry!$R6="",AND(OR(Entry!$R6="Freight Allowance Chargeback",Entry!$R6="Illinois Shipping Chargeback"),Entry!$S6="")),"MISSING REQUIRED FACT","READY")) | D6: =IF($C6<>"READY","",MAX(Entry!$H6-Entry!$I6-IF(Entry!$K6="Fulfilled Same Cycle",Entry!$J6,0),0)) | E6: =IF($C6<>"READY","",IF(Entry!$K6="Fulfilled Same Cycle",Entry!$J6,0)) | F6: =IF($C6<>"READY","",$D6) | G6: =IF($C6<>"READY","",CEILING($F6/Entry!$M6,1)*Entry!$M6) | H6: =IF($C6<>"READY","",IF(Entry!$R6="Order Accuracy Chargeback","N/A — order accuracy",IF(OR(Entry!$Q6<MIN(INDEX(Allowance_Table,0,1)),Entry!$Q6>MAX(INDEX(Allowance_Table,0,2))),"UNCOVERED—REVIEW",INDEX(Allowance_Table,MATCH(Entry!$Q6,INDEX(Allowance_Table,0,1),1),3)))) | I6: =IF($C6<>"READY","",IF($H6="UNCOVERED—REVIEW","",IF(Entry!$R6="Order Accuracy Chargeback",$G6*Entry!$L6,IF(Entry!$R6="Freight Allowance Chargeback",MAX(Entry!$S6-$H6,0),IF(Entry!$R6="Illinois Shipping Chargeback",IF(Entry!$P6="IL",Entry!$S6,0),""))))) | J6: =IF($C6<>"READY","",IF($H6="UNCOVERED—REVIEW","CB-07",INDEX(Category_Clauses,MATCH(Entry!$R6,INDEX(Category_Clauses,0,1),0),2)))
A7: =IF(COUNTA(Entry!$B7:$S7)=0,"",Entry!$A7) | B7: =IF(COUNTA(Entry!$B7:$S7)=0,"",Entry!$B7) | C7: =IF(COUNTA(Entry!$B7:$S7)=0,"",IF(OR(Entry!$B7="",Entry!$C7="",Entry!$D7="",Entry!$E7="",Entry!$F7="",Entry!$G7="",Entry!$H7="",Entry!$I7="",Entry!$J7="",Entry!$K7="",Entry!$L7="",Entry!$M7="",Entry!$N7="",Entry!$O7="",Entry!$P7="",Entry!$Q7="",Entry!$R7="",AND(OR(Entry!$R7="Freight Allowance Chargeback",Entry!$R7="Illinois Shipping Chargeback"),Entry!$S7="")),"MISSING REQUIRED FACT","READY")) | D7: =IF($C7<>"READY","",MAX(Entry!$H7-Entry!$I7-IF(Entry!$K7="Fulfilled Same Cycle",Entry!$J7,0),0)) | E7: =IF($C7<>"READY","",IF(Entry!$K7="Fulfilled Same Cycle",Entry!$J7,0)) | F7: =IF($C7<>"READY","",$D7) | G7: =IF($C7<>"READY","",CEILING($F7/Entry!$M7,1)*Entry!$M7) | H7: =IF($C7<>"READY","",IF(Entry!$R7="Order Accuracy Chargeback","N/A — order accuracy",IF(OR(Entry!$Q7<MIN(INDEX(Allowance_Table,0,1)),Entry!$Q7>MAX(INDEX(Allowance_Table,0,2))),"UNCOVERED—REVIEW",INDEX(Allowance_Table,MATCH(Entry!$Q7,INDEX(Allowance_Table,0,1),1),3)))) | I7: =IF($C7<>"READY","",IF($H7="UNCOVERED—REVIEW","",IF(Entry!$R7="Order Accuracy Chargeback",$G7*Entry!$L7,IF(Entry!$R7="Freight Allowance Chargeback",MAX(Entry!$S7-$H7,0),IF(Entry!$R7="Illinois Shipping Chargeback",IF(Entry!$P7="IL",Entry!$S7,0),""))))) | J7: =IF($C7<>"READY","",IF($H7="UNCOVERED—REVIEW","CB-07",INDEX(Category_Clauses,MATCH(Entry!$R7,INDEX(Category_Clauses,0,1),0),2)))
A8: =IF(COUNTA(Entry!$B8:$S8)=0,"",Entry!$A8) | B8: =IF(COUNTA(Entry!$B8:$S8)=0,"",Entry!$B8) | C8: =IF(COUNTA(Entry!$B8:$S8)=0,"",IF(OR(Entry!$B8="",Entry!$C8="",Entry!$D8="",Entry!$E8="",Entry!$F8="",Entry!$G8="",Entry!$H8="",Entry!$I8="",Entry!$J8="",Entry!$K8="",Entry!$L8="",Entry!$M8="",Entry!$N8="",Entry!$O8="",Entry!$P8="",Entry!$Q8="",Entry!$R8="",AND(OR(Entry!$R8="Freight Allowance Chargeback",Entry!$R8="Illinois Shipping Chargeback"),Entry!$S8="")),"MISSING REQUIRED FACT","READY")) | D8: =IF($C8<>"READY","",MAX(Entry!$H8-Entry!$I8-IF(Entry!$K8="Fulfilled Same Cycle",Entry!$J8,0),0)) | E8: =IF($C8<>"READY","",IF(Entry!$K8="Fulfilled Same Cycle",Entry!$J8,0)) | F8: =IF($C8<>"READY","",$D8) | G8: =IF($C8<>"READY","",CEILING($F8/Entry!$M8,1)*Entry!$M8) | H8: =IF($C8<>"READY","",IF(Entry!$R8="Order Accuracy Chargeback","N/A — order accuracy",IF(OR(Entry!$Q8<MIN(INDEX(Allowance_Table,0,1)),Entry!$Q8>MAX(INDEX(Allowance_Table,0,2))),"UNCOVERED—REVIEW",INDEX(Allowance_Table,MATCH(Entry!$Q8,INDEX(Allowance_Table,0,1),1),3)))) | I8: =IF($C8<>"READY","",IF($H8="UNCOVERED—REVIEW","",IF(Entry!$R8="Order Accuracy Chargeback",$G8*Entry!$L8,IF(Entry!$R8="Freight Allowance Chargeback",MAX(Entry!$S8-$H8,0),IF(Entry!$R8="Illinois Shipping Chargeback",IF(Entry!$P8="IL",Entry!$S8,0),""))))) | J8: =IF($C8<>"READY","",IF($H8="UNCOVERED—REVIEW","CB-07",INDEX(Category_Clauses,MATCH(Entry!$R8,INDEX(Category_Clauses,0,1),0),2)))
A9: =IF(COUNTA(Entry!$B9:$S9)=0,"",Entry!$A9) | B9: =IF(COUNTA(Entry!$B9:$S9)=0,"",Entry!$B9) | C9: =IF(COUNTA(Entry!$B9:$S9)=0,"",IF(OR(Entry!$B9="",Entry!$C9="",Entry!$D9="",Entry!$E9="",Entry!$F9="",Entry!$G9="",Entry!$H9="",Entry!$I9="",Entry!$J9="",Entry!$K9="",Entry!$L9="",Entry!$M9="",Entry!$N9="",Entry!$O9="",Entry!$P9="",Entry!$Q9="",Entry!$R9="",AND(OR(Entry!$R9="Freight Allowance Chargeback",Entry!$R9="Illinois Shipping Chargeback"),Entry!$S9="")),"MISSING REQUIRED FACT","READY")) | D9: =IF($C9<>"READY","",MAX(Entry!$H9-Entry!$I9-IF(Entry!$K9="Fulfilled Same Cycle",Entry!$J9,0),0)) | E9: =IF($C9<>"READY","",IF(Entry!$K9="Fulfilled Same Cycle",Entry!$J9,0)) | F9: =IF($C9<>"READY","",$D9) | G9: =IF($C9<>"READY","",CEILING($F9/Entry!$M9,1)*Entry!$M9) | H9: =IF($C9<>"READY","",IF(Entry!$R9="Order Accuracy Chargeback","N/A — order accuracy",IF(OR(Entry!$Q9<MIN(INDEX(Allowance_Table,0,1)),Entry!$Q9>MAX(INDEX(Allowance_Table,0,2))),"UNCOVERED—REVIEW",INDEX(Allowance_Table,MATCH(Entry!$Q9,INDEX(Allowance_Table,0,1),1),3)))) | I9: =IF($C9<>"READY","",IF($H9="UNCOVERED—REVIEW","",IF(Entry!$R9="Order Accuracy Chargeback",$G9*Entry!$L9,IF(Entry!$R9="Freight Allowance Chargeback",MAX(Entry!$S9-$H9,0),IF(Entry!$R9="Illinois Shipping Chargeback",IF(Entry!$P9="IL",Entry!$S9,0),""))))) | J9: =IF($C9<>"READY","",IF($H9="UNCOVERED—REVIEW","CB-07",INDEX(Category_Clauses,MATCH(Entry!$R9,INDEX(Category_Clauses,0,1),0),2)))
A10: =IF(COUNTA(Entry!$B10:$S10)=0,"",Entry!$A10) | B10: =IF(COUNTA(Entry!$B10:$S10)=0,"",Entry!$B10) | C10: =IF(COUNTA(Entry!$B10:$S10)=0,"",IF(OR(Entry!$B10="",Entry!$C10="",Entry!$D10="",Entry!$E10="",Entry!$F10="",Entry!$G10="",Entry!$H10="",Entry!$I10="",Entry!$J10="",Entry!$K10="",Entry!$L10="",Entry!$M10="",Entry!$N10="",Entry!$O10="",Entry!$P10="",Entry!$Q10="",Entry!$R10="",AND(OR(Entry!$R10="Freight Allowance Chargeback",Entry!$R10="Illinois Shipping Chargeback"),Entry!$S10="")),"MISSING REQUIRED FACT","READY")) | D10: =IF($C10<>"READY","",MAX(Entry!$H10-Entry!$I10-IF(Entry!$K10="Fulfilled Same Cycle",Entry!$J10,0),0)) | E10: =IF($C10<>"READY","",IF(Entry!$K10="Fulfilled Same Cycle",Entry!$J10,0)) | F10: =IF($C10<>"READY","",$D10) | G10: =IF($C10<>"READY","",CEILING($F10/Entry!$M10,1)*Entry!$M10) | H10: =IF($C10<>"READY","",IF(Entry!$R10="Order Accuracy Chargeback","N/A — order accuracy",IF(OR(Entry!$Q10<MIN(INDEX(Allowance_Table,0,1)),Entry!$Q10>MAX(INDEX(Allowance_Table,0,2))),"UNCOVERED—REVIEW",INDEX(Allowance_Table,MATCH(Entry!$Q10,INDEX(Allowance_Table,0,1),1),3)))) | I10: =IF($C10<>"READY","",IF($H10="UNCOVERED—REVIEW","",IF(Entry!$R10="Order Accuracy Chargeback",$G10*Entry!$L10,IF(Entry!$R10="Freight Allowance Chargeback",MAX(Entry!$S10-$H10,0),IF(Entry!$R10="Illinois Shipping Chargeback",IF(Entry!$P10="IL",Entry!$S10,0),""))))) | J10: =IF($C10<>"READY","",IF($H10="UNCOVERED—REVIEW","CB-07",INDEX(Category_Clauses,MATCH(Entry!$R10,INDEX(Category_Clauses,0,1),0),2)))
A11: =IF(COUNTA(Entry!$B11:$S11)=0,"",Entry!$A11) | B11: =IF(COUNTA(Entry!$B11:$S11)=0,"",Entry!$B11) | C11: =IF(COUNTA(Entry!$B11:$S11)=0,"",IF(OR(Entry!$B11="",Entry!$C11="",Entry!$D11="",Entry!$E11="",Entry!$F11="",Entry!$G11="",Entry!$H11="",Entry!$I11="",Entry!$J11="",Entry!$K11="",Entry!$L11="",Entry!$M11="",Entry!$N11="",Entry!$O11="",Entry!$P11="",Entry!$Q11="",Entry!$R11="",AND(OR(Entry!$R11="Freight Allowance Chargeback",Entry!$R11="Illinois Shipping Chargeback"),Entry!$S11="")),"MISSING REQUIRED FACT","READY")) | D11: =IF($C11<>"READY","",MAX(Entry!$H11-Entry!$I11-IF(Entry!$K11="Fulfilled Same Cycle",Entry!$J11,0),0)) | E11: =IF($C11<>"READY","",IF(Entry!$K11="Fulfilled Same Cycle",Entry!$J11,0)) | F11: =IF($C11<>"READY","",$D11) | G11: =IF($C11<>"READY","",CEILING($F11/Entry!$M11,1)*Entry!$M11) | H11: =IF($C11<>"READY","",IF(Entry!$R11="Order Accuracy Chargeback","N/A — order accuracy",IF(OR(Entry!$Q11<MIN(INDEX(Allowance_Table,0,1)),Entry!$Q11>MAX(INDEX(Allowance_Table,0,2))),"UNCOVERED—REVIEW",INDEX(Allowance_Table,MATCH(Entry!$Q11,INDEX(Allowance_Table,0,1),1),3)))) | I11: =IF($C11<>"READY","",IF($H11="UNCOVERED—REVIEW","",IF(Entry!$R11="Order Accuracy Chargeback",$G11*Entry!$L11,IF(Entry!$R11="Freight Allowance Chargeback",MAX(Entry!$S11-$H11,0),IF(Entry!$R11="Illinois Shipping Chargeback",IF(Entry!$P11="IL",Entry!$S11,0),""))))) | J11: =IF($C11<>"READY","",IF($H11="UNCOVERED—REVIEW","CB-07",INDEX(Category_Clauses,MATCH(Entry!$R11,INDEX(Category_Clauses,0,1),0),2)))
A12: =IF(COUNTA(Entry!$B12:$S12)=0,"",Entry!$A12) | B12: =IF(COUNTA(Entry!$B12:$S12)=0,"",Entry!$B12) | C12: =IF(COUNTA(Entry!$B12:$S12)=0,"",IF(OR(Entry!$B12="",Entry!$C12="",Entry!$D12="",Entry!$E12="",Entry!$F12="",Entry!$G12="",Entry!$H12="",Entry!$I12="",Entry!$J12="",Entry!$K12="",Entry!$L12="",Entry!$M12="",Entry!$N12="",Entry!$O12="",Entry!$P12="",Entry!$Q12="",Entry!$R12="",AND(OR(Entry!$R12="Freight Allowance Chargeback",Entry!$R12="Illinois Shipping Chargeback"),Entry!$S12="")),"MISSING REQUIRED FACT","READY")) | D12: =IF($C12<>"READY","",MAX(Entry!$H12-Entry!$I12-IF(Entry!$K12="Fulfilled Same Cycle",Entry!$J12,0),0)) | E12: =IF($C12<>"READY","",IF(Entry!$K12="Fulfilled Same Cycle",Entry!$J12,0)) | F12: =IF($C12<>"READY","",$D12) | G12: =IF($C12<>"READY","",CEILING($F12/Entry!$M12,1)*Entry!$M12) | H12: =IF($C12<>"READY","",IF(Entry!$R12="Order Accuracy Chargeback","N/A — order accuracy",IF(OR(Entry!$Q12<MIN(INDEX(Allowance_Table,0,1)),Entry!$Q12>MAX(INDEX(Allowance_Table,0,2))),"UNCOVERED—REVIEW",INDEX(Allowance_Table,MATCH(Entry!$Q12,INDEX(Allowance_Table,0,1),1),3)))) | I12: =IF($C12<>"READY","",IF($H12="UNCOVERED—REVIEW","",IF(Entry!$R12="Order Accuracy Chargeback",$G12*Entry!$L12,IF(Entry!$R12="Freight Allowance Chargeback",MAX(Entry!$S12-$H12,0),IF(Entry!$R12="Illinois Shipping Chargeback",IF(Entry!$P12="IL",Entry!$S12,0),""))))) | J12: =IF($C12<>"READY","",IF($H12="UNCOVERED—REVIEW","CB-07",INDEX(Category_Clauses,MATCH(Entry!$R12,INDEX(Category_Clauses,0,1),0),2)))
A13: =IF(COUNTA(Entry!$B13:$S13)=0,"",Entry!$A13) | B13: =IF(COUNTA(Entry!$B13:$S13)=0,"",Entry!$B13) | C13: =IF(COUNTA(Entry!$B13:$S13)=0,"",IF(OR(Entry!$B13="",Entry!$C13="",Entry!$D13="",Entry!$E13="",Entry!$F13="",Entry!$G13="",Entry!$H13="",Entry!$I13="",Entry!$J13="",Entry!$K13="",Entry!$L13="",Entry!$M13="",Entry!$N13="",Entry!$O13="",Entry!$P13="",Entry!$Q13="",Entry!$R13="",AND(OR(Entry!$R13="Freight Allowance Chargeback",Entry!$R13="Illinois Shipping Chargeback"),Entry!$S13="")),"MISSING REQUIRED FACT","READY")) | D13: =IF($C13<>"READY","",MAX(Entry!$H13-Entry!$I13-IF(Entry!$K13="Fulfilled Same Cycle",Entry!$J13,0),0)) | E13: =IF($C13<>"READY","",IF(Entry!$K13="Fulfilled Same Cycle",Entry!$J13,0)) | F13: =IF($C13<>"READY","",$D13) | G13: =IF($C13<>"READY","",CEILING($F13/Entry!$M13,1)*Entry!$M13) | H13: =IF($C13<>"READY","",IF(Entry!$R13="Order Accuracy Chargeback","N/A — order accuracy",IF(OR(Entry!$Q13<MIN(INDEX(Allowance_Table,0,1)),Entry!$Q13>MAX(INDEX(Allowance_Table,0,2))),"UNCOVERED—REVIEW",INDEX(Allowance_Table,MATCH(Entry!$Q13,INDEX(Allowance_Table,0,1),1),3)))) | I13: =IF($C13<>"READY","",IF($H13="UNCOVERED—REVIEW","",IF(Entry!$R13="Order Accuracy Chargeback",$G13*Entry!$L13,IF(Entry!$R13="Freight Allowance Chargeback",MAX(Entry!$S13-$H13,0),IF(Entry!$R13="Illinois Shipping Chargeback",IF(Entry!$P13="IL",Entry!$S13,0),""))))) | J13: =IF($C13<>"READY","",IF($H13="UNCOVERED—REVIEW","CB-07",INDEX(Category_Clauses,MATCH(Entry!$R13,INDEX(Category_Clauses,0,1),0),2)))
A14: =IF(COUNTA(Entry!$B14:$S14)=0,"",Entry!$A14) | B14: =IF(COUNTA(Entry!$B14:$S14)=0,"",Entry!$B14) | C14: =IF(COUNTA(Entry!$B14:$S14)=0,"",IF(OR(Entry!$B14="",Entry!$C14="",Entry!$D14="",Entry!$E14="",Entry!$F14="",Entry!$G14="",Entry!$H14="",Entry!$I14="",Entry!$J14="",Entry!$K14="",Entry!$L14="",Entry!$M14="",Entry!$N14="",Entry!$O14="",Entry!$P14="",Entry!$Q14="",Entry!$R14="",AND(OR(Entry!$R14="Freight Allowance Chargeback",Entry!$R14="Illinois Shipping Chargeback"),Entry!$S14="")),"MISSING REQUIRED FACT","READY")) | D14: =IF($C14<>"READY","",MAX(Entry!$H14-Entry!$I14-IF(Entry!$K14="Fulfilled Same Cycle",Entry!$J14,0),0)) | E14: =IF($C14<>"READY","",IF(Entry!$K14="Fulfilled Same Cycle",Entry!$J14,0)) | F14: =IF($C14<>"READY","",$D14) | G14: =IF($C14<>"READY","",CEILING($F14/Entry!$M14,1)*Entry!$M14) | H14: =IF($C14<>"READY","",IF(Entry!$R14="Order Accuracy Chargeback","N/A — order accuracy",IF(OR(Entry!$Q14<MIN(INDEX(Allowance_Table,0,1)),Entry!$Q14>MAX(INDEX(Allowance_Table,0,2))),"UNCOVERED—REVIEW",INDEX(Allowance_Table,MATCH(Entry!$Q14,INDEX(Allowance_Table,0,1),1),3)))) | I14: =IF($C14<>"READY","",IF($H14="UNCOVERED—REVIEW","",IF(Entry!$R14="Order Accuracy Chargeback",$G14*Entry!$L14,IF(Entry!$R14="Freight Allowance Chargeback",MAX(Entry!$S14-$H14,0),IF(Entry!$R14="Illinois Shipping Chargeback",IF(Entry!$P14="IL",Entry!$S14,0),""))))) | J14: =IF($C14<>"READY","",IF($H14="UNCOVERED—REVIEW","CB-07",INDEX(Category_Clauses,MATCH(Entry!$R14,INDEX(Category_Clauses,0,1),0),2)))
A15: =IF(COUNTA(Entry!$B15:$S15)=0,"",Entry!$A15) | B15: =IF(COUNTA(Entry!$B15:$S15)=0,"",Entry!$B15) | C15: =IF(COUNTA(Entry!$B15:$S15)=0,"",IF(OR(Entry!$B15="",Entry!$C15="",Entry!$D15="",Entry!$E15="",Entry!$F15="",Entry!$G15="",Entry!$H15="",Entry!$I15="",Entry!$J15="",Entry!$K15="",Entry!$L15="",Entry!$M15="",Entry!$N15="",Entry!$O15="",Entry!$P15="",Entry!$Q15="",Entry!$R15="",AND(OR(Entry!$R15="Freight Allowance Chargeback",Entry!$R15="Illinois Shipping Chargeback"),Entry!$S15="")),"MISSING REQUIRED FACT","READY")) | D15: =IF($C15<>"READY","",MAX(Entry!$H15-Entry!$I15-IF(Entry!$K15="Fulfilled Same Cycle",Entry!$J15,0),0)) | E15: =IF($C15<>"READY","",IF(Entry!$K15="Fulfilled Same Cycle",Entry!$J15,0)) | F15: =IF($C15<>"READY","",$D15) | G15: =IF($C15<>"READY","",CEILING($F15/Entry!$M15,1)*Entry!$M15) | H15: =IF($C15<>"READY","",IF(Entry!$R15="Order Accuracy Chargeback","N/A — order accuracy",IF(OR(Entry!$Q15<MIN(INDEX(Allowance_Table,0,1)),Entry!$Q15>MAX(INDEX(Allowance_Table,0,2))),"UNCOVERED—REVIEW",INDEX(Allowance_Table,MATCH(Entry!$Q15,INDEX(Allowance_Table,0,1),1),3)))) | I15: =IF($C15<>"READY","",IF($H15="UNCOVERED—REVIEW","",IF(Entry!$R15="Order Accuracy Chargeback",$G15*Entry!$L15,IF(Entry!$R15="Freight Allowance Chargeback",MAX(Entry!$S15-$H15,0),IF(Entry!$R15="Illinois Shipping Chargeback",IF(Entry!$P15="IL",Entry!$S15,0),""))))) | J15: =IF($C15<>"READY","",IF($H15="UNCOVERED—REVIEW","CB-07",INDEX(Category_Clauses,MATCH(Entry!$R15,INDEX(Category_Clauses,0,1),0),2)))
... A53: =IF(COUNTA(Entry!$B53:$S53)=0,"",Entry!$A53) | B53: =IF(COUNTA(Entry!$B53:$S53)=0,"",Entry!$B53) | C53: =IF(COUNTA(Entry!$B53:$S53)=0,"",IF(OR(Entry!$B53="",Entry!$C53="",Entry!$D53="",Entry!$E53="",Entry!$F53="",Entry!$G53="",Entry!$H53="",Entry!$I53="",Entry!$J53="",Entry!$K53="",Entry!$L53="",Entry!$M53="",Entry!$N53="",Entry!$O53="",Entry!$P53="",Entry!$Q53="",Entry!$R53="",AND(OR(Entry!$R53="Freight Allowance Chargeback",Entry!$R53="Illinois Shipping Chargeback"),Entry!$S53="")),"MISSING REQUIRED FACT","READY")) | D53: =IF($C53<>"READY","",MAX(Entry!$H53-Entry!$I53-IF(Entry!$K53="Fulfilled Same Cycle",Entry!$J53,0),0)) | E53: =IF($C53<>"READY","",IF(Entry!$K53="Fulfilled Same Cycle",Entry!$J53,0)) | F53: =IF($C53<>"READY","",$D53) | G53: =IF($C53<>"READY","",CEILING($F53/Entry!$M53,1)*Entry!$M53) | H53: =IF($C53<>"READY","",IF(Entry!$R53="Order Accuracy Chargeback","N/A — order accuracy",IF(OR(Entry!$Q53<MIN(INDEX(Allowance_Table,0,1)),Entry!$Q53>MAX(INDEX(Allowance_Table,0,2))),"UNCOVERED—REVIEW",INDEX(Allowance_Table,MATCH(Entry!$Q53,INDEX(Allowance_Table,0,1),1),3)))) | I53: =IF($C53<>"READY","",IF($H53="UNCOVERED—REVIEW","",IF(Entry!$R53="Order Accuracy Chargeback",$G53*Entry!$L53,IF(Entry!$R53="Freight Allowance Chargeback",MAX(Entry!$S53-$H53,0),IF(Entry!$R53="Illinois Shipping Chargeback",IF(Entry!$P53="IL",Entry!$S53,0),""))))) | J53: =IF($C53<>"READY","",IF($H53="UNCOVERED—REVIEW","CB-07",INDEX(Category_Clauses,MATCH(Entry!$R53,INDEX(Category_Clauses,0,1),0),2)))
H55: Final chargeback total | I55: =SUM(I4:I53)
A57: Print legend: READY = all facts present; MISSING REQUIRED FACT = complete Entry; UNCOVERED—REVIEW = basis is outside the contract table, so no charge is calculated.

Sheet Clause Map
A1: Clause Map & validation support
A3: Clause ID | B3: Plain-language control | C3: Source reference | F3: Allowance Minimum | G3: Allowance Maximum | H3: Allowance | I3: Permitted charge category | J3: Clause ID | L3: Shipment statuses | M3: Backorder statuses | N3: Drop-ship state treatment | O3: Shipping states | P3: Charge categories | Q3: Primary clause ID
A4: CB-01 | B4: Permitted monthly charge categories; result shows clause ID | C4: Contract CB-01 | F4: 0 | G4: 499.99 | H4: 20 | I4: Freight Allowance Chargeback; Illinois Shipping Chargeback | J4: CB-05 | L4: Accurate | M4: No Backorder | N4: Single-state | O4: IL | P4: Order Accuracy Chargeback | Q4: CB-01 / CB-02 / CB-06
A5: CB-02 | B5: Short shipment excludes fulfilled same-cycle backorder | C5: Contract CB-02 | F5: 500 | G5: 1499.99 | H5: 45 | I5: Freight Allowance Chargeback; Illinois Shipping Chargeback | J5: CB-05 | L5: Short Shipped | M5: Fulfilled Same Cycle | N5: Split-state Drop-ship | O5: IN | P5: Freight Allowance Chargeback | Q5: CB-05
A6: CB-03 | B6: Report same-cycle backorder separately; not chargeable | C6: Contract CB-03 | F6: 1500 | G6: 2999.99 | H6: 85 | I6: Freight Allowance Chargeback; Illinois Shipping Chargeback | J6: CB-05 | O6: MO | P6: Illinois Shipping Chargeback | Q6: CB-08
A7: CB-04 | B7: Shipping State controls split-state drop-ship decisions | C7: Contract CB-04 | F7: 3000 | G7: 5000 | H7: 125 | I7: Freight Allowance Chargeback; Illinois Shipping Chargeback | J7: CB-05 | O7: OH
A8: CB-05 | B8: Freight allowance band and excess calculation | C8: Contract CB-05 / allowance table | O8: PA
A9: CB-06 | B9: Round chargeable short quantity up to unit multiple | C9: Contract CB-06 | O9: WI
A10: CB-07 | B10: Outside allowance band: exception, no calculated charge | C10: Contract CB-07
A11: CB-08 | B11: Illinois charge uses Shipping State | C11: Contract CB-08
A12: CB-09 | B12: Missing facts remain exceptions, never inferred as zero | C12: Contract CB-09

Sheet Keyed Checks
A1: Keyed Checks — controller review answer key
A2: Use these cases only to verify a copy of the template. Score 1 point per row only when the stated outcome, amount/relationship, and clause ID all agree.
A3: Scenario | B3: Key inputs | C3: Expected result | D3: Expected amount / relationship | E3: Expected coverage | F3: Expected clause ID | G3: Rationale | H3: Scoring instruction | I3: Points
A4: Ordinary accurate line | B4: Accurate; ordered 40; shipped 40; no same-cycle backorder; multiple 10; Order Accuracy Chargeback | C4: No short shipment | D4: Rounded qty 0; chargeback $0.00 | E4: N/A — order accuracy | F4: CB-01 / CB-02 / CB-06 | G4: Complete facts can validly produce zero because no shortage remains. | H4: Pass only if zero is formula-derived, not blank or manually typed. | I4: 1
A5: Short shipment + same-cycle backorder | B5: Short Shipped; ordered 100; shipped 70; same-cycle backorder 20; Fulfilled Same Cycle; multiple 12; unit price $25 | C5: Separate quantities | D5: Short = 10; backorder = 20; rounded qty 12; chargeback $300.00 | E5: N/A — order accuracy | F5: CB-01 / CB-02 / CB-06 | G5: The fulfilled 20 is excluded from the remaining short 10, then the short rounds up. | H5: Pass only if short and backorder remain separately visible. | I5: 1
A6: Split-state drop-ship | B6: Split-state Drop-ship; Origin WI; Shipping State IL; Illinois Shipping Chargeback; entered charge $18; basis $1,600 | C6: Illinois eligible | D6: Chargeback $18.00 | E6: Covered; $85.00 allowance band is identifiable | F6: CB-08 | G6: Destination Shipping State controls for the split-state record. | H6: Pass only if IL decision uses Shipping State, not Origin State. | I6: 1
A7: Freight allowance | B7: Single-state; Freight Basis $1,600; Freight Allowance Chargeback; entered charge $122 | C7: Allowance excess | D7: 122 - 85 = $37.00 | E7: Covered; $85.00 | F7: CB-05 | G7: The basis falls in the $1,500–$2,999.99 band. | H7: Pass only if allowance comes from the allowance table lookup. | I7: 1
A8: Unit-order multiple | B8: Short Shipped; ordered 87; shipped 65; no backorder; multiple 12; unit price $18 | C8: Round upward | D8: Short 22; rounded 24; chargeback $432.00 | E8: N/A — order accuracy | F8: CB-06 | G8: A non-whole multiple rounds up before valuation. | H8: Pass only if the rounded quantity is formula-driven. | I8: 1
A9: Illinois single-state | B9: Shipping State IL; Illinois Shipping Chargeback; entered charge $22; basis $720 | C9: Illinois eligible | D9: Chargeback $22.00 | E9: Covered; $45.00 allowance band is identifiable | F9: CB-08 | G9: Illinois eligibility uses the shipping destination. | H9: Pass only if the category is formula-tested against IL. | I9: 1
A10: Outside allowance band | B10: Freight Basis $6,400; Freight Allowance Chargeback; entered charge $190 | C10: Exception, no amount | D10: Chargeback remains blank; do not calculate $65.00 | E10: UNCOVERED—REVIEW | F10: CB-07 | G10: The maximum table basis is $5,000.00. | H10: Pass only if an uncovered status is visible and amount is not silently calculated. | I10: 1
