Workbook

Sheet Read Me
B1: Wardenby Utilities | Dock Booking Reconciliation
B2: Reusable blank instrument | fixed specification effective 31 July 2026
A4: Purpose and boundaries
B5: Record booking and measurement facts for Prior period and Current period. Each period has one declared-pallet entry; reconciliation quantities link back to that entry.
B6: Measurement basis: Maximum loaded-pallet envelope. This directly describes the complete pallet envelope being compared with terminal intake maximums, so one consistent physical boundary is used throughout.
B7: This workbook reports facts and does not approve, reject, release, or decide whether a booking proceeds.
A9: Fixed configuration and frozen terminal specification
B10: Configuration | C10: Value
B11: Measurement basis | C11: Maximum loaded-pallet envelope
B12: Specification effective date | C12: 46234
B13: Maximum length (mm) | C13: 1200
B14: Maximum width (mm) | C14: 1000
B15: Maximum height (mm) | C15: 1600
B16: Material quantity threshold | C16: 0.1
B17: Material dimension threshold (mm) | C17: 50
A19: Unit conversion reference
B20: Entry unit | C20: Millimetres per unit
B21: =Lists!A2 -> mm | C21: =Lists!B2 -> 1
B22: =Lists!A3 -> cm | C22: =Lists!B3 -> 10
B23: =Lists!A4 -> in | C23: =Lists!B4 -> 25.4
A25: Reading the outputs
B26: Dimensional variance = normalized millimetres minus the applicable maximum. A positive variance is over the maximum; zero or negative is at or below the maximum.
B27: Dimension and overall statuses are factual limit comparisons. They remain blank until the required measurements and unit are present.
B28: Material Change is Yes when the absolute declared-pallet percentage change is at least 10% OR any absolute normalized-dimension change is at least 50 mm. It remains blank until both periods are complete.
B29: When the flag is Yes, complete the blank Material Change Explanation with factual context only. Do not enter a booking recommendation there.
A31: Key
C32: Pale yellow = later-entry field; leave empty until facts are available.
C33: Pale blue = calculated field; live formula and protected.
A35: Navigation
B36: Dock Booking: enter facts only in pale-yellow cells; the reconciliation area is formula-driven.
B37: Oversight Review: read the linked prior-versus-current factual comparison and complete the explanation only when required.

Sheet Dock Booking
A1: Dock Booking | Booking and Reconciliation
A2: Measurement basis (both periods) | B2: ='Read Me'!$C$11 -> Maximum loaded-pallet envelope
A3: Enter each period's declared pallet quantity once in Booking details. The reconciliation quantity is linked automatically.
A5: Booking details
A6: Field | B6: Prior period | C6: Current period
A7: Booking ID
A8: Order reference
A9: Requested dock date
A10: Carrier
A11: Load description
A12: Declared pallet quantity
A14: Reconciliation inputs
A15: Field | B15: Prior period | C15: Current period
A16: Measurement basis | B16: ='Read Me'!$C$11 -> Maximum loaded-pallet envelope | C16: ='Read Me'!$C$11 -> Maximum loaded-pallet envelope
A17: Counted pallet quantity
A18: Measurement date
A19: Length
A20: Width
A21: Height
A22: Unit
A24: Calculated reconciliation | normalized millimetres
A25: Metric | B25: Prior period | C25: Current period
A26: Declared pallet quantity (linked from booking) | B26: =IF(B12="","",B12) | C26: =IF(C12="","",C12)
A27: Quantity variance (counted - declared) | B27: =IF(OR(B17="",B26=""),"",B17-B26) | C27: =IF(OR(C17="",C26=""),"",C17-C26)
A28: Normalized length (mm) | B28: =IF(OR(B19="",B22=""),"",IFERROR(B19*VLOOKUP(B22,UnitFactors,2,FALSE()),"")) | C28: =IF(OR(C19="",C22=""),"",IFERROR(C19*VLOOKUP(C22,UnitFactors,2,FALSE()),""))
A29: Length variance (mm) | B29: =IF(B28="","",B28-'Read Me'!$C$13) | C29: =IF(C28="","",C28-'Read Me'!$C$13)
A30: Length status | B30: =IF(B29="","",IF(B29>0,"Over limit","Within limit")) | C30: =IF(C29="","",IF(C29>0,"Over limit","Within limit"))
A31: Normalized width (mm) | B31: =IF(OR(B20="",B22=""),"",IFERROR(B20*VLOOKUP(B22,UnitFactors,2,FALSE()),"")) | C31: =IF(OR(C20="",C22=""),"",IFERROR(C20*VLOOKUP(C22,UnitFactors,2,FALSE()),""))
A32: Width variance (mm) | B32: =IF(B31="","",B31-'Read Me'!$C$14) | C32: =IF(C31="","",C31-'Read Me'!$C$14)
A33: Width status | B33: =IF(B32="","",IF(B32>0,"Over limit","Within limit")) | C33: =IF(C32="","",IF(C32>0,"Over limit","Within limit"))
A34: Normalized height (mm) | B34: =IF(OR(B21="",B22=""),"",IFERROR(B21*VLOOKUP(B22,UnitFactors,2,FALSE()),"")) | C34: =IF(OR(C21="",C22=""),"",IFERROR(C21*VLOOKUP(C22,UnitFactors,2,FALSE()),""))
A35: Height variance (mm) | B35: =IF(B34="","",B34-'Read Me'!$C$15) | C35: =IF(C34="","",C34-'Read Me'!$C$15)
A36: Height status | B36: =IF(B35="","",IF(B35>0,"Over limit","Within limit")) | C36: =IF(C35="","",IF(C35>0,"Over limit","Within limit"))
A37: Overall dimensional status | B37: =IF(OR(B30="",B33="",B36=""),"",IF(OR(B30="Over limit",B33="Over limit",B36="Over limit"),"Over limit","Within limit")) | C37: =IF(OR(C30="",C33="",C36=""),"",IF(OR(C30="Over limit",C33="Over limit",C36="Over limit"),"Over limit","Within limit"))
A39: Positive dimensional variance is an over-limit fact; status does not express whether a booking should proceed.

Sheet Oversight Review
A1: Oversight Review | Prior versus Current
A2: Measurement basis | B2: ='Read Me'!$C$11 -> Maximum loaded-pallet envelope
A3: Specification effective | B3: ='Read Me'!$C$12 -> 46234
A4: Factual comparison only. Values remain blank until the required period inputs are complete.
A6: Booking and quantity facts
A7: Field | B7: Prior period | C7: Current period | D7: Current - Prior
A8: Booking ID | B8: =IF('Dock Booking'!B7="","",'Dock Booking'!B7) | C8: =IF('Dock Booking'!C7="","",'Dock Booking'!C7)
A9: Order reference | B9: =IF('Dock Booking'!B8="","",'Dock Booking'!B8) | C9: =IF('Dock Booking'!C8="","",'Dock Booking'!C8)
A10: Requested dock date | B10: =IF('Dock Booking'!B9="","",'Dock Booking'!B9) | C10: =IF('Dock Booking'!C9="","",'Dock Booking'!C9)
A11: Carrier | B11: =IF('Dock Booking'!B10="","",'Dock Booking'!B10) | C11: =IF('Dock Booking'!C10="","",'Dock Booking'!C10)
A12: Load description | B12: =IF('Dock Booking'!B11="","",'Dock Booking'!B11) | C12: =IF('Dock Booking'!C11="","",'Dock Booking'!C11)
A13: Declared pallet quantity | B13: =IF('Dock Booking'!B12="","",'Dock Booking'!B12) | C13: =IF('Dock Booking'!C12="","",'Dock Booking'!C12) | D13: =IF(OR(B13="",C13=""),"",C13-B13)
A14: Counted pallet quantity | B14: =IF('Dock Booking'!B17="","",'Dock Booking'!B17) | C14: =IF('Dock Booking'!C17="","",'Dock Booking'!C17) | D14: =IF(OR(B14="",C14=""),"",C14-B14)
A15: Quantity variance | B15: =IF('Dock Booking'!B27="","",'Dock Booking'!B27) | C15: =IF('Dock Booking'!C27="","",'Dock Booking'!C27) | D15: =IF(OR(B15="",C15=""),"",C15-B15)
A17: Dimensional facts | Maximum loaded-pallet envelope | normalized millimetres
A18: Metric | B18: Prior period | C18: Current period | D18: Current - Prior
A19: Length (normalized mm) | B19: =IF('Dock Booking'!B28="","",'Dock Booking'!B28) | C19: =IF('Dock Booking'!C28="","",'Dock Booking'!C28) | D19: =IF(OR(B19="",C19=""),"",C19-B19)
A20: Length variance (mm) | B20: =IF('Dock Booking'!B29="","",'Dock Booking'!B29) | C20: =IF('Dock Booking'!C29="","",'Dock Booking'!C29)
A21: Length status | B21: =IF('Dock Booking'!B30="","",'Dock Booking'!B30) | C21: =IF('Dock Booking'!C30="","",'Dock Booking'!C30)
A22: Width (normalized mm) | B22: =IF('Dock Booking'!B31="","",'Dock Booking'!B31) | C22: =IF('Dock Booking'!C31="","",'Dock Booking'!C31) | D22: =IF(OR(B22="",C22=""),"",C22-B22)
A23: Width variance (mm) | B23: =IF('Dock Booking'!B32="","",'Dock Booking'!B32) | C23: =IF('Dock Booking'!C32="","",'Dock Booking'!C32)
A24: Width status | B24: =IF('Dock Booking'!B33="","",'Dock Booking'!B33) | C24: =IF('Dock Booking'!C33="","",'Dock Booking'!C33)
A25: Height (normalized mm) | B25: =IF('Dock Booking'!B34="","",'Dock Booking'!B34) | C25: =IF('Dock Booking'!C34="","",'Dock Booking'!C34) | D25: =IF(OR(B25="",C25=""),"",C25-B25)
A26: Height variance (mm) | B26: =IF('Dock Booking'!B35="","",'Dock Booking'!B35) | C26: =IF('Dock Booking'!C35="","",'Dock Booking'!C35)
A27: Height status | B27: =IF('Dock Booking'!B36="","",'Dock Booking'!B36) | C27: =IF('Dock Booking'!C36="","",'Dock Booking'!C36)
A28: Overall dimensional status | B28: =IF('Dock Booking'!B37="","",'Dock Booking'!B37) | C28: =IF('Dock Booking'!C37="","",'Dock Booking'!C37)
A30: Material change assessment
A31: Metric | B31: Value
A32: Declared pallet change (pallets) | B32: =IF(OR(B13="",C13=""),"",C13-B13)
A33: Declared pallet percentage change | B33: =IF(OR(B13="",C13="",B13=0,B32=""),"",B32/B13)
A34: Length change (mm) | B34: =IF(OR(B19="",C19=""),"",C19-B19)
A35: Width change (mm) | B35: =IF(OR(B22="",C22=""),"",C22-B22)
A36: Height change (mm) | B36: =IF(OR(B25="",C25=""),"",C25-B25)
A37: Material Change Flag | B37: =IF(OR(B13="",C13="",B13<1,C13<1,B33="",B19="",C19="",B22="",C22="",B25="",C25=""),"",IF(OR(ABS(B33)>='Read Me'!$C$16,ABS(B34)>='Read Me'!$C$17,ABS(B35)>='Read Me'!$C$17,ABS(B36)>='Read Me'!$C$17),"Yes","No"))
A39: Factual completion
A40: Material Change Explanation
A42: Complete only when the Material Change Flag is Yes. Enter factual context; do not enter a booking recommendation.

Sheet Lists
A1: Unit | B1: Millimetre factor
A2: mm | B2: 1
A3: cm | B3: 10
A4: in | B4: 25.4
