Workbook

Sheet Read_Me
A1: Foxglove Utilities | Shared Laboratory Cost Allocation Model
A2: Blank controlled instrument for Quillhaven Bureau policy in force 31 August 2026
A4: Policy boundary
A5: Apply only the Quillhaven Bureau Shared Laboratory Cost Allocation Policy as in force on 31 August 2026. Use METERED when complete metered evidence exists. Where metered evidence is incomplete for a cost pool, select exactly one documented proxy for the whole pool: EQUIPMENT_HOURS, STAFF_HOURS, or FLOOR_AREA. Unsupported estimates are prohibited.
A7: Scope and exclusion boundary
A8: Recognized scope codes are CHARGEABLE, NON_PUBLIC_RESEARCH, CAPITAL, PENALTIES, and RECOVERED_ELSEWHERE. Only CHARGEABLE activity participates in an allocation denominator. The other four codes are excluded, require a supporting note, and receive no allocated cost.
A10: Use the blank instrument
A11: Enter controlled cost-pool and program/activity records on Inputs. Capture one approved proxy judgment in Assumptions whenever the pool basis is not METERED. Use Allocation to inspect exact calculations and row-level corrective action, Checks to resolve pool controls, and Publication_Import only after its formula-driven Reviewer_Status is READY.
A13: Precision, range review, and release gate
A14: Exact Allocation Share displays six decimals and Exact Allocated Cost displays two decimals; their formulas retain full precision and do not round. Public Allocation Share is a one-decimal percentage and Public Allocated Cost is rounded to the nearest whole currency unit. Exact CHARGEABLE shares must total 1 within ±0.000001; exact allocated cost must agree to pool cost within ±0.01 currency unit. A nonnegative quantity outside entered expected limits is accepted, visibly flagged, and continues calculating, but remains HOLD until its review flag is Y. HOLD means a required input, evidence item, control, review, or sign-off is unresolved. READY is formula-driven only after controls and reviewer release sign-off pass.
A16: Navigation and entry key
A17: Read_Me states the policy boundary. Inputs holds editable entry cells. Allocation shows calculated exact and public figures. Assumptions records proxy support. Checks names failed controls and actions. Publication_Import is the fixed machine-parsed range. Pale gold cells are editable entries; pale gray cells are calculated; blue headers and the import structure are fixed controls.

Sheet Inputs
A1: Inputs | Controlled entry area
A2: Pale gold cells are editable. Do not type over calculated range flags or fixed headers.
A4: Enter one controlled record per cost pool. Select METERED only where complete metered evidence exists. For a permitted proxy, create a matching approved Assumptions record before release. Reviewer release requires Y, reviewer name, and review date.
A6: Methodology ID | B6: Effective Date | C6: Cost Pool ID | D6: Cost Pool Description | E6: Total Shared Cost | F6: Allocation Basis Code | G6: Expected Minimum Quantity | H6: Expected Maximum Quantity | I6: Preparer / Owner | J6: Reviewer Sign-off (Y/N) | K6: Reviewer Name | L6: Review Date
A160: Program and activity records
A161: Enter the observed usage quantity and its evidence reference for every CHARGEABLE record. Expected limits are review thresholds, not rejection limits: an out-of-range nonnegative quantity remains stored and must have a Y review before release. Excluded scope codes require an exclusion or evidence note.
A163: Cost Pool ID | B163: Program Code | C163: Program Description | D163: Scope Code | E163: Usage Quantity | F163: Evidence Reference | G163: Out-of-Range Review (Y/N) | H163: Exclusion / Evidence Note | I163: Range Exception (formula)
I164: =IF(COUNTA(A164:H164)=0,"",IF(OR(E164="",IFERROR(VLOOKUP(A164,$C$7:$H$156,5,FALSE),"")="",IFERROR(VLOOKUP(A164,$C$7:$H$156,6,FALSE),"")=""),"",IF(OR(E164<IFERROR(VLOOKUP(A164,$C$7:$H$156,5,FALSE),E164),E164>IFERROR(VLOOKUP(A164,$C$7:$H$156,6,FALSE),E164)),"OUT OF RANGE","WITHIN RANGE")))
I165: =IF(COUNTA(A165:H165)=0,"",IF(OR(E165="",IFERROR(VLOOKUP(A165,$C$7:$H$156,5,FALSE),"")="",IFERROR(VLOOKUP(A165,$C$7:$H$156,6,FALSE),"")=""),"",IF(OR(E165<IFERROR(VLOOKUP(A165,$C$7:$H$156,5,FALSE),E165),E165>IFERROR(VLOOKUP(A165,$C$7:$H$156,6,FALSE),E165)),"OUT OF RANGE","WITHIN RANGE")))
I166: =IF(COUNTA(A166:H166)=0,"",IF(OR(E166="",IFERROR(VLOOKUP(A166,$C$7:$H$156,5,FALSE),"")="",IFERROR(VLOOKUP(A166,$C$7:$H$156,6,FALSE),"")=""),"",IF(OR(E166<IFERROR(VLOOKUP(A166,$C$7:$H$156,5,FALSE),E166),E166>IFERROR(VLOOKUP(A166,$C$7:$H$156,6,FALSE),E166)),"OUT OF RANGE","WITHIN RANGE")))
I167: =IF(COUNTA(A167:H167)=0,"",IF(OR(E167="",IFERROR(VLOOKUP(A167,$C$7:$H$156,5,FALSE),"")="",IFERROR(VLOOKUP(A167,$C$7:$H$156,6,FALSE),"")=""),"",IF(OR(E167<IFERROR(VLOOKUP(A167,$C$7:$H$156,5,FALSE),E167),E167>IFERROR(VLOOKUP(A167,$C$7:$H$156,6,FALSE),E167)),"OUT OF RANGE","WITHIN RANGE")))
I168: =IF(COUNTA(A168:H168)=0,"",IF(OR(E168="",IFERROR(VLOOKUP(A168,$C$7:$H$156,5,FALSE),"")="",IFERROR(VLOOKUP(A168,$C$7:$H$156,6,FALSE),"")=""),"",IF(OR(E168<IFERROR(VLOOKUP(A168,$C$7:$H$156,5,FALSE),E168),E168>IFERROR(VLOOKUP(A168,$C$7:$H$156,6,FALSE),E168)),"OUT OF RANGE","WITHIN RANGE")))
I169: =IF(COUNTA(A169:H169)=0,"",IF(OR(E169="",IFERROR(VLOOKUP(A169,$C$7:$H$156,5,FALSE),"")="",IFERROR(VLOOKUP(A169,$C$7:$H$156,6,FALSE),"")=""),"",IF(OR(E169<IFERROR(VLOOKUP(A169,$C$7:$H$156,5,FALSE),E169),E169>IFERROR(VLOOKUP(A169,$C$7:$H$156,6,FALSE),E169)),"OUT OF RANGE","WITHIN RANGE")))
I170: =IF(COUNTA(A170:H170)=0,"",IF(OR(E170="",IFERROR(VLOOKUP(A170,$C$7:$H$156,5,FALSE),"")="",IFERROR(VLOOKUP(A170,$C$7:$H$156,6,FALSE),"")=""),"",IF(OR(E170<IFERROR(VLOOKUP(A170,$C$7:$H$156,5,FALSE),E170),E170>IFERROR(VLOOKUP(A170,$C$7:$H$156,6,FALSE),E170)),"OUT OF RANGE","WITHIN RANGE")))
I171: =IF(COUNTA(A171:H171)=0,"",IF(OR(E171="",IFERROR(VLOOKUP(A171,$C$7:$H$156,5,FALSE),"")="",IFERROR(VLOOKUP(A171,$C$7:$H$156,6,FALSE),"")=""),"",IF(OR(E171<IFERROR(VLOOKUP(A171,$C$7:$H$156,5,FALSE),E171),E171>IFERROR(VLOOKUP(A171,$C$7:$H$156,6,FALSE),E171)),"OUT OF RANGE","WITHIN RANGE")))
I172: =IF(COUNTA(A172:H172)=0,"",IF(OR(E172="",IFERROR(VLOOKUP(A172,$C$7:$H$156,5,FALSE),"")="",IFERROR(VLOOKUP(A172,$C$7:$H$156,6,FALSE),"")=""),"",IF(OR(E172<IFERROR(VLOOKUP(A172,$C$7:$H$156,5,FALSE),E172),E172>IFERROR(VLOOKUP(A172,$C$7:$H$156,6,FALSE),E172)),"OUT OF RANGE","WITHIN RANGE")))
I173: =IF(COUNTA(A173:H173)=0,"",IF(OR(E173="",IFERROR(VLOOKUP(A173,$C$7:$H$156,5,FALSE),"")="",IFERROR(VLOOKUP(A173,$C$7:$H$156,6,FALSE),"")=""),"",IF(OR(E173<IFERROR(VLOOKUP(A173,$C$7:$H$156,5,FALSE),E173),E173>IFERROR(VLOOKUP(A173,$C$7:$H$156,6,FALSE),E173)),"OUT OF RANGE","WITHIN RANGE")))
I174: =IF(COUNTA(A174:H174)=0,"",IF(OR(E174="",IFERROR(VLOOKUP(A174,$C$7:$H$156,5,FALSE),"")="",IFERROR(VLOOKUP(A174,$C$7:$H$156,6,FALSE),"")=""),"",IF(OR(E174<IFERROR(VLOOKUP(A174,$C$7:$H$156,5,FALSE),E174),E174>IFERROR(VLOOKUP(A174,$C$7:$H$156,6,FALSE),E174)),"OUT OF RANGE","WITHIN RANGE")))
I175: =IF(COUNTA(A175:H175)=0,"",IF(OR(E175="",IFERROR(VLOOKUP(A175,$C$7:$H$156,5,FALSE),"")="",IFERROR(VLOOKUP(A175,$C$7:$H$156,6,FALSE),"")=""),"",IF(OR(E175<IFERROR(VLOOKUP(A175,$C$7:$H$156,5,FALSE),E175),E175>IFERROR(VLOOKUP(A175,$C$7:$H$156,6,FALSE),E175)),"OUT OF RANGE","WITHIN RANGE")))
... I313: =IF(COUNTA(A313:H313)=0,"",IF(OR(E313="",IFERROR(VLOOKUP(A313,$C$7:$H$156,5,FALSE),"")="",IFERROR(VLOOKUP(A313,$C$7:$H$156,6,FALSE),"")=""),"",IF(OR(E313<IFERROR(VLOOKUP(A313,$C$7:$H$156,5,FALSE),E313),E313>IFERROR(VLOOKUP(A313,$C$7:$H$156,6,FALSE),E313)),"OUT OF RANGE","WITHIN RANGE")))

Sheet Allocation
A1: Allocation | Calculated results
A2: Exact values retain full precision. Public values are derived presentation fields and never drive exact controls.
A4: This sheet is formula-controlled. CHARGEABLE records with complete quantity and evidence feed the pool denominator. Excluded records receive zero output and an exclusion flag. Resolve the named action; do not overwrite calculated fields.
A6: Source Row In Use | B6: Cost Pool ID | C6: Program Code | D6: Scope Code | E6: Usage Quantity | F6: Evidence Reference | G6: Methodology ID | H6: Effective Date | I6: Pool Cost | J6: Allocation Basis Code | K6: Expected Minimum | L6: Expected Maximum | M6: Range Exception | N6: Range Review | O6: Eligible Denominator | P6: Exact Allocation Share | Q6: Exact Allocated Cost | R6: Public Allocation Share | S6: Public Allocated Cost | T6: Assumption Flag | U6: Exclusion Flag | V6: Publication Key | W6: Record Check | X6: Pool Share Control | Y6: Pool Cost Control | Z6: Import Exact Link | AA6: Reviewer Status | AB6: Action Required
A7: =IF(COUNTA(Inputs!$A$164:$H$164)>0,"Y","") | B7: =IF(Inputs!A164="","",Inputs!A164) | C7: =IF(Inputs!B164="","",Inputs!B164) | D7: =IF(Inputs!D164="","",Inputs!D164) | E7: =IF(Inputs!E164="","",Inputs!E164) | F7: =IF(Inputs!F164="","",Inputs!F164) | G7: =IF($B7="","",IFERROR(INDEX(Inputs!$A$7:$A$156,MATCH($B7,Inputs!$C$7:$C$156,0)),"")) | H7: =IF($B7="","",IFERROR(INDEX(Inputs!$B$7:$B$156,MATCH($B7,Inputs!$C$7:$C$156,0)),"")) | I7: =IF($B7="","",IFERROR(INDEX(Inputs!$E$7:$E$156,MATCH($B7,Inputs!$C$7:$C$156,0)),"")) | J7: =IF($B7="","",IFERROR(INDEX(Inputs!$F$7:$F$156,MATCH($B7,Inputs!$C$7:$C$156,0)),"")) | K7: =IF($B7="","",IFERROR(INDEX(Inputs!$G$7:$G$156,MATCH($B7,Inputs!$C$7:$C$156,0)),"")) | L7: =IF($B7="","",IFERROR(INDEX(Inputs!$H$7:$H$156,MATCH($B7,Inputs!$C$7:$C$156,0)),"")) | M7: =IF($A7="","",IF(OR($E7="",$K7="",$L7=""),"N",IF(OR($E7<$K7,$E7>$L7),"Y","N"))) | N7: =IF($A7="","",IF(Inputs!G164="","",Inputs!G164)) | O7: =IF($A7="","",IF($D7<>"CHARGEABLE","",SUMIFS($E$7:$E$156,$B$7:$B$156,$B7,$D$7:$D$156,"CHARGEABLE",$C$7:$C$156,"<>",$E$7:$E$156,">=0",$F$7:$F$156,"<>"))) | P7: =IF($A7="","",IF($D7<>"CHARGEABLE",IF(OR($D7="NON_PUBLIC_RESEARCH",$D7="CAPITAL",$D7="PENALTIES",$D7="RECOVERED_ELSEWHERE"),0,""),IF(OR($C7="",$E7="",$F7="",$I7="",$J7="",$O7<=0),"",$E7/$O7))) | Q7: =IF($A7="","",IF($D7<>"CHARGEABLE",IF(OR($D7="NON_PUBLIC_RESEARCH",$D7="CAPITAL",$D7="PENALTIES",$D7="RECOVERED_ELSEWHERE"),0,""),IF(OR($P7="",$I7=""),"",$I7*$P7))) | R7: =IF($A7="","",IF($D7<>"CHARGEABLE",IF(OR($D7="NON_PUBLIC_RESEARCH",$D7="CAPITAL",$D7="PENALTIES",$D7="RECOVERED_ELSEWHERE"),0,""),IF($P7="","",ROUND($P7*100,1)/100))) | S7: =IF($A7="","",IF($D7<>"CHARGEABLE",IF(OR($D7="NON_PUBLIC_RESEARCH",$D7="CAPITAL",$D7="PENALTIES",$D7="RECOVERED_ELSEWHERE"),0,""),IF($Q7="","",ROUND($Q7,0)))) | T7: =IF($A7="","",IF(OR($J7="EQUIPMENT_HOURS",$J7="STAFF_HOURS",$J7="FLOOR_AREA"),"Y",IF($J7="METERED","N",""))) | U7: =IF($A7="","",IF($D7="CHARGEABLE","N",IF(OR($D7="NON_PUBLIC_RESEARCH",$D7="CAPITAL",$D7="PENALTIES",$D7="RECOVERED_ELSEWHERE"),"Y",""))) | V7: =IF(OR($G7="",$C7=""),"",$G7&"|"&$C7) | W7: =IF($A7="","",IF($B7="","Missing Cost Pool ID",IF($C7="","Missing Program Code",IF($D7="","Missing Scope Code",IF(AND($D7<>"CHARGEABLE",$D7<>"NON_PUBLIC_RESEARCH",$D7<>"CAPITAL",$D7<>"PENALTIES",$D7<>"RECOVERED_ELSEWHERE"),"Invalid Scope Code",IF($G7="","Missing Methodology ID",IF($J7="","Pool basis unresolved",IF(AND($B7<>"",$C7<>"",COUNTIFS($B$7:$B$156,$B7,$C$7:$C$156,$C7)>1),"Duplicate Cost Pool / Program",IF(AND($V7<>"",COUNTIF($V$7:$V$156,$V7)>1),"Duplicate Methodology / Program",IF(AND($D7="CHARGEABLE",$E7=""),"Missing usage quantity",IF(AND($D7="CHARGEABLE",$F7=""),"Missing evidence reference",IF(AND($D7="CHARGEABLE",NOT(ISNUMBER($E7))),"Usage quantity not numeric",IF(AND($D7="CHARGEABLE",$E7<0),"Usage quantity is negative",IF(AND($U7="Y",Inputs!$H$164=""),"Missing exclusion note","OK")))))))))))))) | X7: =IF($A7="","",IFERROR(INDEX(Checks!$O$7:$O$156,MATCH($B7,Checks!$B$7:$B$156,0)),"FAIL")) | Y7: =IF($A7="","",IFERROR(INDEX(Checks!$Q$7:$Q$156,MATCH($B7,Checks!$B$7:$B$156,0)),"FAIL")) | Z7: =IF($A7="","",IF(OR($Q7="",Publication_Import!$F7=""),"FAIL",IF(ABS($Q7-Publication_Import!$F7)<=0.000001,"PASS","FAIL"))) | AA7: =IF($A7="","",IF(AND($W7="OK",$X7="PASS",$Y7="PASS",$Z7="PASS",IFERROR(INDEX(Checks!$S$7:$S$156,MATCH($B7,Checks!$B$7:$B$156,0)),"HOLD")="READY"),"READY","HOLD")) | AB7: =IF($A7="","",IF($AA7="READY","Ready for publication import",IF($W7<>"OK",$W7,IFERROR(INDEX(Checks!$T$7:$T$156,MATCH($B7,Checks!$B$7:$B$156,0)),"Add a valid cost pool"))))
A8: =IF(COUNTA(Inputs!$A$165:$H$165)>0,"Y","") | B8: =IF(Inputs!A165="","",Inputs!A165) | C8: =IF(Inputs!B165="","",Inputs!B165) | D8: =IF(Inputs!D165="","",Inputs!D165) | E8: =IF(Inputs!E165="","",Inputs!E165) | F8: =IF(Inputs!F165="","",Inputs!F165) | G8: =IF($B8="","",IFERROR(INDEX(Inputs!$A$7:$A$156,MATCH($B8,Inputs!$C$7:$C$156,0)),"")) | H8: =IF($B8="","",IFERROR(INDEX(Inputs!$B$7:$B$156,MATCH($B8,Inputs!$C$7:$C$156,0)),"")) | I8: =IF($B8="","",IFERROR(INDEX(Inputs!$E$7:$E$156,MATCH($B8,Inputs!$C$7:$C$156,0)),"")) | J8: =IF($B8="","",IFERROR(INDEX(Inputs!$F$7:$F$156,MATCH($B8,Inputs!$C$7:$C$156,0)),"")) | K8: =IF($B8="","",IFERROR(INDEX(Inputs!$G$7:$G$156,MATCH($B8,Inputs!$C$7:$C$156,0)),"")) | L8: =IF($B8="","",IFERROR(INDEX(Inputs!$H$7:$H$156,MATCH($B8,Inputs!$C$7:$C$156,0)),"")) | M8: =IF($A8="","",IF(OR($E8="",$K8="",$L8=""),"N",IF(OR($E8<$K8,$E8>$L8),"Y","N"))) | N8: =IF($A8="","",IF(Inputs!G165="","",Inputs!G165)) | O8: =IF($A8="","",IF($D8<>"CHARGEABLE","",SUMIFS($E$7:$E$156,$B$7:$B$156,$B8,$D$7:$D$156,"CHARGEABLE",$C$7:$C$156,"<>",$E$7:$E$156,">=0",$F$7:$F$156,"<>"))) | P8: =IF($A8="","",IF($D8<>"CHARGEABLE",IF(OR($D8="NON_PUBLIC_RESEARCH",$D8="CAPITAL",$D8="PENALTIES",$D8="RECOVERED_ELSEWHERE"),0,""),IF(OR($C8="",$E8="",$F8="",$I8="",$J8="",$O8<=0),"",$E8/$O8))) | Q8: =IF($A8="","",IF($D8<>"CHARGEABLE",IF(OR($D8="NON_PUBLIC_RESEARCH",$D8="CAPITAL",$D8="PENALTIES",$D8="RECOVERED_ELSEWHERE"),0,""),IF(OR($P8="",$I8=""),"",$I8*$P8))) | R8: =IF($A8="","",IF($D8<>"CHARGEABLE",IF(OR($D8="NON_PUBLIC_RESEARCH",$D8="CAPITAL",$D8="PENALTIES",$D8="RECOVERED_ELSEWHERE"),0,""),IF($P8="","",ROUND($P8*100,1)/100))) | S8: =IF($A8="","",IF($D8<>"CHARGEABLE",IF(OR($D8="NON_PUBLIC_RESEARCH",$D8="CAPITAL",$D8="PENALTIES",$D8="RECOVERED_ELSEWHERE"),0,""),IF($Q8="","",ROUND($Q8,0)))) | T8: =IF($A8="","",IF(OR($J8="EQUIPMENT_HOURS",$J8="STAFF_HOURS",$J8="FLOOR_AREA"),"Y",IF($J8="METERED","N",""))) | U8: =IF($A8="","",IF($D8="CHARGEABLE","N",IF(OR($D8="NON_PUBLIC_RESEARCH",$D8="CAPITAL",$D8="PENALTIES",$D8="RECOVERED_ELSEWHERE"),"Y",""))) | V8: =IF(OR($G8="",$C8=""),"",$G8&"|"&$C8) | W8: =IF($A8="","",IF($B8="","Missing Cost Pool ID",IF($C8="","Missing Program Code",IF($D8="","Missing Scope Code",IF(AND($D8<>"CHARGEABLE",$D8<>"NON_PUBLIC_RESEARCH",$D8<>"CAPITAL",$D8<>"PENALTIES",$D8<>"RECOVERED_ELSEWHERE"),"Invalid Scope Code",IF($G8="","Missing Methodology ID",IF($J8="","Pool basis unresolved",IF(AND($B8<>"",$C8<>"",COUNTIFS($B$7:$B$156,$B8,$C$7:$C$156,$C8)>1),"Duplicate Cost Pool / Program",IF(AND($V8<>"",COUNTIF($V$7:$V$156,$V8)>1),"Duplicate Methodology / Program",IF(AND($D8="CHARGEABLE",$E8=""),"Missing usage quantity",IF(AND($D8="CHARGEABLE",$F8=""),"Missing evidence reference",IF(AND($D8="CHARGEABLE",NOT(ISNUMBER($E8))),"Usage quantity not numeric",IF(AND($D8="CHARGEABLE",$E8<0),"Usage quantity is negative",IF(AND($U8="Y",Inputs!$H$165=""),"Missing exclusion note","OK")))))))))))))) | X8: =IF($A8="","",IFERROR(INDEX(Checks!$O$7:$O$156,MATCH($B8,Checks!$B$7:$B$156,0)),"FAIL")) | Y8: =IF($A8="","",IFERROR(INDEX(Checks!$Q$7:$Q$156,MATCH($B8,Checks!$B$7:$B$156,0)),"FAIL")) | Z8: =IF($A8="","",IF(OR($Q8="",Publication_Import!$F8=""),"FAIL",IF(ABS($Q8-Publication_Import!$F8)<=0.000001,"PASS","FAIL"))) | AA8: =IF($A8="","",IF(AND($W8="OK",$X8="PASS",$Y8="PASS",$Z8="PASS",IFERROR(INDEX(Checks!$S$7:$S$156,MATCH($B8,Checks!$B$7:$B$156,0)),"HOLD")="READY"),"READY","HOLD")) | AB8: =IF($A8="","",IF($AA8="READY","Ready for publication import",IF($W8<>"OK",$W8,IFERROR(INDEX(Checks!$T$7:$T$156,MATCH($B8,Checks!$B$7:$B$156,0)),"Add a valid cost pool"))))
A9: =IF(COUNTA(Inputs!$A$166:$H$166)>0,"Y","") | B9: =IF(Inputs!A166="","",Inputs!A166) | C9: =IF(Inputs!B166="","",Inputs!B166) | D9: =IF(Inputs!D166="","",Inputs!D166) | E9: =IF(Inputs!E166="","",Inputs!E166) | F9: =IF(Inputs!F166="","",Inputs!F166) | G9: =IF($B9="","",IFERROR(INDEX(Inputs!$A$7:$A$156,MATCH($B9,Inputs!$C$7:$C$156,0)),"")) | H9: =IF($B9="","",IFERROR(INDEX(Inputs!$B$7:$B$156,MATCH($B9,Inputs!$C$7:$C$156,0)),"")) | I9: =IF($B9="","",IFERROR(INDEX(Inputs!$E$7:$E$156,MATCH($B9,Inputs!$C$7:$C$156,0)),"")) | J9: =IF($B9="","",IFERROR(INDEX(Inputs!$F$7:$F$156,MATCH($B9,Inputs!$C$7:$C$156,0)),"")) | K9: =IF($B9="","",IFERROR(INDEX(Inputs!$G$7:$G$156,MATCH($B9,Inputs!$C$7:$C$156,0)),"")) | L9: =IF($B9="","",IFERROR(INDEX(Inputs!$H$7:$H$156,MATCH($B9,Inputs!$C$7:$C$156,0)),"")) | M9: =IF($A9="","",IF(OR($E9="",$K9="",$L9=""),"N",IF(OR($E9<$K9,$E9>$L9),"Y","N"))) | N9: =IF($A9="","",IF(Inputs!G166="","",Inputs!G166)) | O9: =IF($A9="","",IF($D9<>"CHARGEABLE","",SUMIFS($E$7:$E$156,$B$7:$B$156,$B9,$D$7:$D$156,"CHARGEABLE",$C$7:$C$156,"<>",$E$7:$E$156,">=0",$F$7:$F$156,"<>"))) | P9: =IF($A9="","",IF($D9<>"CHARGEABLE",IF(OR($D9="NON_PUBLIC_RESEARCH",$D9="CAPITAL",$D9="PENALTIES",$D9="RECOVERED_ELSEWHERE"),0,""),IF(OR($C9="",$E9="",$F9="",$I9="",$J9="",$O9<=0),"",$E9/$O9))) | Q9: =IF($A9="","",IF($D9<>"CHARGEABLE",IF(OR($D9="NON_PUBLIC_RESEARCH",$D9="CAPITAL",$D9="PENALTIES",$D9="RECOVERED_ELSEWHERE"),0,""),IF(OR($P9="",$I9=""),"",$I9*$P9))) | R9: =IF($A9="","",IF($D9<>"CHARGEABLE",IF(OR($D9="NON_PUBLIC_RESEARCH",$D9="CAPITAL",$D9="PENALTIES",$D9="RECOVERED_ELSEWHERE"),0,""),IF($P9="","",ROUND($P9*100,1)/100))) | S9: =IF($A9="","",IF($D9<>"CHARGEABLE",IF(OR($D9="NON_PUBLIC_RESEARCH",$D9="CAPITAL",$D9="PENALTIES",$D9="RECOVERED_ELSEWHERE"),0,""),IF($Q9="","",ROUND($Q9,0)))) | T9: =IF($A9="","",IF(OR($J9="EQUIPMENT_HOURS",$J9="STAFF_HOURS",$J9="FLOOR_AREA"),"Y",IF($J9="METERED","N",""))) | U9: =IF($A9="","",IF($D9="CHARGEABLE","N",IF(OR($D9="NON_PUBLIC_RESEARCH",$D9="CAPITAL",$D9="PENALTIES",$D9="RECOVERED_ELSEWHERE"),"Y",""))) | V9: =IF(OR($G9="",$C9=""),"",$G9&"|"&$C9) | W9: =IF($A9="","",IF($B9="","Missing Cost Pool ID",IF($C9="","Missing Program Code",IF($D9="","Missing Scope Code",IF(AND($D9<>"CHARGEABLE",$D9<>"NON_PUBLIC_RESEARCH",$D9<>"CAPITAL",$D9<>"PENALTIES",$D9<>"RECOVERED_ELSEWHERE"),"Invalid Scope Code",IF($G9="","Missing Methodology ID",IF($J9="","Pool basis unresolved",IF(AND($B9<>"",$C9<>"",COUNTIFS($B$7:$B$156,$B9,$C$7:$C$156,$C9)>1),"Duplicate Cost Pool / Program",IF(AND($V9<>"",COUNTIF($V$7:$V$156,$V9)>1),"Duplicate Methodology / Program",IF(AND($D9="CHARGEABLE",$E9=""),"Missing usage quantity",IF(AND($D9="CHARGEABLE",$F9=""),"Missing evidence reference",IF(AND($D9="CHARGEABLE",NOT(ISNUMBER($E9))),"Usage quantity not numeric",IF(AND($D9="CHARGEABLE",$E9<0),"Usage quantity is negative",IF(AND($U9="Y",Inputs!$H$166=""),"Missing exclusion note","OK")))))))))))))) | X9: =IF($A9="","",IFERROR(INDEX(Checks!$O$7:$O$156,MATCH($B9,Checks!$B$7:$B$156,0)),"FAIL")) | Y9: =IF($A9="","",IFERROR(INDEX(Checks!$Q$7:$Q$156,MATCH($B9,Checks!$B$7:$B$156,0)),"FAIL")) | Z9: =IF($A9="","",IF(OR($Q9="",Publication_Import!$F9=""),"FAIL",IF(ABS($Q9-Publication_Import!$F9)<=0.000001,"PASS","FAIL"))) | AA9: =IF($A9="","",IF(AND($W9="OK",$X9="PASS",$Y9="PASS",$Z9="PASS",IFERROR(INDEX(Checks!$S$7:$S$156,MATCH($B9,Checks!$B$7:$B$156,0)),"HOLD")="READY"),"READY","HOLD")) | AB9: =IF($A9="","",IF($AA9="READY","Ready for publication import",IF($W9<>"OK",$W9,IFERROR(INDEX(Checks!$T$7:$T$156,MATCH($B9,Checks!$B$7:$B$156,0)),"Add a valid cost pool"))))
A10: =IF(COUNTA(Inputs!$A$167:$H$167)>0,"Y","") | B10: =IF(Inputs!A167="","",Inputs!A167) | C10: =IF(Inputs!B167="","",Inputs!B167) | D10: =IF(Inputs!D167="","",Inputs!D167) | E10: =IF(Inputs!E167="","",Inputs!E167) | F10: =IF(Inputs!F167="","",Inputs!F167) | G10: =IF($B10="","",IFERROR(INDEX(Inputs!$A$7:$A$156,MATCH($B10,Inputs!$C$7:$C$156,0)),"")) | H10: =IF($B10="","",IFERROR(INDEX(Inputs!$B$7:$B$156,MATCH($B10,Inputs!$C$7:$C$156,0)),"")) | I10: =IF($B10="","",IFERROR(INDEX(Inputs!$E$7:$E$156,MATCH($B10,Inputs!$C$7:$C$156,0)),"")) | J10: =IF($B10="","",IFERROR(INDEX(Inputs!$F$7:$F$156,MATCH($B10,Inputs!$C$7:$C$156,0)),"")) | K10: =IF($B10="","",IFERROR(INDEX(Inputs!$G$7:$G$156,MATCH($B10,Inputs!$C$7:$C$156,0)),"")) | L10: =IF($B10="","",IFERROR(INDEX(Inputs!$H$7:$H$156,MATCH($B10,Inputs!$C$7:$C$156,0)),"")) | M10: =IF($A10="","",IF(OR($E10="",$K10="",$L10=""),"N",IF(OR($E10<$K10,$E10>$L10),"Y","N"))) | N10: =IF($A10="","",IF(Inputs!G167="","",Inputs!G167)) | O10: =IF($A10="","",IF($D10<>"CHARGEABLE","",SUMIFS($E$7:$E$156,$B$7:$B$156,$B10,$D$7:$D$156,"CHARGEABLE",$C$7:$C$156,"<>",$E$7:$E$156,">=0",$F$7:$F$156,"<>"))) | P10: =IF($A10="","",IF($D10<>"CHARGEABLE",IF(OR($D10="NON_PUBLIC_RESEARCH",$D10="CAPITAL",$D10="PENALTIES",$D10="RECOVERED_ELSEWHERE"),0,""),IF(OR($C10="",$E10="",$F10="",$I10="",$J10="",$O10<=0),"",$E10/$O10))) | Q10: =IF($A10="","",IF($D10<>"CHARGEABLE",IF(OR($D10="NON_PUBLIC_RESEARCH",$D10="CAPITAL",$D10="PENALTIES",$D10="RECOVERED_ELSEWHERE"),0,""),IF(OR($P10="",$I10=""),"",$I10*$P10))) | R10: =IF($A10="","",IF($D10<>"CHARGEABLE",IF(OR($D10="NON_PUBLIC_RESEARCH",$D10="CAPITAL",$D10="PENALTIES",$D10="RECOVERED_ELSEWHERE"),0,""),IF($P10="","",ROUND($P10*100,1)/100))) | S10: =IF($A10="","",IF($D10<>"CHARGEABLE",IF(OR($D10="NON_PUBLIC_RESEARCH",$D10="CAPITAL",$D10="PENALTIES",$D10="RECOVERED_ELSEWHERE"),0,""),IF($Q10="","",ROUND($Q10,0)))) | T10: =IF($A10="","",IF(OR($J10="EQUIPMENT_HOURS",$J10="STAFF_HOURS",$J10="FLOOR_AREA"),"Y",IF($J10="METERED","N",""))) | U10: =IF($A10="","",IF($D10="CHARGEABLE","N",IF(OR($D10="NON_PUBLIC_RESEARCH",$D10="CAPITAL",$D10="PENALTIES",$D10="RECOVERED_ELSEWHERE"),"Y",""))) | V10: =IF(OR($G10="",$C10=""),"",$G10&"|"&$C10) | W10: =IF($A10="","",IF($B10="","Missing Cost Pool ID",IF($C10="","Missing Program Code",IF($D10="","Missing Scope Code",IF(AND($D10<>"CHARGEABLE",$D10<>"NON_PUBLIC_RESEARCH",$D10<>"CAPITAL",$D10<>"PENALTIES",$D10<>"RECOVERED_ELSEWHERE"),"Invalid Scope Code",IF($G10="","Missing Methodology ID",IF($J10="","Pool basis unresolved",IF(AND($B10<>"",$C10<>"",COUNTIFS($B$7:$B$156,$B10,$C$7:$C$156,$C10)>1),"Duplicate Cost Pool / Program",IF(AND($V10<>"",COUNTIF($V$7:$V$156,$V10)>1),"Duplicate Methodology / Program",IF(AND($D10="CHARGEABLE",$E10=""),"Missing usage quantity",IF(AND($D10="CHARGEABLE",$F10=""),"Missing evidence reference",IF(AND($D10="CHARGEABLE",NOT(ISNUMBER($E10))),"Usage quantity not numeric",IF(AND($D10="CHARGEABLE",$E10<0),"Usage quantity is negative",IF(AND($U10="Y",Inputs!$H$167=""),"Missing exclusion note","OK")))))))))))))) | X10: =IF($A10="","",IFERROR(INDEX(Checks!$O$7:$O$156,MATCH($B10,Checks!$B$7:$B$156,0)),"FAIL")) | Y10: =IF($A10="","",IFERROR(INDEX(Checks!$Q$7:$Q$156,MATCH($B10,Checks!$B$7:$B$156,0)),"FAIL")) | Z10: =IF($A10="","",IF(OR($Q10="",Publication_Import!$F10=""),"FAIL",IF(ABS($Q10-Publication_Import!$F10)<=0.000001,"PASS","FAIL"))) | AA10: =IF($A10="","",IF(AND($W10="OK",$X10="PASS",$Y10="PASS",$Z10="PASS",IFERROR(INDEX(Checks!$S$7:$S$156,MATCH($B10,Checks!$B$7:$B$156,0)),"HOLD")="READY"),"READY","HOLD")) | AB10: =IF($A10="","",IF($AA10="READY","Ready for publication import",IF($W10<>"OK",$W10,IFERROR(INDEX(Checks!$T$7:$T$156,MATCH($B10,Checks!$B$7:$B$156,0)),"Add a valid cost pool"))))
A11: =IF(COUNTA(Inputs!$A$168:$H$168)>0,"Y","") | B11: =IF(Inputs!A168="","",Inputs!A168) | C11: =IF(Inputs!B168="","",Inputs!B168) | D11: =IF(Inputs!D168="","",Inputs!D168) | E11: =IF(Inputs!E168="","",Inputs!E168) | F11: =IF(Inputs!F168="","",Inputs!F168) | G11: =IF($B11="","",IFERROR(INDEX(Inputs!$A$7:$A$156,MATCH($B11,Inputs!$C$7:$C$156,0)),"")) | H11: =IF($B11="","",IFERROR(INDEX(Inputs!$B$7:$B$156,MATCH($B11,Inputs!$C$7:$C$156,0)),"")) | I11: =IF($B11="","",IFERROR(INDEX(Inputs!$E$7:$E$156,MATCH($B11,Inputs!$C$7:$C$156,0)),"")) | J11: =IF($B11="","",IFERROR(INDEX(Inputs!$F$7:$F$156,MATCH($B11,Inputs!$C$7:$C$156,0)),"")) | K11: =IF($B11="","",IFERROR(INDEX(Inputs!$G$7:$G$156,MATCH($B11,Inputs!$C$7:$C$156,0)),"")) | L11: =IF($B11="","",IFERROR(INDEX(Inputs!$H$7:$H$156,MATCH($B11,Inputs!$C$7:$C$156,0)),"")) | M11: =IF($A11="","",IF(OR($E11="",$K11="",$L11=""),"N",IF(OR($E11<$K11,$E11>$L11),"Y","N"))) | N11: =IF($A11="","",IF(Inputs!G168="","",Inputs!G168)) | O11: =IF($A11="","",IF($D11<>"CHARGEABLE","",SUMIFS($E$7:$E$156,$B$7:$B$156,$B11,$D$7:$D$156,"CHARGEABLE",$C$7:$C$156,"<>",$E$7:$E$156,">=0",$F$7:$F$156,"<>"))) | P11: =IF($A11="","",IF($D11<>"CHARGEABLE",IF(OR($D11="NON_PUBLIC_RESEARCH",$D11="CAPITAL",$D11="PENALTIES",$D11="RECOVERED_ELSEWHERE"),0,""),IF(OR($C11="",$E11="",$F11="",$I11="",$J11="",$O11<=0),"",$E11/$O11))) | Q11: =IF($A11="","",IF($D11<>"CHARGEABLE",IF(OR($D11="NON_PUBLIC_RESEARCH",$D11="CAPITAL",$D11="PENALTIES",$D11="RECOVERED_ELSEWHERE"),0,""),IF(OR($P11="",$I11=""),"",$I11*$P11))) | R11: =IF($A11="","",IF($D11<>"CHARGEABLE",IF(OR($D11="NON_PUBLIC_RESEARCH",$D11="CAPITAL",$D11="PENALTIES",$D11="RECOVERED_ELSEWHERE"),0,""),IF($P11="","",ROUND($P11*100,1)/100))) | S11: =IF($A11="","",IF($D11<>"CHARGEABLE",IF(OR($D11="NON_PUBLIC_RESEARCH",$D11="CAPITAL",$D11="PENALTIES",$D11="RECOVERED_ELSEWHERE"),0,""),IF($Q11="","",ROUND($Q11,0)))) | T11: =IF($A11="","",IF(OR($J11="EQUIPMENT_HOURS",$J11="STAFF_HOURS",$J11="FLOOR_AREA"),"Y",IF($J11="METERED","N",""))) | U11: =IF($A11="","",IF($D11="CHARGEABLE","N",IF(OR($D11="NON_PUBLIC_RESEARCH",$D11="CAPITAL",$D11="PENALTIES",$D11="RECOVERED_ELSEWHERE"),"Y",""))) | V11: =IF(OR($G11="",$C11=""),"",$G11&"|"&$C11) | W11: =IF($A11="","",IF($B11="","Missing Cost Pool ID",IF($C11="","Missing Program Code",IF($D11="","Missing Scope Code",IF(AND($D11<>"CHARGEABLE",$D11<>"NON_PUBLIC_RESEARCH",$D11<>"CAPITAL",$D11<>"PENALTIES",$D11<>"RECOVERED_ELSEWHERE"),"Invalid Scope Code",IF($G11="","Missing Methodology ID",IF($J11="","Pool basis unresolved",IF(AND($B11<>"",$C11<>"",COUNTIFS($B$7:$B$156,$B11,$C$7:$C$156,$C11)>1),"Duplicate Cost Pool / Program",IF(AND($V11<>"",COUNTIF($V$7:$V$156,$V11)>1),"Duplicate Methodology / Program",IF(AND($D11="CHARGEABLE",$E11=""),"Missing usage quantity",IF(AND($D11="CHARGEABLE",$F11=""),"Missing evidence reference",IF(AND($D11="CHARGEABLE",NOT(ISNUMBER($E11))),"Usage quantity not numeric",IF(AND($D11="CHARGEABLE",$E11<0),"Usage quantity is negative",IF(AND($U11="Y",Inputs!$H$168=""),"Missing exclusion note","OK")))))))))))))) | X11: =IF($A11="","",IFERROR(INDEX(Checks!$O$7:$O$156,MATCH($B11,Checks!$B$7:$B$156,0)),"FAIL")) | Y11: =IF($A11="","",IFERROR(INDEX(Checks!$Q$7:$Q$156,MATCH($B11,Checks!$B$7:$B$156,0)),"FAIL")) | Z11: =IF($A11="","",IF(OR($Q11="",Publication_Import!$F11=""),"FAIL",IF(ABS($Q11-Publication_Import!$F11)<=0.000001,"PASS","FAIL"))) | AA11: =IF($A11="","",IF(AND($W11="OK",$X11="PASS",$Y11="PASS",$Z11="PASS",IFERROR(INDEX(Checks!$S$7:$S$156,MATCH($B11,Checks!$B$7:$B$156,0)),"HOLD")="READY"),"READY","HOLD")) | AB11: =IF($A11="","",IF($AA11="READY","Ready for publication import",IF($W11<>"OK",$W11,IFERROR(INDEX(Checks!$T$7:$T$156,MATCH($B11,Checks!$B$7:$B$156,0)),"Add a valid cost pool"))))
A12: =IF(COUNTA(Inputs!$A$169:$H$169)>0,"Y","") | B12: =IF(Inputs!A169="","",Inputs!A169) | C12: =IF(Inputs!B169="","",Inputs!B169) | D12: =IF(Inputs!D169="","",Inputs!D169) | E12: =IF(Inputs!E169="","",Inputs!E169) | F12: =IF(Inputs!F169="","",Inputs!F169) | G12: =IF($B12="","",IFERROR(INDEX(Inputs!$A$7:$A$156,MATCH($B12,Inputs!$C$7:$C$156,0)),"")) | H12: =IF($B12="","",IFERROR(INDEX(Inputs!$B$7:$B$156,MATCH($B12,Inputs!$C$7:$C$156,0)),"")) | I12: =IF($B12="","",IFERROR(INDEX(Inputs!$E$7:$E$156,MATCH($B12,Inputs!$C$7:$C$156,0)),"")) | J12: =IF($B12="","",IFERROR(INDEX(Inputs!$F$7:$F$156,MATCH($B12,Inputs!$C$7:$C$156,0)),"")) | K12: =IF($B12="","",IFERROR(INDEX(Inputs!$G$7:$G$156,MATCH($B12,Inputs!$C$7:$C$156,0)),"")) | L12: =IF($B12="","",IFERROR(INDEX(Inputs!$H$7:$H$156,MATCH($B12,Inputs!$C$7:$C$156,0)),"")) | M12: =IF($A12="","",IF(OR($E12="",$K12="",$L12=""),"N",IF(OR($E12<$K12,$E12>$L12),"Y","N"))) | N12: =IF($A12="","",IF(Inputs!G169="","",Inputs!G169)) | O12: =IF($A12="","",IF($D12<>"CHARGEABLE","",SUMIFS($E$7:$E$156,$B$7:$B$156,$B12,$D$7:$D$156,"CHARGEABLE",$C$7:$C$156,"<>",$E$7:$E$156,">=0",$F$7:$F$156,"<>"))) | P12: =IF($A12="","",IF($D12<>"CHARGEABLE",IF(OR($D12="NON_PUBLIC_RESEARCH",$D12="CAPITAL",$D12="PENALTIES",$D12="RECOVERED_ELSEWHERE"),0,""),IF(OR($C12="",$E12="",$F12="",$I12="",$J12="",$O12<=0),"",$E12/$O12))) | Q12: =IF($A12="","",IF($D12<>"CHARGEABLE",IF(OR($D12="NON_PUBLIC_RESEARCH",$D12="CAPITAL",$D12="PENALTIES",$D12="RECOVERED_ELSEWHERE"),0,""),IF(OR($P12="",$I12=""),"",$I12*$P12))) | R12: =IF($A12="","",IF($D12<>"CHARGEABLE",IF(OR($D12="NON_PUBLIC_RESEARCH",$D12="CAPITAL",$D12="PENALTIES",$D12="RECOVERED_ELSEWHERE"),0,""),IF($P12="","",ROUND($P12*100,1)/100))) | S12: =IF($A12="","",IF($D12<>"CHARGEABLE",IF(OR($D12="NON_PUBLIC_RESEARCH",$D12="CAPITAL",$D12="PENALTIES",$D12="RECOVERED_ELSEWHERE"),0,""),IF($Q12="","",ROUND($Q12,0)))) | T12: =IF($A12="","",IF(OR($J12="EQUIPMENT_HOURS",$J12="STAFF_HOURS",$J12="FLOOR_AREA"),"Y",IF($J12="METERED","N",""))) | U12: =IF($A12="","",IF($D12="CHARGEABLE","N",IF(OR($D12="NON_PUBLIC_RESEARCH",$D12="CAPITAL",$D12="PENALTIES",$D12="RECOVERED_ELSEWHERE"),"Y",""))) | V12: =IF(OR($G12="",$C12=""),"",$G12&"|"&$C12) | W12: =IF($A12="","",IF($B12="","Missing Cost Pool ID",IF($C12="","Missing Program Code",IF($D12="","Missing Scope Code",IF(AND($D12<>"CHARGEABLE",$D12<>"NON_PUBLIC_RESEARCH",$D12<>"CAPITAL",$D12<>"PENALTIES",$D12<>"RECOVERED_ELSEWHERE"),"Invalid Scope Code",IF($G12="","Missing Methodology ID",IF($J12="","Pool basis unresolved",IF(AND($B12<>"",$C12<>"",COUNTIFS($B$7:$B$156,$B12,$C$7:$C$156,$C12)>1),"Duplicate Cost Pool / Program",IF(AND($V12<>"",COUNTIF($V$7:$V$156,$V12)>1),"Duplicate Methodology / Program",IF(AND($D12="CHARGEABLE",$E12=""),"Missing usage quantity",IF(AND($D12="CHARGEABLE",$F12=""),"Missing evidence reference",IF(AND($D12="CHARGEABLE",NOT(ISNUMBER($E12))),"Usage quantity not numeric",IF(AND($D12="CHARGEABLE",$E12<0),"Usage quantity is negative",IF(AND($U12="Y",Inputs!$H$169=""),"Missing exclusion note","OK")))))))))))))) | X12: =IF($A12="","",IFERROR(INDEX(Checks!$O$7:$O$156,MATCH($B12,Checks!$B$7:$B$156,0)),"FAIL")) | Y12: =IF($A12="","",IFERROR(INDEX(Checks!$Q$7:$Q$156,MATCH($B12,Checks!$B$7:$B$156,0)),"FAIL")) | Z12: =IF($A12="","",IF(OR($Q12="",Publication_Import!$F12=""),"FAIL",IF(ABS($Q12-Publication_Import!$F12)<=0.000001,"PASS","FAIL"))) | AA12: =IF($A12="","",IF(AND($W12="OK",$X12="PASS",$Y12="PASS",$Z12="PASS",IFERROR(INDEX(Checks!$S$7:$S$156,MATCH($B12,Checks!$B$7:$B$156,0)),"HOLD")="READY"),"READY","HOLD")) | AB12: =IF($A12="","",IF($AA12="READY","Ready for publication import",IF($W12<>"OK",$W12,IFERROR(INDEX(Checks!$T$7:$T$156,MATCH($B12,Checks!$B$7:$B$156,0)),"Add a valid cost pool"))))
A13: =IF(COUNTA(Inputs!$A$170:$H$170)>0,"Y","") | B13: =IF(Inputs!A170="","",Inputs!A170) | C13: =IF(Inputs!B170="","",Inputs!B170) | D13: =IF(Inputs!D170="","",Inputs!D170) | E13: =IF(Inputs!E170="","",Inputs!E170) | F13: =IF(Inputs!F170="","",Inputs!F170) | G13: =IF($B13="","",IFERROR(INDEX(Inputs!$A$7:$A$156,MATCH($B13,Inputs!$C$7:$C$156,0)),"")) | H13: =IF($B13="","",IFERROR(INDEX(Inputs!$B$7:$B$156,MATCH($B13,Inputs!$C$7:$C$156,0)),"")) | I13: =IF($B13="","",IFERROR(INDEX(Inputs!$E$7:$E$156,MATCH($B13,Inputs!$C$7:$C$156,0)),"")) | J13: =IF($B13="","",IFERROR(INDEX(Inputs!$F$7:$F$156,MATCH($B13,Inputs!$C$7:$C$156,0)),"")) | K13: =IF($B13="","",IFERROR(INDEX(Inputs!$G$7:$G$156,MATCH($B13,Inputs!$C$7:$C$156,0)),"")) | L13: =IF($B13="","",IFERROR(INDEX(Inputs!$H$7:$H$156,MATCH($B13,Inputs!$C$7:$C$156,0)),"")) | M13: =IF($A13="","",IF(OR($E13="",$K13="",$L13=""),"N",IF(OR($E13<$K13,$E13>$L13),"Y","N"))) | N13: =IF($A13="","",IF(Inputs!G170="","",Inputs!G170)) | O13: =IF($A13="","",IF($D13<>"CHARGEABLE","",SUMIFS($E$7:$E$156,$B$7:$B$156,$B13,$D$7:$D$156,"CHARGEABLE",$C$7:$C$156,"<>",$E$7:$E$156,">=0",$F$7:$F$156,"<>"))) | P13: =IF($A13="","",IF($D13<>"CHARGEABLE",IF(OR($D13="NON_PUBLIC_RESEARCH",$D13="CAPITAL",$D13="PENALTIES",$D13="RECOVERED_ELSEWHERE"),0,""),IF(OR($C13="",$E13="",$F13="",$I13="",$J13="",$O13<=0),"",$E13/$O13))) | Q13: =IF($A13="","",IF($D13<>"CHARGEABLE",IF(OR($D13="NON_PUBLIC_RESEARCH",$D13="CAPITAL",$D13="PENALTIES",$D13="RECOVERED_ELSEWHERE"),0,""),IF(OR($P13="",$I13=""),"",$I13*$P13))) | R13: =IF($A13="","",IF($D13<>"CHARGEABLE",IF(OR($D13="NON_PUBLIC_RESEARCH",$D13="CAPITAL",$D13="PENALTIES",$D13="RECOVERED_ELSEWHERE"),0,""),IF($P13="","",ROUND($P13*100,1)/100))) | S13: =IF($A13="","",IF($D13<>"CHARGEABLE",IF(OR($D13="NON_PUBLIC_RESEARCH",$D13="CAPITAL",$D13="PENALTIES",$D13="RECOVERED_ELSEWHERE"),0,""),IF($Q13="","",ROUND($Q13,0)))) | T13: =IF($A13="","",IF(OR($J13="EQUIPMENT_HOURS",$J13="STAFF_HOURS",$J13="FLOOR_AREA"),"Y",IF($J13="METERED","N",""))) | U13: =IF($A13="","",IF($D13="CHARGEABLE","N",IF(OR($D13="NON_PUBLIC_RESEARCH",$D13="CAPITAL",$D13="PENALTIES",$D13="RECOVERED_ELSEWHERE"),"Y",""))) | V13: =IF(OR($G13="",$C13=""),"",$G13&"|"&$C13) | W13: =IF($A13="","",IF($B13="","Missing Cost Pool ID",IF($C13="","Missing Program Code",IF($D13="","Missing Scope Code",IF(AND($D13<>"CHARGEABLE",$D13<>"NON_PUBLIC_RESEARCH",$D13<>"CAPITAL",$D13<>"PENALTIES",$D13<>"RECOVERED_ELSEWHERE"),"Invalid Scope Code",IF($G13="","Missing Methodology ID",IF($J13="","Pool basis unresolved",IF(AND($B13<>"",$C13<>"",COUNTIFS($B$7:$B$156,$B13,$C$7:$C$156,$C13)>1),"Duplicate Cost Pool / Program",IF(AND($V13<>"",COUNTIF($V$7:$V$156,$V13)>1),"Duplicate Methodology / Program",IF(AND($D13="CHARGEABLE",$E13=""),"Missing usage quantity",IF(AND($D13="CHARGEABLE",$F13=""),"Missing evidence reference",IF(AND($D13="CHARGEABLE",NOT(ISNUMBER($E13))),"Usage quantity not numeric",IF(AND($D13="CHARGEABLE",$E13<0),"Usage quantity is negative",IF(AND($U13="Y",Inputs!$H$170=""),"Missing exclusion note","OK")))))))))))))) | X13: =IF($A13="","",IFERROR(INDEX(Checks!$O$7:$O$156,MATCH($B13,Checks!$B$7:$B$156,0)),"FAIL")) | Y13: =IF($A13="","",IFERROR(INDEX(Checks!$Q$7:$Q$156,MATCH($B13,Checks!$B$7:$B$156,0)),"FAIL")) | Z13: =IF($A13="","",IF(OR($Q13="",Publication_Import!$F13=""),"FAIL",IF(ABS($Q13-Publication_Import!$F13)<=0.000001,"PASS","FAIL"))) | AA13: =IF($A13="","",IF(AND($W13="OK",$X13="PASS",$Y13="PASS",$Z13="PASS",IFERROR(INDEX(Checks!$S$7:$S$156,MATCH($B13,Checks!$B$7:$B$156,0)),"HOLD")="READY"),"READY","HOLD")) | AB13: =IF($A13="","",IF($AA13="READY","Ready for publication import",IF($W13<>"OK",$W13,IFERROR(INDEX(Checks!$T$7:$T$156,MATCH($B13,Checks!$B$7:$B$156,0)),"Add a valid cost pool"))))
A14: =IF(COUNTA(Inputs!$A$171:$H$171)>0,"Y","") | B14: =IF(Inputs!A171="","",Inputs!A171) | C14: =IF(Inputs!B171="","",Inputs!B171) | D14: =IF(Inputs!D171="","",Inputs!D171) | E14: =IF(Inputs!E171="","",Inputs!E171) | F14: =IF(Inputs!F171="","",Inputs!F171) | G14: =IF($B14="","",IFERROR(INDEX(Inputs!$A$7:$A$156,MATCH($B14,Inputs!$C$7:$C$156,0)),"")) | H14: =IF($B14="","",IFERROR(INDEX(Inputs!$B$7:$B$156,MATCH($B14,Inputs!$C$7:$C$156,0)),"")) | I14: =IF($B14="","",IFERROR(INDEX(Inputs!$E$7:$E$156,MATCH($B14,Inputs!$C$7:$C$156,0)),"")) | J14: =IF($B14="","",IFERROR(INDEX(Inputs!$F$7:$F$156,MATCH($B14,Inputs!$C$7:$C$156,0)),"")) | K14: =IF($B14="","",IFERROR(INDEX(Inputs!$G$7:$G$156,MATCH($B14,Inputs!$C$7:$C$156,0)),"")) | L14: =IF($B14="","",IFERROR(INDEX(Inputs!$H$7:$H$156,MATCH($B14,Inputs!$C$7:$C$156,0)),"")) | M14: =IF($A14="","",IF(OR($E14="",$K14="",$L14=""),"N",IF(OR($E14<$K14,$E14>$L14),"Y","N"))) | N14: =IF($A14="","",IF(Inputs!G171="","",Inputs!G171)) | O14: =IF($A14="","",IF($D14<>"CHARGEABLE","",SUMIFS($E$7:$E$156,$B$7:$B$156,$B14,$D$7:$D$156,"CHARGEABLE",$C$7:$C$156,"<>",$E$7:$E$156,">=0",$F$7:$F$156,"<>"))) | P14: =IF($A14="","",IF($D14<>"CHARGEABLE",IF(OR($D14="NON_PUBLIC_RESEARCH",$D14="CAPITAL",$D14="PENALTIES",$D14="RECOVERED_ELSEWHERE"),0,""),IF(OR($C14="",$E14="",$F14="",$I14="",$J14="",$O14<=0),"",$E14/$O14))) | Q14: =IF($A14="","",IF($D14<>"CHARGEABLE",IF(OR($D14="NON_PUBLIC_RESEARCH",$D14="CAPITAL",$D14="PENALTIES",$D14="RECOVERED_ELSEWHERE"),0,""),IF(OR($P14="",$I14=""),"",$I14*$P14))) | R14: =IF($A14="","",IF($D14<>"CHARGEABLE",IF(OR($D14="NON_PUBLIC_RESEARCH",$D14="CAPITAL",$D14="PENALTIES",$D14="RECOVERED_ELSEWHERE"),0,""),IF($P14="","",ROUND($P14*100,1)/100))) | S14: =IF($A14="","",IF($D14<>"CHARGEABLE",IF(OR($D14="NON_PUBLIC_RESEARCH",$D14="CAPITAL",$D14="PENALTIES",$D14="RECOVERED_ELSEWHERE"),0,""),IF($Q14="","",ROUND($Q14,0)))) | T14: =IF($A14="","",IF(OR($J14="EQUIPMENT_HOURS",$J14="STAFF_HOURS",$J14="FLOOR_AREA"),"Y",IF($J14="METERED","N",""))) | U14: =IF($A14="","",IF($D14="CHARGEABLE","N",IF(OR($D14="NON_PUBLIC_RESEARCH",$D14="CAPITAL",$D14="PENALTIES",$D14="RECOVERED_ELSEWHERE"),"Y",""))) | V14: =IF(OR($G14="",$C14=""),"",$G14&"|"&$C14) | W14: =IF($A14="","",IF($B14="","Missing Cost Pool ID",IF($C14="","Missing Program Code",IF($D14="","Missing Scope Code",IF(AND($D14<>"CHARGEABLE",$D14<>"NON_PUBLIC_RESEARCH",$D14<>"CAPITAL",$D14<>"PENALTIES",$D14<>"RECOVERED_ELSEWHERE"),"Invalid Scope Code",IF($G14="","Missing Methodology ID",IF($J14="","Pool basis unresolved",IF(AND($B14<>"",$C14<>"",COUNTIFS($B$7:$B$156,$B14,$C$7:$C$156,$C14)>1),"Duplicate Cost Pool / Program",IF(AND($V14<>"",COUNTIF($V$7:$V$156,$V14)>1),"Duplicate Methodology / Program",IF(AND($D14="CHARGEABLE",$E14=""),"Missing usage quantity",IF(AND($D14="CHARGEABLE",$F14=""),"Missing evidence reference",IF(AND($D14="CHARGEABLE",NOT(ISNUMBER($E14))),"Usage quantity not numeric",IF(AND($D14="CHARGEABLE",$E14<0),"Usage quantity is negative",IF(AND($U14="Y",Inputs!$H$171=""),"Missing exclusion note","OK")))))))))))))) | X14: =IF($A14="","",IFERROR(INDEX(Checks!$O$7:$O$156,MATCH($B14,Checks!$B$7:$B$156,0)),"FAIL")) | Y14: =IF($A14="","",IFERROR(INDEX(Checks!$Q$7:$Q$156,MATCH($B14,Checks!$B$7:$B$156,0)),"FAIL")) | Z14: =IF($A14="","",IF(OR($Q14="",Publication_Import!$F14=""),"FAIL",IF(ABS($Q14-Publication_Import!$F14)<=0.000001,"PASS","FAIL"))) | AA14: =IF($A14="","",IF(AND($W14="OK",$X14="PASS",$Y14="PASS",$Z14="PASS",IFERROR(INDEX(Checks!$S$7:$S$156,MATCH($B14,Checks!$B$7:$B$156,0)),"HOLD")="READY"),"READY","HOLD")) | AB14: =IF($A14="","",IF($AA14="READY","Ready for publication import",IF($W14<>"OK",$W14,IFERROR(INDEX(Checks!$T$7:$T$156,MATCH($B14,Checks!$B$7:$B$156,0)),"Add a valid cost pool"))))
A15: =IF(COUNTA(Inputs!$A$172:$H$172)>0,"Y","") | B15: =IF(Inputs!A172="","",Inputs!A172) | C15: =IF(Inputs!B172="","",Inputs!B172) | D15: =IF(Inputs!D172="","",Inputs!D172) | E15: =IF(Inputs!E172="","",Inputs!E172) | F15: =IF(Inputs!F172="","",Inputs!F172) | G15: =IF($B15="","",IFERROR(INDEX(Inputs!$A$7:$A$156,MATCH($B15,Inputs!$C$7:$C$156,0)),"")) | H15: =IF($B15="","",IFERROR(INDEX(Inputs!$B$7:$B$156,MATCH($B15,Inputs!$C$7:$C$156,0)),"")) | I15: =IF($B15="","",IFERROR(INDEX(Inputs!$E$7:$E$156,MATCH($B15,Inputs!$C$7:$C$156,0)),"")) | J15: =IF($B15="","",IFERROR(INDEX(Inputs!$F$7:$F$156,MATCH($B15,Inputs!$C$7:$C$156,0)),"")) | K15: =IF($B15="","",IFERROR(INDEX(Inputs!$G$7:$G$156,MATCH($B15,Inputs!$C$7:$C$156,0)),"")) | L15: =IF($B15="","",IFERROR(INDEX(Inputs!$H$7:$H$156,MATCH($B15,Inputs!$C$7:$C$156,0)),"")) | M15: =IF($A15="","",IF(OR($E15="",$K15="",$L15=""),"N",IF(OR($E15<$K15,$E15>$L15),"Y","N"))) | N15: =IF($A15="","",IF(Inputs!G172="","",Inputs!G172)) | O15: =IF($A15="","",IF($D15<>"CHARGEABLE","",SUMIFS($E$7:$E$156,$B$7:$B$156,$B15,$D$7:$D$156,"CHARGEABLE",$C$7:$C$156,"<>",$E$7:$E$156,">=0",$F$7:$F$156,"<>"))) | P15: =IF($A15="","",IF($D15<>"CHARGEABLE",IF(OR($D15="NON_PUBLIC_RESEARCH",$D15="CAPITAL",$D15="PENALTIES",$D15="RECOVERED_ELSEWHERE"),0,""),IF(OR($C15="",$E15="",$F15="",$I15="",$J15="",$O15<=0),"",$E15/$O15))) | Q15: =IF($A15="","",IF($D15<>"CHARGEABLE",IF(OR($D15="NON_PUBLIC_RESEARCH",$D15="CAPITAL",$D15="PENALTIES",$D15="RECOVERED_ELSEWHERE"),0,""),IF(OR($P15="",$I15=""),"",$I15*$P15))) | R15: =IF($A15="","",IF($D15<>"CHARGEABLE",IF(OR($D15="NON_PUBLIC_RESEARCH",$D15="CAPITAL",$D15="PENALTIES",$D15="RECOVERED_ELSEWHERE"),0,""),IF($P15="","",ROUND($P15*100,1)/100))) | S15: =IF($A15="","",IF($D15<>"CHARGEABLE",IF(OR($D15="NON_PUBLIC_RESEARCH",$D15="CAPITAL",$D15="PENALTIES",$D15="RECOVERED_ELSEWHERE"),0,""),IF($Q15="","",ROUND($Q15,0)))) | T15: =IF($A15="","",IF(OR($J15="EQUIPMENT_HOURS",$J15="STAFF_HOURS",$J15="FLOOR_AREA"),"Y",IF($J15="METERED","N",""))) | U15: =IF($A15="","",IF($D15="CHARGEABLE","N",IF(OR($D15="NON_PUBLIC_RESEARCH",$D15="CAPITAL",$D15="PENALTIES",$D15="RECOVERED_ELSEWHERE"),"Y",""))) | V15: =IF(OR($G15="",$C15=""),"",$G15&"|"&$C15) | W15: =IF($A15="","",IF($B15="","Missing Cost Pool ID",IF($C15="","Missing Program Code",IF($D15="","Missing Scope Code",IF(AND($D15<>"CHARGEABLE",$D15<>"NON_PUBLIC_RESEARCH",$D15<>"CAPITAL",$D15<>"PENALTIES",$D15<>"RECOVERED_ELSEWHERE"),"Invalid Scope Code",IF($G15="","Missing Methodology ID",IF($J15="","Pool basis unresolved",IF(AND($B15<>"",$C15<>"",COUNTIFS($B$7:$B$156,$B15,$C$7:$C$156,$C15)>1),"Duplicate Cost Pool / Program",IF(AND($V15<>"",COUNTIF($V$7:$V$156,$V15)>1),"Duplicate Methodology / Program",IF(AND($D15="CHARGEABLE",$E15=""),"Missing usage quantity",IF(AND($D15="CHARGEABLE",$F15=""),"Missing evidence reference",IF(AND($D15="CHARGEABLE",NOT(ISNUMBER($E15))),"Usage quantity not numeric",IF(AND($D15="CHARGEABLE",$E15<0),"Usage quantity is negative",IF(AND($U15="Y",Inputs!$H$172=""),"Missing exclusion note","OK")))))))))))))) | X15: =IF($A15="","",IFERROR(INDEX(Checks!$O$7:$O$156,MATCH($B15,Checks!$B$7:$B$156,0)),"FAIL")) | Y15: =IF($A15="","",IFERROR(INDEX(Checks!$Q$7:$Q$156,MATCH($B15,Checks!$B$7:$B$156,0)),"FAIL")) | Z15: =IF($A15="","",IF(OR($Q15="",Publication_Import!$F15=""),"FAIL",IF(ABS($Q15-Publication_Import!$F15)<=0.000001,"PASS","FAIL"))) | AA15: =IF($A15="","",IF(AND($W15="OK",$X15="PASS",$Y15="PASS",$Z15="PASS",IFERROR(INDEX(Checks!$S$7:$S$156,MATCH($B15,Checks!$B$7:$B$156,0)),"HOLD")="READY"),"READY","HOLD")) | AB15: =IF($A15="","",IF($AA15="READY","Ready for publication import",IF($W15<>"OK",$W15,IFERROR(INDEX(Checks!$T$7:$T$156,MATCH($B15,Checks!$B$7:$B$156,0)),"Add a valid cost pool"))))
A16: =IF(COUNTA(Inputs!$A$173:$H$173)>0,"Y","") | B16: =IF(Inputs!A173="","",Inputs!A173) | C16: =IF(Inputs!B173="","",Inputs!B173) | D16: =IF(Inputs!D173="","",Inputs!D173) | E16: =IF(Inputs!E173="","",Inputs!E173) | F16: =IF(Inputs!F173="","",Inputs!F173) | G16: =IF($B16="","",IFERROR(INDEX(Inputs!$A$7:$A$156,MATCH($B16,Inputs!$C$7:$C$156,0)),"")) | H16: =IF($B16="","",IFERROR(INDEX(Inputs!$B$7:$B$156,MATCH($B16,Inputs!$C$7:$C$156,0)),"")) | I16: =IF($B16="","",IFERROR(INDEX(Inputs!$E$7:$E$156,MATCH($B16,Inputs!$C$7:$C$156,0)),"")) | J16: =IF($B16="","",IFERROR(INDEX(Inputs!$F$7:$F$156,MATCH($B16,Inputs!$C$7:$C$156,0)),"")) | K16: =IF($B16="","",IFERROR(INDEX(Inputs!$G$7:$G$156,MATCH($B16,Inputs!$C$7:$C$156,0)),"")) | L16: =IF($B16="","",IFERROR(INDEX(Inputs!$H$7:$H$156,MATCH($B16,Inputs!$C$7:$C$156,0)),"")) | M16: =IF($A16="","",IF(OR($E16="",$K16="",$L16=""),"N",IF(OR($E16<$K16,$E16>$L16),"Y","N"))) | N16: =IF($A16="","",IF(Inputs!G173="","",Inputs!G173)) | O16: =IF($A16="","",IF($D16<>"CHARGEABLE","",SUMIFS($E$7:$E$156,$B$7:$B$156,$B16,$D$7:$D$156,"CHARGEABLE",$C$7:$C$156,"<>",$E$7:$E$156,">=0",$F$7:$F$156,"<>"))) | P16: =IF($A16="","",IF($D16<>"CHARGEABLE",IF(OR($D16="NON_PUBLIC_RESEARCH",$D16="CAPITAL",$D16="PENALTIES",$D16="RECOVERED_ELSEWHERE"),0,""),IF(OR($C16="",$E16="",$F16="",$I16="",$J16="",$O16<=0),"",$E16/$O16))) | Q16: =IF($A16="","",IF($D16<>"CHARGEABLE",IF(OR($D16="NON_PUBLIC_RESEARCH",$D16="CAPITAL",$D16="PENALTIES",$D16="RECOVERED_ELSEWHERE"),0,""),IF(OR($P16="",$I16=""),"",$I16*$P16))) | R16: =IF($A16="","",IF($D16<>"CHARGEABLE",IF(OR($D16="NON_PUBLIC_RESEARCH",$D16="CAPITAL",$D16="PENALTIES",$D16="RECOVERED_ELSEWHERE"),0,""),IF($P16="","",ROUND($P16*100,1)/100))) | S16: =IF($A16="","",IF($D16<>"CHARGEABLE",IF(OR($D16="NON_PUBLIC_RESEARCH",$D16="CAPITAL",$D16="PENALTIES",$D16="RECOVERED_ELSEWHERE"),0,""),IF($Q16="","",ROUND($Q16,0)))) | T16: =IF($A16="","",IF(OR($J16="EQUIPMENT_HOURS",$J16="STAFF_HOURS",$J16="FLOOR_AREA"),"Y",IF($J16="METERED","N",""))) | U16: =IF($A16="","",IF($D16="CHARGEABLE","N",IF(OR($D16="NON_PUBLIC_RESEARCH",$D16="CAPITAL",$D16="PENALTIES",$D16="RECOVERED_ELSEWHERE"),"Y",""))) | V16: =IF(OR($G16="",$C16=""),"",$G16&"|"&$C16) | W16: =IF($A16="","",IF($B16="","Missing Cost Pool ID",IF($C16="","Missing Program Code",IF($D16="","Missing Scope Code",IF(AND($D16<>"CHARGEABLE",$D16<>"NON_PUBLIC_RESEARCH",$D16<>"CAPITAL",$D16<>"PENALTIES",$D16<>"RECOVERED_ELSEWHERE"),"Invalid Scope Code",IF($G16="","Missing Methodology ID",IF($J16="","Pool basis unresolved",IF(AND($B16<>"",$C16<>"",COUNTIFS($B$7:$B$156,$B16,$C$7:$C$156,$C16)>1),"Duplicate Cost Pool / Program",IF(AND($V16<>"",COUNTIF($V$7:$V$156,$V16)>1),"Duplicate Methodology / Program",IF(AND($D16="CHARGEABLE",$E16=""),"Missing usage quantity",IF(AND($D16="CHARGEABLE",$F16=""),"Missing evidence reference",IF(AND($D16="CHARGEABLE",NOT(ISNUMBER($E16))),"Usage quantity not numeric",IF(AND($D16="CHARGEABLE",$E16<0),"Usage quantity is negative",IF(AND($U16="Y",Inputs!$H$173=""),"Missing exclusion note","OK")))))))))))))) | X16: =IF($A16="","",IFERROR(INDEX(Checks!$O$7:$O$156,MATCH($B16,Checks!$B$7:$B$156,0)),"FAIL")) | Y16: =IF($A16="","",IFERROR(INDEX(Checks!$Q$7:$Q$156,MATCH($B16,Checks!$B$7:$B$156,0)),"FAIL")) | Z16: =IF($A16="","",IF(OR($Q16="",Publication_Import!$F16=""),"FAIL",IF(ABS($Q16-Publication_Import!$F16)<=0.000001,"PASS","FAIL"))) | AA16: =IF($A16="","",IF(AND($W16="OK",$X16="PASS",$Y16="PASS",$Z16="PASS",IFERROR(INDEX(Checks!$S$7:$S$156,MATCH($B16,Checks!$B$7:$B$156,0)),"HOLD")="READY"),"READY","HOLD")) | AB16: =IF($A16="","",IF($AA16="READY","Ready for publication import",IF($W16<>"OK",$W16,IFERROR(INDEX(Checks!$T$7:$T$156,MATCH($B16,Checks!$B$7:$B$156,0)),"Add a valid cost pool"))))
A17: =IF(COUNTA(Inputs!$A$174:$H$174)>0,"Y","") | B17: =IF(Inputs!A174="","",Inputs!A174) | C17: =IF(Inputs!B174="","",Inputs!B174) | D17: =IF(Inputs!D174="","",Inputs!D174) | E17: =IF(Inputs!E174="","",Inputs!E174) | F17: =IF(Inputs!F174="","",Inputs!F174) | G17: =IF($B17="","",IFERROR(INDEX(Inputs!$A$7:$A$156,MATCH($B17,Inputs!$C$7:$C$156,0)),"")) | H17: =IF($B17="","",IFERROR(INDEX(Inputs!$B$7:$B$156,MATCH($B17,Inputs!$C$7:$C$156,0)),"")) | I17: =IF($B17="","",IFERROR(INDEX(Inputs!$E$7:$E$156,MATCH($B17,Inputs!$C$7:$C$156,0)),"")) | J17: =IF($B17="","",IFERROR(INDEX(Inputs!$F$7:$F$156,MATCH($B17,Inputs!$C$7:$C$156,0)),"")) | K17: =IF($B17="","",IFERROR(INDEX(Inputs!$G$7:$G$156,MATCH($B17,Inputs!$C$7:$C$156,0)),"")) | L17: =IF($B17="","",IFERROR(INDEX(Inputs!$H$7:$H$156,MATCH($B17,Inputs!$C$7:$C$156,0)),"")) | M17: =IF($A17="","",IF(OR($E17="",$K17="",$L17=""),"N",IF(OR($E17<$K17,$E17>$L17),"Y","N"))) | N17: =IF($A17="","",IF(Inputs!G174="","",Inputs!G174)) | O17: =IF($A17="","",IF($D17<>"CHARGEABLE","",SUMIFS($E$7:$E$156,$B$7:$B$156,$B17,$D$7:$D$156,"CHARGEABLE",$C$7:$C$156,"<>",$E$7:$E$156,">=0",$F$7:$F$156,"<>"))) | P17: =IF($A17="","",IF($D17<>"CHARGEABLE",IF(OR($D17="NON_PUBLIC_RESEARCH",$D17="CAPITAL",$D17="PENALTIES",$D17="RECOVERED_ELSEWHERE"),0,""),IF(OR($C17="",$E17="",$F17="",$I17="",$J17="",$O17<=0),"",$E17/$O17))) | Q17: =IF($A17="","",IF($D17<>"CHARGEABLE",IF(OR($D17="NON_PUBLIC_RESEARCH",$D17="CAPITAL",$D17="PENALTIES",$D17="RECOVERED_ELSEWHERE"),0,""),IF(OR($P17="",$I17=""),"",$I17*$P17))) | R17: =IF($A17="","",IF($D17<>"CHARGEABLE",IF(OR($D17="NON_PUBLIC_RESEARCH",$D17="CAPITAL",$D17="PENALTIES",$D17="RECOVERED_ELSEWHERE"),0,""),IF($P17="","",ROUND($P17*100,1)/100))) | S17: =IF($A17="","",IF($D17<>"CHARGEABLE",IF(OR($D17="NON_PUBLIC_RESEARCH",$D17="CAPITAL",$D17="PENALTIES",$D17="RECOVERED_ELSEWHERE"),0,""),IF($Q17="","",ROUND($Q17,0)))) | T17: =IF($A17="","",IF(OR($J17="EQUIPMENT_HOURS",$J17="STAFF_HOURS",$J17="FLOOR_AREA"),"Y",IF($J17="METERED","N",""))) | U17: =IF($A17="","",IF($D17="CHARGEABLE","N",IF(OR($D17="NON_PUBLIC_RESEARCH",$D17="CAPITAL",$D17="PENALTIES",$D17="RECOVERED_ELSEWHERE"),"Y",""))) | V17: =IF(OR($G17="",$C17=""),"",$G17&"|"&$C17) | W17: =IF($A17="","",IF($B17="","Missing Cost Pool ID",IF($C17="","Missing Program Code",IF($D17="","Missing Scope Code",IF(AND($D17<>"CHARGEABLE",$D17<>"NON_PUBLIC_RESEARCH",$D17<>"CAPITAL",$D17<>"PENALTIES",$D17<>"RECOVERED_ELSEWHERE"),"Invalid Scope Code",IF($G17="","Missing Methodology ID",IF($J17="","Pool basis unresolved",IF(AND($B17<>"",$C17<>"",COUNTIFS($B$7:$B$156,$B17,$C$7:$C$156,$C17)>1),"Duplicate Cost Pool / Program",IF(AND($V17<>"",COUNTIF($V$7:$V$156,$V17)>1),"Duplicate Methodology / Program",IF(AND($D17="CHARGEABLE",$E17=""),"Missing usage quantity",IF(AND($D17="CHARGEABLE",$F17=""),"Missing evidence reference",IF(AND($D17="CHARGEABLE",NOT(ISNUMBER($E17))),"Usage quantity not numeric",IF(AND($D17="CHARGEABLE",$E17<0),"Usage quantity is negative",IF(AND($U17="Y",Inputs!$H$174=""),"Missing exclusion note","OK")))))))))))))) | X17: =IF($A17="","",IFERROR(INDEX(Checks!$O$7:$O$156,MATCH($B17,Checks!$B$7:$B$156,0)),"FAIL")) | Y17: =IF($A17="","",IFERROR(INDEX(Checks!$Q$7:$Q$156,MATCH($B17,Checks!$B$7:$B$156,0)),"FAIL")) | Z17: =IF($A17="","",IF(OR($Q17="",Publication_Import!$F17=""),"FAIL",IF(ABS($Q17-Publication_Import!$F17)<=0.000001,"PASS","FAIL"))) | AA17: =IF($A17="","",IF(AND($W17="OK",$X17="PASS",$Y17="PASS",$Z17="PASS",IFERROR(INDEX(Checks!$S$7:$S$156,MATCH($B17,Checks!$B$7:$B$156,0)),"HOLD")="READY"),"READY","HOLD")) | AB17: =IF($A17="","",IF($AA17="READY","Ready for publication import",IF($W17<>"OK",$W17,IFERROR(INDEX(Checks!$T$7:$T$156,MATCH($B17,Checks!$B$7:$B$156,0)),"Add a valid cost pool"))))
A18: =IF(COUNTA(Inputs!$A$175:$H$175)>0,"Y","") | B18: =IF(Inputs!A175="","",Inputs!A175) | C18: =IF(Inputs!B175="","",Inputs!B175) | D18: =IF(Inputs!D175="","",Inputs!D175) | E18: =IF(Inputs!E175="","",Inputs!E175) | F18: =IF(Inputs!F175="","",Inputs!F175) | G18: =IF($B18="","",IFERROR(INDEX(Inputs!$A$7:$A$156,MATCH($B18,Inputs!$C$7:$C$156,0)),"")) | H18: =IF($B18="","",IFERROR(INDEX(Inputs!$B$7:$B$156,MATCH($B18,Inputs!$C$7:$C$156,0)),"")) | I18: =IF($B18="","",IFERROR(INDEX(Inputs!$E$7:$E$156,MATCH($B18,Inputs!$C$7:$C$156,0)),"")) | J18: =IF($B18="","",IFERROR(INDEX(Inputs!$F$7:$F$156,MATCH($B18,Inputs!$C$7:$C$156,0)),"")) | K18: =IF($B18="","",IFERROR(INDEX(Inputs!$G$7:$G$156,MATCH($B18,Inputs!$C$7:$C$156,0)),"")) | L18: =IF($B18="","",IFERROR(INDEX(Inputs!$H$7:$H$156,MATCH($B18,Inputs!$C$7:$C$156,0)),"")) | M18: =IF($A18="","",IF(OR($E18="",$K18="",$L18=""),"N",IF(OR($E18<$K18,$E18>$L18),"Y","N"))) | N18: =IF($A18="","",IF(Inputs!G175="","",Inputs!G175)) | O18: =IF($A18="","",IF($D18<>"CHARGEABLE","",SUMIFS($E$7:$E$156,$B$7:$B$156,$B18,$D$7:$D$156,"CHARGEABLE",$C$7:$C$156,"<>",$E$7:$E$156,">=0",$F$7:$F$156,"<>"))) | P18: =IF($A18="","",IF($D18<>"CHARGEABLE",IF(OR($D18="NON_PUBLIC_RESEARCH",$D18="CAPITAL",$D18="PENALTIES",$D18="RECOVERED_ELSEWHERE"),0,""),IF(OR($C18="",$E18="",$F18="",$I18="",$J18="",$O18<=0),"",$E18/$O18))) | Q18: =IF($A18="","",IF($D18<>"CHARGEABLE",IF(OR($D18="NON_PUBLIC_RESEARCH",$D18="CAPITAL",$D18="PENALTIES",$D18="RECOVERED_ELSEWHERE"),0,""),IF(OR($P18="",$I18=""),"",$I18*$P18))) | R18: =IF($A18="","",IF($D18<>"CHARGEABLE",IF(OR($D18="NON_PUBLIC_RESEARCH",$D18="CAPITAL",$D18="PENALTIES",$D18="RECOVERED_ELSEWHERE"),0,""),IF($P18="","",ROUND($P18*100,1)/100))) | S18: =IF($A18="","",IF($D18<>"CHARGEABLE",IF(OR($D18="NON_PUBLIC_RESEARCH",$D18="CAPITAL",$D18="PENALTIES",$D18="RECOVERED_ELSEWHERE"),0,""),IF($Q18="","",ROUND($Q18,0)))) | T18: =IF($A18="","",IF(OR($J18="EQUIPMENT_HOURS",$J18="STAFF_HOURS",$J18="FLOOR_AREA"),"Y",IF($J18="METERED","N",""))) | U18: =IF($A18="","",IF($D18="CHARGEABLE","N",IF(OR($D18="NON_PUBLIC_RESEARCH",$D18="CAPITAL",$D18="PENALTIES",$D18="RECOVERED_ELSEWHERE"),"Y",""))) | V18: =IF(OR($G18="",$C18=""),"",$G18&"|"&$C18) | W18: =IF($A18="","",IF($B18="","Missing Cost Pool ID",IF($C18="","Missing Program Code",IF($D18="","Missing Scope Code",IF(AND($D18<>"CHARGEABLE",$D18<>"NON_PUBLIC_RESEARCH",$D18<>"CAPITAL",$D18<>"PENALTIES",$D18<>"RECOVERED_ELSEWHERE"),"Invalid Scope Code",IF($G18="","Missing Methodology ID",IF($J18="","Pool basis unresolved",IF(AND($B18<>"",$C18<>"",COUNTIFS($B$7:$B$156,$B18,$C$7:$C$156,$C18)>1),"Duplicate Cost Pool / Program",IF(AND($V18<>"",COUNTIF($V$7:$V$156,$V18)>1),"Duplicate Methodology / Program",IF(AND($D18="CHARGEABLE",$E18=""),"Missing usage quantity",IF(AND($D18="CHARGEABLE",$F18=""),"Missing evidence reference",IF(AND($D18="CHARGEABLE",NOT(ISNUMBER($E18))),"Usage quantity not numeric",IF(AND($D18="CHARGEABLE",$E18<0),"Usage quantity is negative",IF(AND($U18="Y",Inputs!$H$175=""),"Missing exclusion note","OK")))))))))))))) | X18: =IF($A18="","",IFERROR(INDEX(Checks!$O$7:$O$156,MATCH($B18,Checks!$B$7:$B$156,0)),"FAIL")) | Y18: =IF($A18="","",IFERROR(INDEX(Checks!$Q$7:$Q$156,MATCH($B18,Checks!$B$7:$B$156,0)),"FAIL")) | Z18: =IF($A18="","",IF(OR($Q18="",Publication_Import!$F18=""),"FAIL",IF(ABS($Q18-Publication_Import!$F18)<=0.000001,"PASS","FAIL"))) | AA18: =IF($A18="","",IF(AND($W18="OK",$X18="PASS",$Y18="PASS",$Z18="PASS",IFERROR(INDEX(Checks!$S$7:$S$156,MATCH($B18,Checks!$B$7:$B$156,0)),"HOLD")="READY"),"READY","HOLD")) | AB18: =IF($A18="","",IF($AA18="READY","Ready for publication import",IF($W18<>"OK",$W18,IFERROR(INDEX(Checks!$T$7:$T$156,MATCH($B18,Checks!$B$7:$B$156,0)),"Add a valid cost pool"))))
A19: =IF(COUNTA(Inputs!$A$176:$H$176)>0,"Y","") | B19: =IF(Inputs!A176="","",Inputs!A176) | C19: =IF(Inputs!B176="","",Inputs!B176) | D19: =IF(Inputs!D176="","",Inputs!D176) | E19: =IF(Inputs!E176="","",Inputs!E176) | F19: =IF(Inputs!F176="","",Inputs!F176) | G19: =IF($B19="","",IFERROR(INDEX(Inputs!$A$7:$A$156,MATCH($B19,Inputs!$C$7:$C$156,0)),"")) | H19: =IF($B19="","",IFERROR(INDEX(Inputs!$B$7:$B$156,MATCH($B19,Inputs!$C$7:$C$156,0)),"")) | I19: =IF($B19="","",IFERROR(INDEX(Inputs!$E$7:$E$156,MATCH($B19,Inputs!$C$7:$C$156,0)),"")) | J19: =IF($B19="","",IFERROR(INDEX(Inputs!$F$7:$F$156,MATCH($B19,Inputs!$C$7:$C$156,0)),"")) | K19: =IF($B19="","",IFERROR(INDEX(Inputs!$G$7:$G$156,MATCH($B19,Inputs!$C$7:$C$156,0)),"")) | L19: =IF($B19="","",IFERROR(INDEX(Inputs!$H$7:$H$156,MATCH($B19,Inputs!$C$7:$C$156,0)),"")) | M19: =IF($A19="","",IF(OR($E19="",$K19="",$L19=""),"N",IF(OR($E19<$K19,$E19>$L19),"Y","N"))) | N19: =IF($A19="","",IF(Inputs!G176="","",Inputs!G176)) | O19: =IF($A19="","",IF($D19<>"CHARGEABLE","",SUMIFS($E$7:$E$156,$B$7:$B$156,$B19,$D$7:$D$156,"CHARGEABLE",$C$7:$C$156,"<>",$E$7:$E$156,">=0",$F$7:$F$156,"<>"))) | P19: =IF($A19="","",IF($D19<>"CHARGEABLE",IF(OR($D19="NON_PUBLIC_RESEARCH",$D19="CAPITAL",$D19="PENALTIES",$D19="RECOVERED_ELSEWHERE"),0,""),IF(OR($C19="",$E19="",$F19="",$I19="",$J19="",$O19<=0),"",$E19/$O19))) | Q19: =IF($A19="","",IF($D19<>"CHARGEABLE",IF(OR($D19="NON_PUBLIC_RESEARCH",$D19="CAPITAL",$D19="PENALTIES",$D19="RECOVERED_ELSEWHERE"),0,""),IF(OR($P19="",$I19=""),"",$I19*$P19))) | R19: =IF($A19="","",IF($D19<>"CHARGEABLE",IF(OR($D19="NON_PUBLIC_RESEARCH",$D19="CAPITAL",$D19="PENALTIES",$D19="RECOVERED_ELSEWHERE"),0,""),IF($P19="","",ROUND($P19*100,1)/100))) | S19: =IF($A19="","",IF($D19<>"CHARGEABLE",IF(OR($D19="NON_PUBLIC_RESEARCH",$D19="CAPITAL",$D19="PENALTIES",$D19="RECOVERED_ELSEWHERE"),0,""),IF($Q19="","",ROUND($Q19,0)))) | T19: =IF($A19="","",IF(OR($J19="EQUIPMENT_HOURS",$J19="STAFF_HOURS",$J19="FLOOR_AREA"),"Y",IF($J19="METERED","N",""))) | U19: =IF($A19="","",IF($D19="CHARGEABLE","N",IF(OR($D19="NON_PUBLIC_RESEARCH",$D19="CAPITAL",$D19="PENALTIES",$D19="RECOVERED_ELSEWHERE"),"Y",""))) | V19: =IF(OR($G19="",$C19=""),"",$G19&"|"&$C19) | W19: =IF($A19="","",IF($B19="","Missing Cost Pool ID",IF($C19="","Missing Program Code",IF($D19="","Missing Scope Code",IF(AND($D19<>"CHARGEABLE",$D19<>"NON_PUBLIC_RESEARCH",$D19<>"CAPITAL",$D19<>"PENALTIES",$D19<>"RECOVERED_ELSEWHERE"),"Invalid Scope Code",IF($G19="","Missing Methodology ID",IF($J19="","Pool basis unresolved",IF(AND($B19<>"",$C19<>"",COUNTIFS($B$7:$B$156,$B19,$C$7:$C$156,$C19)>1),"Duplicate Cost Pool / Program",IF(AND($V19<>"",COUNTIF($V$7:$V$156,$V19)>1),"Duplicate Methodology / Program",IF(AND($D19="CHARGEABLE",$E19=""),"Missing usage quantity",IF(AND($D19="CHARGEABLE",$F19=""),"Missing evidence reference",IF(AND($D19="CHARGEABLE",NOT(ISNUMBER($E19))),"Usage quantity not numeric",IF(AND($D19="CHARGEABLE",$E19<0),"Usage quantity is negative",IF(AND($U19="Y",Inputs!$H$176=""),"Missing exclusion note","OK")))))))))))))) | X19: =IF($A19="","",IFERROR(INDEX(Checks!$O$7:$O$156,MATCH($B19,Checks!$B$7:$B$156,0)),"FAIL")) | Y19: =IF($A19="","",IFERROR(INDEX(Checks!$Q$7:$Q$156,MATCH($B19,Checks!$B$7:$B$156,0)),"FAIL")) | Z19: =IF($A19="","",IF(OR($Q19="",Publication_Import!$F19=""),"FAIL",IF(ABS($Q19-Publication_Import!$F19)<=0.000001,"PASS","FAIL"))) | AA19: =IF($A19="","",IF(AND($W19="OK",$X19="PASS",$Y19="PASS",$Z19="PASS",IFERROR(INDEX(Checks!$S$7:$S$156,MATCH($B19,Checks!$B$7:$B$156,0)),"HOLD")="READY"),"READY","HOLD")) | AB19: =IF($A19="","",IF($AA19="READY","Ready for publication import",IF($W19<>"OK",$W19,IFERROR(INDEX(Checks!$T$7:$T$156,MATCH($B19,Checks!$B$7:$B$156,0)),"Add a valid cost pool"))))
A20: =IF(COUNTA(Inputs!$A$177:$H$177)>0,"Y","") | B20: =IF(Inputs!A177="","",Inputs!A177) | C20: =IF(Inputs!B177="","",Inputs!B177) | D20: =IF(Inputs!D177="","",Inputs!D177) | E20: =IF(Inputs!E177="","",Inputs!E177) | F20: =IF(Inputs!F177="","",Inputs!F177) | G20: =IF($B20="","",IFERROR(INDEX(Inputs!$A$7:$A$156,MATCH($B20,Inputs!$C$7:$C$156,0)),"")) | H20: =IF($B20="","",IFERROR(INDEX(Inputs!$B$7:$B$156,MATCH($B20,Inputs!$C$7:$C$156,0)),"")) | I20: =IF($B20="","",IFERROR(INDEX(Inputs!$E$7:$E$156,MATCH($B20,Inputs!$C$7:$C$156,0)),"")) | J20: =IF($B20="","",IFERROR(INDEX(Inputs!$F$7:$F$156,MATCH($B20,Inputs!$C$7:$C$156,0)),"")) | K20: =IF($B20="","",IFERROR(INDEX(Inputs!$G$7:$G$156,MATCH($B20,Inputs!$C$7:$C$156,0)),"")) | L20: =IF($B20="","",IFERROR(INDEX(Inputs!$H$7:$H$156,MATCH($B20,Inputs!$C$7:$C$156,0)),"")) | M20: =IF($A20="","",IF(OR($E20="",$K20="",$L20=""),"N",IF(OR($E20<$K20,$E20>$L20),"Y","N"))) | N20: =IF($A20="","",IF(Inputs!G177="","",Inputs!G177)) | O20: =IF($A20="","",IF($D20<>"CHARGEABLE","",SUMIFS($E$7:$E$156,$B$7:$B$156,$B20,$D$7:$D$156,"CHARGEABLE",$C$7:$C$156,"<>",$E$7:$E$156,">=0",$F$7:$F$156,"<>"))) | P20: =IF($A20="","",IF($D20<>"CHARGEABLE",IF(OR($D20="NON_PUBLIC_RESEARCH",$D20="CAPITAL",$D20="PENALTIES",$D20="RECOVERED_ELSEWHERE"),0,""),IF(OR($C20="",$E20="",$F20="",$I20="",$J20="",$O20<=0),"",$E20/$O20))) | Q20: =IF($A20="","",IF($D20<>"CHARGEABLE",IF(OR($D20="NON_PUBLIC_RESEARCH",$D20="CAPITAL",$D20="PENALTIES",$D20="RECOVERED_ELSEWHERE"),0,""),IF(OR($P20="",$I20=""),"",$I20*$P20))) | R20: =IF($A20="","",IF($D20<>"CHARGEABLE",IF(OR($D20="NON_PUBLIC_RESEARCH",$D20="CAPITAL",$D20="PENALTIES",$D20="RECOVERED_ELSEWHERE"),0,""),IF($P20="","",ROUND($P20*100,1)/100))) | S20: =IF($A20="","",IF($D20<>"CHARGEABLE",IF(OR($D20="NON_PUBLIC_RESEARCH",$D20="CAPITAL",$D20="PENALTIES",$D20="RECOVERED_ELSEWHERE"),0,""),IF($Q20="","",ROUND($Q20,0)))) | T20: =IF($A20="","",IF(OR($J20="EQUIPMENT_HOURS",$J20="STAFF_HOURS",$J20="FLOOR_AREA"),"Y",IF($J20="METERED","N",""))) | U20: =IF($A20="","",IF($D20="CHARGEABLE","N",IF(OR($D20="NON_PUBLIC_RESEARCH",$D20="CAPITAL",$D20="PENALTIES",$D20="RECOVERED_ELSEWHERE"),"Y",""))) | V20: =IF(OR($G20="",$C20=""),"",$G20&"|"&$C20) | W20: =IF($A20="","",IF($B20="","Missing Cost Pool ID",IF($C20="","Missing Program Code",IF($D20="","Missing Scope Code",IF(AND($D20<>"CHARGEABLE",$D20<>"NON_PUBLIC_RESEARCH",$D20<>"CAPITAL",$D20<>"PENALTIES",$D20<>"RECOVERED_ELSEWHERE"),"Invalid Scope Code",IF($G20="","Missing Methodology ID",IF($J20="","Pool basis unresolved",IF(AND($B20<>"",$C20<>"",COUNTIFS($B$7:$B$156,$B20,$C$7:$C$156,$C20)>1),"Duplicate Cost Pool / Program",IF(AND($V20<>"",COUNTIF($V$7:$V$156,$V20)>1),"Duplicate Methodology / Program",IF(AND($D20="CHARGEABLE",$E20=""),"Missing usage quantity",IF(AND($D20="CHARGEABLE",$F20=""),"Missing evidence reference",IF(AND($D20="CHARGEABLE",NOT(ISNUMBER($E20))),"Usage quantity not numeric",IF(AND($D20="CHARGEABLE",$E20<0),"Usage quantity is negative",IF(AND($U20="Y",Inputs!$H$177=""),"Missing exclusion note","OK")))))))))))))) | X20: =IF($A20="","",IFERROR(INDEX(Checks!$O$7:$O$156,MATCH($B20,Checks!$B$7:$B$156,0)),"FAIL")) | Y20: =IF($A20="","",IFERROR(INDEX(Checks!$Q$7:$Q$156,MATCH($B20,Checks!$B$7:$B$156,0)),"FAIL")) | Z20: =IF($A20="","",IF(OR($Q20="",Publication_Import!$F20=""),"FAIL",IF(ABS($Q20-Publication_Import!$F20)<=0.000001,"PASS","FAIL"))) | AA20: =IF($A20="","",IF(AND($W20="OK",$X20="PASS",$Y20="PASS",$Z20="PASS",IFERROR(INDEX(Checks!$S$7:$S$156,MATCH($B20,Checks!$B$7:$B$156,0)),"HOLD")="READY"),"READY","HOLD")) | AB20: =IF($A20="","",IF($AA20="READY","Ready for publication import",IF($W20<>"OK",$W20,IFERROR(INDEX(Checks!$T$7:$T$156,MATCH($B20,Checks!$B$7:$B$156,0)),"Add a valid cost pool"))))
A21: =IF(COUNTA(Inputs!$A$178:$H$178)>0,"Y","") | B21: =IF(Inputs!A178="","",Inputs!A178) | C21: =IF(Inputs!B178="","",Inputs!B178) | D21: =IF(Inputs!D178="","",Inputs!D178) | E21: =IF(Inputs!E178="","",Inputs!E178) | F21: =IF(Inputs!F178="","",Inputs!F178) | G21: =IF($B21="","",IFERROR(INDEX(Inputs!$A$7:$A$156,MATCH($B21,Inputs!$C$7:$C$156,0)),"")) | H21: =IF($B21="","",IFERROR(INDEX(Inputs!$B$7:$B$156,MATCH($B21,Inputs!$C$7:$C$156,0)),"")) | I21: =IF($B21="","",IFERROR(INDEX(Inputs!$E$7:$E$156,MATCH($B21,Inputs!$C$7:$C$156,0)),"")) | J21: =IF($B21="","",IFERROR(INDEX(Inputs!$F$7:$F$156,MATCH($B21,Inputs!$C$7:$C$156,0)),"")) | K21: =IF($B21="","",IFERROR(INDEX(Inputs!$G$7:$G$156,MATCH($B21,Inputs!$C$7:$C$156,0)),"")) | L21: =IF($B21="","",IFERROR(INDEX(Inputs!$H$7:$H$156,MATCH($B21,Inputs!$C$7:$C$156,0)),"")) | M21: =IF($A21="","",IF(OR($E21="",$K21="",$L21=""),"N",IF(OR($E21<$K21,$E21>$L21),"Y","N"))) | N21: =IF($A21="","",IF(Inputs!G178="","",Inputs!G178)) | O21: =IF($A21="","",IF($D21<>"CHARGEABLE","",SUMIFS($E$7:$E$156,$B$7:$B$156,$B21,$D$7:$D$156,"CHARGEABLE",$C$7:$C$156,"<>",$E$7:$E$156,">=0",$F$7:$F$156,"<>"))) | P21: =IF($A21="","",IF($D21<>"CHARGEABLE",IF(OR($D21="NON_PUBLIC_RESEARCH",$D21="CAPITAL",$D21="PENALTIES",$D21="RECOVERED_ELSEWHERE"),0,""),IF(OR($C21="",$E21="",$F21="",$I21="",$J21="",$O21<=0),"",$E21/$O21))) | Q21: =IF($A21="","",IF($D21<>"CHARGEABLE",IF(OR($D21="NON_PUBLIC_RESEARCH",$D21="CAPITAL",$D21="PENALTIES",$D21="RECOVERED_ELSEWHERE"),0,""),IF(OR($P21="",$I21=""),"",$I21*$P21))) | R21: =IF($A21="","",IF($D21<>"CHARGEABLE",IF(OR($D21="NON_PUBLIC_RESEARCH",$D21="CAPITAL",$D21="PENALTIES",$D21="RECOVERED_ELSEWHERE"),0,""),IF($P21="","",ROUND($P21*100,1)/100))) | S21: =IF($A21="","",IF($D21<>"CHARGEABLE",IF(OR($D21="NON_PUBLIC_RESEARCH",$D21="CAPITAL",$D21="PENALTIES",$D21="RECOVERED_ELSEWHERE"),0,""),IF($Q21="","",ROUND($Q21,0)))) | T21: =IF($A21="","",IF(OR($J21="EQUIPMENT_HOURS",$J21="STAFF_HOURS",$J21="FLOOR_AREA"),"Y",IF($J21="METERED","N",""))) | U21: =IF($A21="","",IF($D21="CHARGEABLE","N",IF(OR($D21="NON_PUBLIC_RESEARCH",$D21="CAPITAL",$D21="PENALTIES",$D21="RECOVERED_ELSEWHERE"),"Y",""))) | V21: =IF(OR($G21="",$C21=""),"",$G21&"|"&$C21) | W21: =IF($A21="","",IF($B21="","Missing Cost Pool ID",IF($C21="","Missing Program Code",IF($D21="","Missing Scope Code",IF(AND($D21<>"CHARGEABLE",$D21<>"NON_PUBLIC_RESEARCH",$D21<>"CAPITAL",$D21<>"PENALTIES",$D21<>"RECOVERED_ELSEWHERE"),"Invalid Scope Code",IF($G21="","Missing Methodology ID",IF($J21="","Pool basis unresolved",IF(AND($B21<>"",$C21<>"",COUNTIFS($B$7:$B$156,$B21,$C$7:$C$156,$C21)>1),"Duplicate Cost Pool / Program",IF(AND($V21<>"",COUNTIF($V$7:$V$156,$V21)>1),"Duplicate Methodology / Program",IF(AND($D21="CHARGEABLE",$E21=""),"Missing usage quantity",IF(AND($D21="CHARGEABLE",$F21=""),"Missing evidence reference",IF(AND($D21="CHARGEABLE",NOT(ISNUMBER($E21))),"Usage quantity not numeric",IF(AND($D21="CHARGEABLE",$E21<0),"Usage quantity is negative",IF(AND($U21="Y",Inputs!$H$178=""),"Missing exclusion note","OK")))))))))))))) | X21: =IF($A21="","",IFERROR(INDEX(Checks!$O$7:$O$156,MATCH($B21,Checks!$B$7:$B$156,0)),"FAIL")) | Y21: =IF($A21="","",IFERROR(INDEX(Checks!$Q$7:$Q$156,MATCH($B21,Checks!$B$7:$B$156,0)),"FAIL")) | Z21: =IF($A21="","",IF(OR($Q21="",Publication_Import!$F21=""),"FAIL",IF(ABS($Q21-Publication_Import!$F21)<=0.000001,"PASS","FAIL"))) | AA21: =IF($A21="","",IF(AND($W21="OK",$X21="PASS",$Y21="PASS",$Z21="PASS",IFERROR(INDEX(Checks!$S$7:$S$156,MATCH($B21,Checks!$B$7:$B$156,0)),"HOLD")="READY"),"READY","HOLD")) | AB21: =IF($A21="","",IF($AA21="READY","Ready for publication import",IF($W21<>"OK",$W21,IFERROR(INDEX(Checks!$T$7:$T$156,MATCH($B21,Checks!$B$7:$B$156,0)),"Add a valid cost pool"))))
A22: =IF(COUNTA(Inputs!$A$179:$H$179)>0,"Y","") | B22: =IF(Inputs!A179="","",Inputs!A179) | C22: =IF(Inputs!B179="","",Inputs!B179) | D22: =IF(Inputs!D179="","",Inputs!D179) | E22: =IF(Inputs!E179="","",Inputs!E179) | F22: =IF(Inputs!F179="","",Inputs!F179) | G22: =IF($B22="","",IFERROR(INDEX(Inputs!$A$7:$A$156,MATCH($B22,Inputs!$C$7:$C$156,0)),"")) | H22: =IF($B22="","",IFERROR(INDEX(Inputs!$B$7:$B$156,MATCH($B22,Inputs!$C$7:$C$156,0)),"")) | I22: =IF($B22="","",IFERROR(INDEX(Inputs!$E$7:$E$156,MATCH($B22,Inputs!$C$7:$C$156,0)),"")) | J22: =IF($B22="","",IFERROR(INDEX(Inputs!$F$7:$F$156,MATCH($B22,Inputs!$C$7:$C$156,0)),"")) | K22: =IF($B22="","",IFERROR(INDEX(Inputs!$G$7:$G$156,MATCH($B22,Inputs!$C$7:$C$156,0)),"")) | L22: =IF($B22="","",IFERROR(INDEX(Inputs!$H$7:$H$156,MATCH($B22,Inputs!$C$7:$C$156,0)),"")) | M22: =IF($A22="","",IF(OR($E22="",$K22="",$L22=""),"N",IF(OR($E22<$K22,$E22>$L22),"Y","N"))) | N22: =IF($A22="","",IF(Inputs!G179="","",Inputs!G179)) | O22: =IF($A22="","",IF($D22<>"CHARGEABLE","",SUMIFS($E$7:$E$156,$B$7:$B$156,$B22,$D$7:$D$156,"CHARGEABLE",$C$7:$C$156,"<>",$E$7:$E$156,">=0",$F$7:$F$156,"<>"))) | P22: =IF($A22="","",IF($D22<>"CHARGEABLE",IF(OR($D22="NON_PUBLIC_RESEARCH",$D22="CAPITAL",$D22="PENALTIES",$D22="RECOVERED_ELSEWHERE"),0,""),IF(OR($C22="",$E22="",$F22="",$I22="",$J22="",$O22<=0),"",$E22/$O22))) | Q22: =IF($A22="","",IF($D22<>"CHARGEABLE",IF(OR($D22="NON_PUBLIC_RESEARCH",$D22="CAPITAL",$D22="PENALTIES",$D22="RECOVERED_ELSEWHERE"),0,""),IF(OR($P22="",$I22=""),"",$I22*$P22))) | R22: =IF($A22="","",IF($D22<>"CHARGEABLE",IF(OR($D22="NON_PUBLIC_RESEARCH",$D22="CAPITAL",$D22="PENALTIES",$D22="RECOVERED_ELSEWHERE"),0,""),IF($P22="","",ROUND($P22*100,1)/100))) | S22: =IF($A22="","",IF($D22<>"CHARGEABLE",IF(OR($D22="NON_PUBLIC_RESEARCH",$D22="CAPITAL",$D22="PENALTIES",$D22="RECOVERED_ELSEWHERE"),0,""),IF($Q22="","",ROUND($Q22,0)))) | T22: =IF($A22="","",IF(OR($J22="EQUIPMENT_HOURS",$J22="STAFF_HOURS",$J22="FLOOR_AREA"),"Y",IF($J22="METERED","N",""))) | U22: =IF($A22="","",IF($D22="CHARGEABLE","N",IF(OR($D22="NON_PUBLIC_RESEARCH",$D22="CAPITAL",$D22="PENALTIES",$D22="RECOVERED_ELSEWHERE"),"Y",""))) | V22: =IF(OR($G22="",$C22=""),"",$G22&"|"&$C22) | W22: =IF($A22="","",IF($B22="","Missing Cost Pool ID",IF($C22="","Missing Program Code",IF($D22="","Missing Scope Code",IF(AND($D22<>"CHARGEABLE",$D22<>"NON_PUBLIC_RESEARCH",$D22<>"CAPITAL",$D22<>"PENALTIES",$D22<>"RECOVERED_ELSEWHERE"),"Invalid Scope Code",IF($G22="","Missing Methodology ID",IF($J22="","Pool basis unresolved",IF(AND($B22<>"",$C22<>"",COUNTIFS($B$7:$B$156,$B22,$C$7:$C$156,$C22)>1),"Duplicate Cost Pool / Program",IF(AND($V22<>"",COUNTIF($V$7:$V$156,$V22)>1),"Duplicate Methodology / Program",IF(AND($D22="CHARGEABLE",$E22=""),"Missing usage quantity",IF(AND($D22="CHARGEABLE",$F22=""),"Missing evidence reference",IF(AND($D22="CHARGEABLE",NOT(ISNUMBER($E22))),"Usage quantity not numeric",IF(AND($D22="CHARGEABLE",$E22<0),"Usage quantity is negative",IF(AND($U22="Y",Inputs!$H$179=""),"Missing exclusion note","OK")))))))))))))) | X22: =IF($A22="","",IFERROR(INDEX(Checks!$O$7:$O$156,MATCH($B22,Checks!$B$7:$B$156,0)),"FAIL")) | Y22: =IF($A22="","",IFERROR(INDEX(Checks!$Q$7:$Q$156,MATCH($B22,Checks!$B$7:$B$156,0)),"FAIL")) | Z22: =IF($A22="","",IF(OR($Q22="",Publication_Import!$F22=""),"FAIL",IF(ABS($Q22-Publication_Import!$F22)<=0.000001,"PASS","FAIL"))) | AA22: =IF($A22="","",IF(AND($W22="OK",$X22="PASS",$Y22="PASS",$Z22="PASS",IFERROR(INDEX(Checks!$S$7:$S$156,MATCH($B22,Checks!$B$7:$B$156,0)),"HOLD")="READY"),"READY","HOLD")) | AB22: =IF($A22="","",IF($AA22="READY","Ready for publication import",IF($W22<>"OK",$W22,IFERROR(INDEX(Checks!$T$7:$T$156,MATCH($B22,Checks!$B$7:$B$156,0)),"Add a valid cost pool"))))
A23: =IF(COUNTA(Inputs!$A$180:$H$180)>0,"Y","") | B23: =IF(Inputs!A180="","",Inputs!A180) | C23: =IF(Inputs!B180="","",Inputs!B180) | D23: =IF(Inputs!D180="","",Inputs!D180) | E23: =IF(Inputs!E180="","",Inputs!E180) | F23: =IF(Inputs!F180="","",Inputs!F180) | G23: =IF($B23="","",IFERROR(INDEX(Inputs!$A$7:$A$156,MATCH($B23,Inputs!$C$7:$C$156,0)),"")) | H23: =IF($B23="","",IFERROR(INDEX(Inputs!$B$7:$B$156,MATCH($B23,Inputs!$C$7:$C$156,0)),"")) | I23: =IF($B23="","",IFERROR(INDEX(Inputs!$E$7:$E$156,MATCH($B23,Inputs!$C$7:$C$156,0)),"")) | J23: =IF($B23="","",IFERROR(INDEX(Inputs!$F$7:$F$156,MATCH($B23,Inputs!$C$7:$C$156,0)),"")) | K23: =IF($B23="","",IFERROR(INDEX(Inputs!$G$7:$G$156,MATCH($B23,Inputs!$C$7:$C$156,0)),"")) | L23: =IF($B23="","",IFERROR(INDEX(Inputs!$H$7:$H$156,MATCH($B23,Inputs!$C$7:$C$156,0)),"")) | M23: =IF($A23="","",IF(OR($E23="",$K23="",$L23=""),"N",IF(OR($E23<$K23,$E23>$L23),"Y","N"))) | N23: =IF($A23="","",IF(Inputs!G180="","",Inputs!G180)) | O23: =IF($A23="","",IF($D23<>"CHARGEABLE","",SUMIFS($E$7:$E$156,$B$7:$B$156,$B23,$D$7:$D$156,"CHARGEABLE",$C$7:$C$156,"<>",$E$7:$E$156,">=0",$F$7:$F$156,"<>"))) | P23: =IF($A23="","",IF($D23<>"CHARGEABLE",IF(OR($D23="NON_PUBLIC_RESEARCH",$D23="CAPITAL",$D23="PENALTIES",$D23="RECOVERED_ELSEWHERE"),0,""),IF(OR($C23="",$E23="",$F23="",$I23="",$J23="",$O23<=0),"",$E23/$O23))) | Q23: =IF($A23="","",IF($D23<>"CHARGEABLE",IF(OR($D23="NON_PUBLIC_RESEARCH",$D23="CAPITAL",$D23="PENALTIES",$D23="RECOVERED_ELSEWHERE"),0,""),IF(OR($P23="",$I23=""),"",$I23*$P23))) | R23: =IF($A23="","",IF($D23<>"CHARGEABLE",IF(OR($D23="NON_PUBLIC_RESEARCH",$D23="CAPITAL",$D23="PENALTIES",$D23="RECOVERED_ELSEWHERE"),0,""),IF($P23="","",ROUND($P23*100,1)/100))) | S23: =IF($A23="","",IF($D23<>"CHARGEABLE",IF(OR($D23="NON_PUBLIC_RESEARCH",$D23="CAPITAL",$D23="PENALTIES",$D23="RECOVERED_ELSEWHERE"),0,""),IF($Q23="","",ROUND($Q23,0)))) | T23: =IF($A23="","",IF(OR($J23="EQUIPMENT_HOURS",$J23="STAFF_HOURS",$J23="FLOOR_AREA"),"Y",IF($J23="METERED","N",""))) | U23: =IF($A23="","",IF($D23="CHARGEABLE","N",IF(OR($D23="NON_PUBLIC_RESEARCH",$D23="CAPITAL",$D23="PENALTIES",$D23="RECOVERED_ELSEWHERE"),"Y",""))) | V23: =IF(OR($G23="",$C23=""),"",$G23&"|"&$C23) | W23: =IF($A23="","",IF($B23="","Missing Cost Pool ID",IF($C23="","Missing Program Code",IF($D23="","Missing Scope Code",IF(AND($D23<>"CHARGEABLE",$D23<>"NON_PUBLIC_RESEARCH",$D23<>"CAPITAL",$D23<>"PENALTIES",$D23<>"RECOVERED_ELSEWHERE"),"Invalid Scope Code",IF($G23="","Missing Methodology ID",IF($J23="","Pool basis unresolved",IF(AND($B23<>"",$C23<>"",COUNTIFS($B$7:$B$156,$B23,$C$7:$C$156,$C23)>1),"Duplicate Cost Pool / Program",IF(AND($V23<>"",COUNTIF($V$7:$V$156,$V23)>1),"Duplicate Methodology / Program",IF(AND($D23="CHARGEABLE",$E23=""),"Missing usage quantity",IF(AND($D23="CHARGEABLE",$F23=""),"Missing evidence reference",IF(AND($D23="CHARGEABLE",NOT(ISNUMBER($E23))),"Usage quantity not numeric",IF(AND($D23="CHARGEABLE",$E23<0),"Usage quantity is negative",IF(AND($U23="Y",Inputs!$H$180=""),"Missing exclusion note","OK")))))))))))))) | X23: =IF($A23="","",IFERROR(INDEX(Checks!$O$7:$O$156,MATCH($B23,Checks!$B$7:$B$156,0)),"FAIL")) | Y23: =IF($A23="","",IFERROR(INDEX(Checks!$Q$7:$Q$156,MATCH($B23,Checks!$B$7:$B$156,0)),"FAIL")) | Z23: =IF($A23="","",IF(OR($Q23="",Publication_Import!$F23=""),"FAIL",IF(ABS($Q23-Publication_Import!$F23)<=0.000001,"PASS","FAIL"))) | AA23: =IF($A23="","",IF(AND($W23="OK",$X23="PASS",$Y23="PASS",$Z23="PASS",IFERROR(INDEX(Checks!$S$7:$S$156,MATCH($B23,Checks!$B$7:$B$156,0)),"HOLD")="READY"),"READY","HOLD")) | AB23: =IF($A23="","",IF($AA23="READY","Ready for publication import",IF($W23<>"OK",$W23,IFERROR(INDEX(Checks!$T$7:$T$156,MATCH($B23,Checks!$B$7:$B$156,0)),"Add a valid cost pool"))))
A24: =IF(COUNTA(Inputs!$A$181:$H$181)>0,"Y","") | B24: =IF(Inputs!A181="","",Inputs!A181) | C24: =IF(Inputs!B181="","",Inputs!B181) | D24: =IF(Inputs!D181="","",Inputs!D181) | E24: =IF(Inputs!E181="","",Inputs!E181) | F24: =IF(Inputs!F181="","",Inputs!F181) | G24: =IF($B24="","",IFERROR(INDEX(Inputs!$A$7:$A$156,MATCH($B24,Inputs!$C$7:$C$156,0)),"")) | H24: =IF($B24="","",IFERROR(INDEX(Inputs!$B$7:$B$156,MATCH($B24,Inputs!$C$7:$C$156,0)),"")) | I24: =IF($B24="","",IFERROR(INDEX(Inputs!$E$7:$E$156,MATCH($B24,Inputs!$C$7:$C$156,0)),"")) | J24: =IF($B24="","",IFERROR(INDEX(Inputs!$F$7:$F$156,MATCH($B24,Inputs!$C$7:$C$156,0)),"")) | K24: =IF($B24="","",IFERROR(INDEX(Inputs!$G$7:$G$156,MATCH($B24,Inputs!$C$7:$C$156,0)),"")) | L24: =IF($B24="","",IFERROR(INDEX(Inputs!$H$7:$H$156,MATCH($B24,Inputs!$C$7:$C$156,0)),"")) | M24: =IF($A24="","",IF(OR($E24="",$K24="",$L24=""),"N",IF(OR($E24<$K24,$E24>$L24),"Y","N"))) | N24: =IF($A24="","",IF(Inputs!G181="","",Inputs!G181)) | O24: =IF($A24="","",IF($D24<>"CHARGEABLE","",SUMIFS($E$7:$E$156,$B$7:$B$156,$B24,$D$7:$D$156,"CHARGEABLE",$C$7:$C$156,"<>",$E$7:$E$156,">=0",$F$7:$F$156,"<>"))) | P24: =IF($A24="","",IF($D24<>"CHARGEABLE",IF(OR($D24="NON_PUBLIC_RESEARCH",$D24="CAPITAL",$D24="PENALTIES",$D24="RECOVERED_ELSEWHERE"),0,""),IF(OR($C24="",$E24="",$F24="",$I24="",$J24="",$O24<=0),"",$E24/$O24))) | Q24: =IF($A24="","",IF($D24<>"CHARGEABLE",IF(OR($D24="NON_PUBLIC_RESEARCH",$D24="CAPITAL",$D24="PENALTIES",$D24="RECOVERED_ELSEWHERE"),0,""),IF(OR($P24="",$I24=""),"",$I24*$P24))) | R24: =IF($A24="","",IF($D24<>"CHARGEABLE",IF(OR($D24="NON_PUBLIC_RESEARCH",$D24="CAPITAL",$D24="PENALTIES",$D24="RECOVERED_ELSEWHERE"),0,""),IF($P24="","",ROUND($P24*100,1)/100))) | S24: =IF($A24="","",IF($D24<>"CHARGEABLE",IF(OR($D24="NON_PUBLIC_RESEARCH",$D24="CAPITAL",$D24="PENALTIES",$D24="RECOVERED_ELSEWHERE"),0,""),IF($Q24="","",ROUND($Q24,0)))) | T24: =IF($A24="","",IF(OR($J24="EQUIPMENT_HOURS",$J24="STAFF_HOURS",$J24="FLOOR_AREA"),"Y",IF($J24="METERED","N",""))) | U24: =IF($A24="","",IF($D24="CHARGEABLE","N",IF(OR($D24="NON_PUBLIC_RESEARCH",$D24="CAPITAL",$D24="PENALTIES",$D24="RECOVERED_ELSEWHERE"),"Y",""))) | V24: =IF(OR($G24="",$C24=""),"",$G24&"|"&$C24) | W24: =IF($A24="","",IF($B24="","Missing Cost Pool ID",IF($C24="","Missing Program Code",IF($D24="","Missing Scope Code",IF(AND($D24<>"CHARGEABLE",$D24<>"NON_PUBLIC_RESEARCH",$D24<>"CAPITAL",$D24<>"PENALTIES",$D24<>"RECOVERED_ELSEWHERE"),"Invalid Scope Code",IF($G24="","Missing Methodology ID",IF($J24="","Pool basis unresolved",IF(AND($B24<>"",$C24<>"",COUNTIFS($B$7:$B$156,$B24,$C$7:$C$156,$C24)>1),"Duplicate Cost Pool / Program",IF(AND($V24<>"",COUNTIF($V$7:$V$156,$V24)>1),"Duplicate Methodology / Program",IF(AND($D24="CHARGEABLE",$E24=""),"Missing usage quantity",IF(AND($D24="CHARGEABLE",$F24=""),"Missing evidence reference",IF(AND($D24="CHARGEABLE",NOT(ISNUMBER($E24))),"Usage quantity not numeric",IF(AND($D24="CHARGEABLE",$E24<0),"Usage quantity is negative",IF(AND($U24="Y",Inputs!$H$181=""),"Missing exclusion note","OK")))))))))))))) | X24: =IF($A24="","",IFERROR(INDEX(Checks!$O$7:$O$156,MATCH($B24,Checks!$B$7:$B$156,0)),"FAIL")) | Y24: =IF($A24="","",IFERROR(INDEX(Checks!$Q$7:$Q$156,MATCH($B24,Checks!$B$7:$B$156,0)),"FAIL")) | Z24: =IF($A24="","",IF(OR($Q24="",Publication_Import!$F24=""),"FAIL",IF(ABS($Q24-Publication_Import!$F24)<=0.000001,"PASS","FAIL"))) | AA24: =IF($A24="","",IF(AND($W24="OK",$X24="PASS",$Y24="PASS",$Z24="PASS",IFERROR(INDEX(Checks!$S$7:$S$156,MATCH($B24,Checks!$B$7:$B$156,0)),"HOLD")="READY"),"READY","HOLD")) | AB24: =IF($A24="","",IF($AA24="READY","Ready for publication import",IF($W24<>"OK",$W24,IFERROR(INDEX(Checks!$T$7:$T$156,MATCH($B24,Checks!$B$7:$B$156,0)),"Add a valid cost pool"))))
A25: =IF(COUNTA(Inputs!$A$182:$H$182)>0,"Y","") | B25: =IF(Inputs!A182="","",Inputs!A182) | C25: =IF(Inputs!B182="","",Inputs!B182) | D25: =IF(Inputs!D182="","",Inputs!D182) | E25: =IF(Inputs!E182="","",Inputs!E182) | F25: =IF(Inputs!F182="","",Inputs!F182) | G25: =IF($B25="","",IFERROR(INDEX(Inputs!$A$7:$A$156,MATCH($B25,Inputs!$C$7:$C$156,0)),"")) | H25: =IF($B25="","",IFERROR(INDEX(Inputs!$B$7:$B$156,MATCH($B25,Inputs!$C$7:$C$156,0)),"")) | I25: =IF($B25="","",IFERROR(INDEX(Inputs!$E$7:$E$156,MATCH($B25,Inputs!$C$7:$C$156,0)),"")) | J25: =IF($B25="","",IFERROR(INDEX(Inputs!$F$7:$F$156,MATCH($B25,Inputs!$C$7:$C$156,0)),"")) | K25: =IF($B25="","",IFERROR(INDEX(Inputs!$G$7:$G$156,MATCH($B25,Inputs!$C$7:$C$156,0)),"")) | L25: =IF($B25="","",IFERROR(INDEX(Inputs!$H$7:$H$156,MATCH($B25,Inputs!$C$7:$C$156,0)),"")) | M25: =IF($A25="","",IF(OR($E25="",$K25="",$L25=""),"N",IF(OR($E25<$K25,$E25>$L25),"Y","N"))) | N25: =IF($A25="","",IF(Inputs!G182="","",Inputs!G182)) | O25: =IF($A25="","",IF($D25<>"CHARGEABLE","",SUMIFS($E$7:$E$156,$B$7:$B$156,$B25,$D$7:$D$156,"CHARGEABLE",$C$7:$C$156,"<>",$E$7:$E$156,">=0",$F$7:$F$156,"<>"))) | P25: =IF($A25="","",IF($D25<>"CHARGEABLE",IF(OR($D25="NON_PUBLIC_RESEARCH",$D25="CAPITAL",$D25="PENALTIES",$D25="RECOVERED_ELSEWHERE"),0,""),IF(OR($C25="",$E25="",$F25="",$I25="",$J25="",$O25<=0),"",$E25/$O25))) | Q25: =IF($A25="","",IF($D25<>"CHARGEABLE",IF(OR($D25="NON_PUBLIC_RESEARCH",$D25="CAPITAL",$D25="PENALTIES",$D25="RECOVERED_ELSEWHERE"),0,""),IF(OR($P25="",$I25=""),"",$I25*$P25))) | R25: =IF($A25="","",IF($D25<>"CHARGEABLE",IF(OR($D25="NON_PUBLIC_RESEARCH",$D25="CAPITAL",$D25="PENALTIES",$D25="RECOVERED_ELSEWHERE"),0,""),IF($P25="","",ROUND($P25*100,1)/100))) | S25: =IF($A25="","",IF($D25<>"CHARGEABLE",IF(OR($D25="NON_PUBLIC_RESEARCH",$D25="CAPITAL",$D25="PENALTIES",$D25="RECOVERED_ELSEWHERE"),0,""),IF($Q25="","",ROUND($Q25,0)))) | T25: =IF($A25="","",IF(OR($J25="EQUIPMENT_HOURS",$J25="STAFF_HOURS",$J25="FLOOR_AREA"),"Y",IF($J25="METERED","N",""))) | U25: =IF($A25="","",IF($D25="CHARGEABLE","N",IF(OR($D25="NON_PUBLIC_RESEARCH",$D25="CAPITAL",$D25="PENALTIES",$D25="RECOVERED_ELSEWHERE"),"Y",""))) | V25: =IF(OR($G25="",$C25=""),"",$G25&"|"&$C25) | W25: =IF($A25="","",IF($B25="","Missing Cost Pool ID",IF($C25="","Missing Program Code",IF($D25="","Missing Scope Code",IF(AND($D25<>"CHARGEABLE",$D25<>"NON_PUBLIC_RESEARCH",$D25<>"CAPITAL",$D25<>"PENALTIES",$D25<>"RECOVERED_ELSEWHERE"),"Invalid Scope Code",IF($G25="","Missing Methodology ID",IF($J25="","Pool basis unresolved",IF(AND($B25<>"",$C25<>"",COUNTIFS($B$7:$B$156,$B25,$C$7:$C$156,$C25)>1),"Duplicate Cost Pool / Program",IF(AND($V25<>"",COUNTIF($V$7:$V$156,$V25)>1),"Duplicate Methodology / Program",IF(AND($D25="CHARGEABLE",$E25=""),"Missing usage quantity",IF(AND($D25="CHARGEABLE",$F25=""),"Missing evidence reference",IF(AND($D25="CHARGEABLE",NOT(ISNUMBER($E25))),"Usage quantity not numeric",IF(AND($D25="CHARGEABLE",$E25<0),"Usage quantity is negative",IF(AND($U25="Y",Inputs!$H$182=""),"Missing exclusion note","OK")))))))))))))) | X25: =IF($A25="","",IFERROR(INDEX(Checks!$O$7:$O$156,MATCH($B25,Checks!$B$7:$B$156,0)),"FAIL")) | Y25: =IF($A25="","",IFERROR(INDEX(Checks!$Q$7:$Q$156,MATCH($B25,Checks!$B$7:$B$156,0)),"FAIL")) | Z25: =IF($A25="","",IF(OR($Q25="",Publication_Import!$F25=""),"FAIL",IF(ABS($Q25-Publication_Import!$F25)<=0.000001,"PASS","FAIL"))) | AA25: =IF($A25="","",IF(AND($W25="OK",$X25="PASS",$Y25="PASS",$Z25="PASS",IFERROR(INDEX(Checks!$S$7:$S$156,MATCH($B25,Checks!$B$7:$B$156,0)),"HOLD")="READY"),"READY","HOLD")) | AB25: =IF($A25="","",IF($AA25="READY","Ready for publication import",IF($W25<>"OK",$W25,IFERROR(INDEX(Checks!$T$7:$T$156,MATCH($B25,Checks!$B$7:$B$156,0)),"Add a valid cost pool"))))
A26: =IF(COUNTA(Inputs!$A$183:$H$183)>0,"Y","") | B26: =IF(Inputs!A183="","",Inputs!A183) | C26: =IF(Inputs!B183="","",Inputs!B183) | D26: =IF(Inputs!D183="","",Inputs!D183) | E26: =IF(Inputs!E183="","",Inputs!E183) | F26: =IF(Inputs!F183="","",Inputs!F183) | G26: =IF($B26="","",IFERROR(INDEX(Inputs!$A$7:$A$156,MATCH($B26,Inputs!$C$7:$C$156,0)),"")) | H26: =IF($B26="","",IFERROR(INDEX(Inputs!$B$7:$B$156,MATCH($B26,Inputs!$C$7:$C$156,0)),"")) | I26: =IF($B26="","",IFERROR(INDEX(Inputs!$E$7:$E$156,MATCH($B26,Inputs!$C$7:$C$156,0)),"")) | J26: =IF($B26="","",IFERROR(INDEX(Inputs!$F$7:$F$156,MATCH($B26,Inputs!$C$7:$C$156,0)),"")) | K26: =IF($B26="","",IFERROR(INDEX(Inputs!$G$7:$G$156,MATCH($B26,Inputs!$C$7:$C$156,0)),"")) | L26: =IF($B26="","",IFERROR(INDEX(Inputs!$H$7:$H$156,MATCH($B26,Inputs!$C$7:$C$156,0)),"")) | M26: =IF($A26="","",IF(OR($E26="",$K26="",$L26=""),"N",IF(OR($E26<$K26,$E26>$L26),"Y","N"))) | N26: =IF($A26="","",IF(Inputs!G183="","",Inputs!G183)) | O26: =IF($A26="","",IF($D26<>"CHARGEABLE","",SUMIFS($E$7:$E$156,$B$7:$B$156,$B26,$D$7:$D$156,"CHARGEABLE",$C$7:$C$156,"<>",$E$7:$E$156,">=0",$F$7:$F$156,"<>"))) | P26: =IF($A26="","",IF($D26<>"CHARGEABLE",IF(OR($D26="NON_PUBLIC_RESEARCH",$D26="CAPITAL",$D26="PENALTIES",$D26="RECOVERED_ELSEWHERE"),0,""),IF(OR($C26="",$E26="",$F26="",$I26="",$J26="",$O26<=0),"",$E26/$O26))) | Q26: =IF($A26="","",IF($D26<>"CHARGEABLE",IF(OR($D26="NON_PUBLIC_RESEARCH",$D26="CAPITAL",$D26="PENALTIES",$D26="RECOVERED_ELSEWHERE"),0,""),IF(OR($P26="",$I26=""),"",$I26*$P26))) | R26: =IF($A26="","",IF($D26<>"CHARGEABLE",IF(OR($D26="NON_PUBLIC_RESEARCH",$D26="CAPITAL",$D26="PENALTIES",$D26="RECOVERED_ELSEWHERE"),0,""),IF($P26="","",ROUND($P26*100,1)/100))) | S26: =IF($A26="","",IF($D26<>"CHARGEABLE",IF(OR($D26="NON_PUBLIC_RESEARCH",$D26="CAPITAL",$D26="PENALTIES",$D26="RECOVERED_ELSEWHERE"),0,""),IF($Q26="","",ROUND($Q26,0)))) | T26: =IF($A26="","",IF(OR($J26="EQUIPMENT_HOURS",$J26="STAFF_HOURS",$J26="FLOOR_AREA"),"Y",IF($J26="METERED","N",""))) | U26: =IF($A26="","",IF($D26="CHARGEABLE","N",IF(OR($D26="NON_PUBLIC_RESEARCH",$D26="CAPITAL",$D26="PENALTIES",$D26="RECOVERED_ELSEWHERE"),"Y",""))) | V26: =IF(OR($G26="",$C26=""),"",$G26&"|"&$C26) | W26: =IF($A26="","",IF($B26="","Missing Cost Pool ID",IF($C26="","Missing Program Code",IF($D26="","Missing Scope Code",IF(AND($D26<>"CHARGEABLE",$D26<>"NON_PUBLIC_RESEARCH",$D26<>"CAPITAL",$D26<>"PENALTIES",$D26<>"RECOVERED_ELSEWHERE"),"Invalid Scope Code",IF($G26="","Missing Methodology ID",IF($J26="","Pool basis unresolved",IF(AND($B26<>"",$C26<>"",COUNTIFS($B$7:$B$156,$B26,$C$7:$C$156,$C26)>1),"Duplicate Cost Pool / Program",IF(AND($V26<>"",COUNTIF($V$7:$V$156,$V26)>1),"Duplicate Methodology / Program",IF(AND($D26="CHARGEABLE",$E26=""),"Missing usage quantity",IF(AND($D26="CHARGEABLE",$F26=""),"Missing evidence reference",IF(AND($D26="CHARGEABLE",NOT(ISNUMBER($E26))),"Usage quantity not numeric",IF(AND($D26="CHARGEABLE",$E26<0),"Usage quantity is negative",IF(AND($U26="Y",Inputs!$H$183=""),"Missing exclusion note","OK")))))))))))))) | X26: =IF($A26="","",IFERROR(INDEX(Checks!$O$7:$O$156,MATCH($B26,Checks!$B$7:$B$156,0)),"FAIL")) | Y26: =IF($A26="","",IFERROR(INDEX(Checks!$Q$7:$Q$156,MATCH($B26,Checks!$B$7:$B$156,0)),"FAIL")) | Z26: =IF($A26="","",IF(OR($Q26="",Publication_Import!$F26=""),"FAIL",IF(ABS($Q26-Publication_Import!$F26)<=0.000001,"PASS","FAIL"))) | AA26: =IF($A26="","",IF(AND($W26="OK",$X26="PASS",$Y26="PASS",$Z26="PASS",IFERROR(INDEX(Checks!$S$7:$S$156,MATCH($B26,Checks!$B$7:$B$156,0)),"HOLD")="READY"),"READY","HOLD")) | AB26: =IF($A26="","",IF($AA26="READY","Ready for publication import",IF($W26<>"OK",$W26,IFERROR(INDEX(Checks!$T$7:$T$156,MATCH($B26,Checks!$B$7:$B$156,0)),"Add a valid cost pool"))))
A27: =IF(COUNTA(Inputs!$A$184:$H$184)>0,"Y","") | B27: =IF(Inputs!A184="","",Inputs!A184) | C27: =IF(Inputs!B184="","",Inputs!B184) | D27: =IF(Inputs!D184="","",Inputs!D184) | E27: =IF(Inputs!E184="","",Inputs!E184) | F27: =IF(Inputs!F184="","",Inputs!F184) | G27: =IF($B27="","",IFERROR(INDEX(Inputs!$A$7:$A$156,MATCH($B27,Inputs!$C$7:$C$156,0)),"")) | H27: =IF($B27="","",IFERROR(INDEX(Inputs!$B$7:$B$156,MATCH($B27,Inputs!$C$7:$C$156,0)),"")) | I27: =IF($B27="","",IFERROR(INDEX(Inputs!$E$7:$E$156,MATCH($B27,Inputs!$C$7:$C$156,0)),"")) | J27: =IF($B27="","",IFERROR(INDEX(Inputs!$F$7:$F$156,MATCH($B27,Inputs!$C$7:$C$156,0)),"")) | K27: =IF($B27="","",IFERROR(INDEX(Inputs!$G$7:$G$156,MATCH($B27,Inputs!$C$7:$C$156,0)),"")) | L27: =IF($B27="","",IFERROR(INDEX(Inputs!$H$7:$H$156,MATCH($B27,Inputs!$C$7:$C$156,0)),"")) | M27: =IF($A27="","",IF(OR($E27="",$K27="",$L27=""),"N",IF(OR($E27<$K27,$E27>$L27),"Y","N"))) | N27: =IF($A27="","",IF(Inputs!G184="","",Inputs!G184)) | O27: =IF($A27="","",IF($D27<>"CHARGEABLE","",SUMIFS($E$7:$E$156,$B$7:$B$156,$B27,$D$7:$D$156,"CHARGEABLE",$C$7:$C$156,"<>",$E$7:$E$156,">=0",$F$7:$F$156,"<>"))) | P27: =IF($A27="","",IF($D27<>"CHARGEABLE",IF(OR($D27="NON_PUBLIC_RESEARCH",$D27="CAPITAL",$D27="PENALTIES",$D27="RECOVERED_ELSEWHERE"),0,""),IF(OR($C27="",$E27="",$F27="",$I27="",$J27="",$O27<=0),"",$E27/$O27))) | Q27: =IF($A27="","",IF($D27<>"CHARGEABLE",IF(OR($D27="NON_PUBLIC_RESEARCH",$D27="CAPITAL",$D27="PENALTIES",$D27="RECOVERED_ELSEWHERE"),0,""),IF(OR($P27="",$I27=""),"",$I27*$P27))) | R27: =IF($A27="","",IF($D27<>"CHARGEABLE",IF(OR($D27="NON_PUBLIC_RESEARCH",$D27="CAPITAL",$D27="PENALTIES",$D27="RECOVERED_ELSEWHERE"),0,""),IF($P27="","",ROUND($P27*100,1)/100))) | S27: =IF($A27="","",IF($D27<>"CHARGEABLE",IF(OR($D27="NON_PUBLIC_RESEARCH",$D27="CAPITAL",$D27="PENALTIES",$D27="RECOVERED_ELSEWHERE"),0,""),IF($Q27="","",ROUND($Q27,0)))) | T27: =IF($A27="","",IF(OR($J27="EQUIPMENT_HOURS",$J27="STAFF_HOURS",$J27="FLOOR_AREA"),"Y",IF($J27="METERED","N",""))) | U27: =IF($A27="","",IF($D27="CHARGEABLE","N",IF(OR($D27="NON_PUBLIC_RESEARCH",$D27="CAPITAL",$D27="PENALTIES",$D27="RECOVERED_ELSEWHERE"),"Y",""))) | V27: =IF(OR($G27="",$C27=""),"",$G27&"|"&$C27) | W27: =IF($A27="","",IF($B27="","Missing Cost Pool ID",IF($C27="","Missing Program Code",IF($D27="","Missing Scope Code",IF(AND($D27<>"CHARGEABLE",$D27<>"NON_PUBLIC_RESEARCH",$D27<>"CAPITAL",$D27<>"PENALTIES",$D27<>"RECOVERED_ELSEWHERE"),"Invalid Scope Code",IF($G27="","Missing Methodology ID",IF($J27="","Pool basis unresolved",IF(AND($B27<>"",$C27<>"",COUNTIFS($B$7:$B$156,$B27,$C$7:$C$156,$C27)>1),"Duplicate Cost Pool / Program",IF(AND($V27<>"",COUNTIF($V$7:$V$156,$V27)>1),"Duplicate Methodology / Program",IF(AND($D27="CHARGEABLE",$E27=""),"Missing usage quantity",IF(AND($D27="CHARGEABLE",$F27=""),"Missing evidence reference",IF(AND($D27="CHARGEABLE",NOT(ISNUMBER($E27))),"Usage quantity not numeric",IF(AND($D27="CHARGEABLE",$E27<0),"Usage quantity is negative",IF(AND($U27="Y",Inputs!$H$184=""),"Missing exclusion note","OK")))))))))))))) | X27: =IF($A27="","",IFERROR(INDEX(Checks!$O$7:$O$156,MATCH($B27,Checks!$B$7:$B$156,0)),"FAIL")) | Y27: =IF($A27="","",IFERROR(INDEX(Checks!$Q$7:$Q$156,MATCH($B27,Checks!$B$7:$B$156,0)),"FAIL")) | Z27: =IF($A27="","",IF(OR($Q27="",Publication_Import!$F27=""),"FAIL",IF(ABS($Q27-Publication_Import!$F27)<=0.000001,"PASS","FAIL"))) | AA27: =IF($A27="","",IF(AND($W27="OK",$X27="PASS",$Y27="PASS",$Z27="PASS",IFERROR(INDEX(Checks!$S$7:$S$156,MATCH($B27,Checks!$B$7:$B$156,0)),"HOLD")="READY"),"READY","HOLD")) | AB27: =IF($A27="","",IF($AA27="READY","Ready for publication import",IF($W27<>"OK",$W27,IFERROR(INDEX(Checks!$T$7:$T$156,MATCH($B27,Checks!$B$7:$B$156,0)),"Add a valid cost pool"))))
A28: =IF(COUNTA(Inputs!$A$185:$H$185)>0,"Y","") | B28: =IF(Inputs!A185="","",Inputs!A185) | C28: =IF(Inputs!B185="","",Inputs!B185) | D28: =IF(Inputs!D185="","",Inputs!D185) | E28: =IF(Inputs!E185="","",Inputs!E185) | F28: =IF(Inputs!F185="","",Inputs!F185) | G28: =IF($B28="","",IFERROR(INDEX(Inputs!$A$7:$A$156,MATCH($B28,Inputs!$C$7:$C$156,0)),"")) | H28: =IF($B28="","",IFERROR(INDEX(Inputs!$B$7:$B$156,MATCH($B28,Inputs!$C$7:$C$156,0)),"")) | I28: =IF($B28="","",IFERROR(INDEX(Inputs!$E$7:$E$156,MATCH($B28,Inputs!$C$7:$C$156,0)),"")) | J28: =IF($B28="","",IFERROR(INDEX(Inputs!$F$7:$F$156,MATCH($B28,Inputs!$C$7:$C$156,0)),"")) | K28: =IF($B28="","",IFERROR(INDEX(Inputs!$G$7:$G$156,MATCH($B28,Inputs!$C$7:$C$156,0)),"")) | L28: =IF($B28="","",IFERROR(INDEX(Inputs!$H$7:$H$156,MATCH($B28,Inputs!$C$7:$C$156,0)),"")) | M28: =IF($A28="","",IF(OR($E28="",$K28="",$L28=""),"N",IF(OR($E28<$K28,$E28>$L28),"Y","N"))) | N28: =IF($A28="","",IF(Inputs!G185="","",Inputs!G185)) | O28: =IF($A28="","",IF($D28<>"CHARGEABLE","",SUMIFS($E$7:$E$156,$B$7:$B$156,$B28,$D$7:$D$156,"CHARGEABLE",$C$7:$C$156,"<>",$E$7:$E$156,">=0",$F$7:$F$156,"<>"))) | P28: =IF($A28="","",IF($D28<>"CHARGEABLE",IF(OR($D28="NON_PUBLIC_RESEARCH",$D28="CAPITAL",$D28="PENALTIES",$D28="RECOVERED_ELSEWHERE"),0,""),IF(OR($C28="",$E28="",$F28="",$I28="",$J28="",$O28<=0),"",$E28/$O28))) | Q28: =IF($A28="","",IF($D28<>"CHARGEABLE",IF(OR($D28="NON_PUBLIC_RESEARCH",$D28="CAPITAL",$D28="PENALTIES",$D28="RECOVERED_ELSEWHERE"),0,""),IF(OR($P28="",$I28=""),"",$I28*$P28))) | R28: =IF($A28="","",IF($D28<>"CHARGEABLE",IF(OR($D28="NON_PUBLIC_RESEARCH",$D28="CAPITAL",$D28="PENALTIES",$D28="RECOVERED_ELSEWHERE"),0,""),IF($P28="","",ROUND($P28*100,1)/100))) | S28: =IF($A28="","",IF($D28<>"CHARGEABLE",IF(OR($D28="NON_PUBLIC_RESEARCH",$D28="CAPITAL",$D28="PENALTIES",$D28="RECOVERED_ELSEWHERE"),0,""),IF($Q28="","",ROUND($Q28,0)))) | T28: =IF($A28="","",IF(OR($J28="EQUIPMENT_HOURS",$J28="STAFF_HOURS",$J28="FLOOR_AREA"),"Y",IF($J28="METERED","N",""))) | U28: =IF($A28="","",IF($D28="CHARGEABLE","N",IF(OR($D28="NON_PUBLIC_RESEARCH",$D28="CAPITAL",$D28="PENALTIES",$D28="RECOVERED_ELSEWHERE"),"Y",""))) | V28: =IF(OR($G28="",$C28=""),"",$G28&"|"&$C28) | W28: =IF($A28="","",IF($B28="","Missing Cost Pool ID",IF($C28="","Missing Program Code",IF($D28="","Missing Scope Code",IF(AND($D28<>"CHARGEABLE",$D28<>"NON_PUBLIC_RESEARCH",$D28<>"CAPITAL",$D28<>"PENALTIES",$D28<>"RECOVERED_ELSEWHERE"),"Invalid Scope Code",IF($G28="","Missing Methodology ID",IF($J28="","Pool basis unresolved",IF(AND($B28<>"",$C28<>"",COUNTIFS($B$7:$B$156,$B28,$C$7:$C$156,$C28)>1),"Duplicate Cost Pool / Program",IF(AND($V28<>"",COUNTIF($V$7:$V$156,$V28)>1),"Duplicate Methodology / Program",IF(AND($D28="CHARGEABLE",$E28=""),"Missing usage quantity",IF(AND($D28="CHARGEABLE",$F28=""),"Missing evidence reference",IF(AND($D28="CHARGEABLE",NOT(ISNUMBER($E28))),"Usage quantity not numeric",IF(AND($D28="CHARGEABLE",$E28<0),"Usage quantity is negative",IF(AND($U28="Y",Inputs!$H$185=""),"Missing exclusion note","OK")))))))))))))) | X28: =IF($A28="","",IFERROR(INDEX(Checks!$O$7:$O$156,MATCH($B28,Checks!$B$7:$B$156,0)),"FAIL")) | Y28: =IF($A28="","",IFERROR(INDEX(Checks!$Q$7:$Q$156,MATCH($B28,Checks!$B$7:$B$156,0)),"FAIL")) | Z28: =IF($A28="","",IF(OR($Q28="",Publication_Import!$F28=""),"FAIL",IF(ABS($Q28-Publication_Import!$F28)<=0.000001,"PASS","FAIL"))) | AA28: =IF($A28="","",IF(AND($W28="OK",$X28="PASS",$Y28="PASS",$Z28="PASS",IFERROR(INDEX(Checks!$S$7:$S$156,MATCH($B28,Checks!$B$7:$B$156,0)),"HOLD")="READY"),"READY","HOLD")) | AB28: =IF($A28="","",IF($AA28="READY","Ready for publication import",IF($W28<>"OK",$W28,IFERROR(INDEX(Checks!$T$7:$T$156,MATCH($B28,Checks!$B$7:$B$156,0)),"Add a valid cost pool"))))
A29: =IF(COUNTA(Inputs!$A$186:$H$186)>0,"Y","") | B29: =IF(Inputs!A186="","",Inputs!A186) | C29: =IF(Inputs!B186="","",Inputs!B186) | D29: =IF(Inputs!D186="","",Inputs!D186) | E29: =IF(Inputs!E186="","",Inputs!E186) | F29: =IF(Inputs!F186="","",Inputs!F186) | G29: =IF($B29="","",IFERROR(INDEX(Inputs!$A$7:$A$156,MATCH($B29,Inputs!$C$7:$C$156,0)),"")) | H29: =IF($B29="","",IFERROR(INDEX(Inputs!$B$7:$B$156,MATCH($B29,Inputs!$C$7:$C$156,0)),"")) | I29: =IF($B29="","",IFERROR(INDEX(Inputs!$E$7:$E$156,MATCH($B29,Inputs!$C$7:$C$156,0)),"")) | J29: =IF($B29="","",IFERROR(INDEX(Inputs!$F$7:$F$156,MATCH($B29,Inputs!$C$7:$C$156,0)),"")) | K29: =IF($B29="","",IFERROR(INDEX(Inputs!$G$7:$G$156,MATCH($B29,Inputs!$C$7:$C$156,0)),"")) | L29: =IF($B29="","",IFERROR(INDEX(Inputs!$H$7:$H$156,MATCH($B29,Inputs!$C$7:$C$156,0)),"")) | M29: =IF($A29="","",IF(OR($E29="",$K29="",$L29=""),"N",IF(OR($E29<$K29,$E29>$L29),"Y","N"))) | N29: =IF($A29="","",IF(Inputs!G186="","",Inputs!G186)) | O29: =IF($A29="","",IF($D29<>"CHARGEABLE","",SUMIFS($E$7:$E$156,$B$7:$B$156,$B29,$D$7:$D$156,"CHARGEABLE",$C$7:$C$156,"<>",$E$7:$E$156,">=0",$F$7:$F$156,"<>"))) | P29: =IF($A29="","",IF($D29<>"CHARGEABLE",IF(OR($D29="NON_PUBLIC_RESEARCH",$D29="CAPITAL",$D29="PENALTIES",$D29="RECOVERED_ELSEWHERE"),0,""),IF(OR($C29="",$E29="",$F29="",$I29="",$J29="",$O29<=0),"",$E29/$O29))) | Q29: =IF($A29="","",IF($D29<>"CHARGEABLE",IF(OR($D29="NON_PUBLIC_RESEARCH",$D29="CAPITAL",$D29="PENALTIES",$D29="RECOVERED_ELSEWHERE"),0,""),IF(OR($P29="",$I29=""),"",$I29*$P29))) | R29: =IF($A29="","",IF($D29<>"CHARGEABLE",IF(OR($D29="NON_PUBLIC_RESEARCH",$D29="CAPITAL",$D29="PENALTIES",$D29="RECOVERED_ELSEWHERE"),0,""),IF($P29="","",ROUND($P29*100,1)/100))) | S29: =IF($A29="","",IF($D29<>"CHARGEABLE",IF(OR($D29="NON_PUBLIC_RESEARCH",$D29="CAPITAL",$D29="PENALTIES",$D29="RECOVERED_ELSEWHERE"),0,""),IF($Q29="","",ROUND($Q29,0)))) | T29: =IF($A29="","",IF(OR($J29="EQUIPMENT_HOURS",$J29="STAFF_HOURS",$J29="FLOOR_AREA"),"Y",IF($J29="METERED","N",""))) | U29: =IF($A29="","",IF($D29="CHARGEABLE","N",IF(OR($D29="NON_PUBLIC_RESEARCH",$D29="CAPITAL",$D29="PENALTIES",$D29="RECOVERED_ELSEWHERE"),"Y",""))) | V29: =IF(OR($G29="",$C29=""),"",$G29&"|"&$C29) | W29: =IF($A29="","",IF($B29="","Missing Cost Pool ID",IF($C29="","Missing Program Code",IF($D29="","Missing Scope Code",IF(AND($D29<>"CHARGEABLE",$D29<>"NON_PUBLIC_RESEARCH",$D29<>"CAPITAL",$D29<>"PENALTIES",$D29<>"RECOVERED_ELSEWHERE"),"Invalid Scope Code",IF($G29="","Missing Methodology ID",IF($J29="","Pool basis unresolved",IF(AND($B29<>"",$C29<>"",COUNTIFS($B$7:$B$156,$B29,$C$7:$C$156,$C29)>1),"Duplicate Cost Pool / Program",IF(AND($V29<>"",COUNTIF($V$7:$V$156,$V29)>1),"Duplicate Methodology / Program",IF(AND($D29="CHARGEABLE",$E29=""),"Missing usage quantity",IF(AND($D29="CHARGEABLE",$F29=""),"Missing evidence reference",IF(AND($D29="CHARGEABLE",NOT(ISNUMBER($E29))),"Usage quantity not numeric",IF(AND($D29="CHARGEABLE",$E29<0),"Usage quantity is negative",IF(AND($U29="Y",Inputs!$H$186=""),"Missing exclusion note","OK")))))))))))))) | X29: =IF($A29="","",IFERROR(INDEX(Checks!$O$7:$O$156,MATCH($B29,Checks!$B$7:$B$156,0)),"FAIL")) | Y29: =IF($A29="","",IFERROR(INDEX(Checks!$Q$7:$Q$156,MATCH($B29,Checks!$B$7:$B$156,0)),"FAIL")) | Z29: =IF($A29="","",IF(OR($Q29="",Publication_Import!$F29=""),"FAIL",IF(ABS($Q29-Publication_Import!$F29)<=0.000001,"PASS","FAIL"))) | AA29: =IF($A29="","",IF(AND($W29="OK",$X29="PASS",$Y29="PASS",$Z29="PASS",IFERROR(INDEX(Checks!$S$7:$S$156,MATCH($B29,Checks!$B$7:$B$156,0)),"HOLD")="READY"),"READY","HOLD")) | AB29: =IF($A29="","",IF($AA29="READY","Ready for publication import",IF($W29<>"OK",$W29,IFERROR(INDEX(Checks!$T$7:$T$156,MATCH($B29,Checks!$B$7:$B$156,0)),"Add a valid cost pool"))))
A30: =IF(COUNTA(Inputs!$A$187:$H$187)>0,"Y","") | B30: =IF(Inputs!A187="","",Inputs!A187) | C30: =IF(Inputs!B187="","",Inputs!B187) | D30: =IF(Inputs!D187="","",Inputs!D187) | E30: =IF(Inputs!E187="","",Inputs!E187) | F30: =IF(Inputs!F187="","",Inputs!F187) | G30: =IF($B30="","",IFERROR(INDEX(Inputs!$A$7:$A$156,MATCH($B30,Inputs!$C$7:$C$156,0)),"")) | H30: =IF($B30="","",IFERROR(INDEX(Inputs!$B$7:$B$156,MATCH($B30,Inputs!$C$7:$C$156,0)),"")) | I30: =IF($B30="","",IFERROR(INDEX(Inputs!$E$7:$E$156,MATCH($B30,Inputs!$C$7:$C$156,0)),"")) | J30: =IF($B30="","",IFERROR(INDEX(Inputs!$F$7:$F$156,MATCH($B30,Inputs!$C$7:$C$156,0)),"")) | K30: =IF($B30="","",IFERROR(INDEX(Inputs!$G$7:$G$156,MATCH($B30,Inputs!$C$7:$C$156,0)),"")) | L30: =IF($B30="","",IFERROR(INDEX(Inputs!$H$7:$H$156,MATCH($B30,Inputs!$C$7:$C$156,0)),"")) | M30: =IF($A30="","",IF(OR($E30="",$K30="",$L30=""),"N",IF(OR($E30<$K30,$E30>$L30),"Y","N"))) | N30: =IF($A30="","",IF(Inputs!G187="","",Inputs!G187)) | O30: =IF($A30="","",IF($D30<>"CHARGEABLE","",SUMIFS($E$7:$E$156,$B$7:$B$156,$B30,$D$7:$D$156,"CHARGEABLE",$C$7:$C$156,"<>",$E$7:$E$156,">=0",$F$7:$F$156,"<>"))) | P30: =IF($A30="","",IF($D30<>"CHARGEABLE",IF(OR($D30="NON_PUBLIC_RESEARCH",$D30="CAPITAL",$D30="PENALTIES",$D30="RECOVERED_ELSEWHERE"),0,""),IF(OR($C30="",$E30="",$F30="",$I30="",$J30="",$O30<=0),"",$E30/$O30))) | Q30: =IF($A30="","",IF($D30<>"CHARGEABLE",IF(OR($D30="NON_PUBLIC_RESEARCH",$D30="CAPITAL",$D30="PENALTIES",$D30="RECOVERED_ELSEWHERE"),0,""),IF(OR($P30="",$I30=""),"",$I30*$P30))) | R30: =IF($A30="","",IF($D30<>"CHARGEABLE",IF(OR($D30="NON_PUBLIC_RESEARCH",$D30="CAPITAL",$D30="PENALTIES",$D30="RECOVERED_ELSEWHERE"),0,""),IF($P30="","",ROUND($P30*100,1)/100))) | S30: =IF($A30="","",IF($D30<>"CHARGEABLE",IF(OR($D30="NON_PUBLIC_RESEARCH",$D30="CAPITAL",$D30="PENALTIES",$D30="RECOVERED_ELSEWHERE"),0,""),IF($Q30="","",ROUND($Q30,0)))) | T30: =IF($A30="","",IF(OR($J30="EQUIPMENT_HOURS",$J30="STAFF_HOURS",$J30="FLOOR_AREA"),"Y",IF($J30="METERED","N",""))) | U30: =IF($A30="","",IF($D30="CHARGEABLE","N",IF(OR($D30="NON_PUBLIC_RESEARCH",$D30="CAPITAL",$D30="PENALTIES",$D30="RECOVERED_ELSEWHERE"),"Y",""))) | V30: =IF(OR($G30="",$C30=""),"",$G30&"|"&$C30) | W30: =IF($A30="","",IF($B30="","Missing Cost Pool ID",IF($C30="","Missing Program Code",IF($D30="","Missing Scope Code",IF(AND($D30<>"CHARGEABLE",$D30<>"NON_PUBLIC_RESEARCH",$D30<>"CAPITAL",$D30<>"PENALTIES",$D30<>"RECOVERED_ELSEWHERE"),"Invalid Scope Code",IF($G30="","Missing Methodology ID",IF($J30="","Pool basis unresolved",IF(AND($B30<>"",$C30<>"",COUNTIFS($B$7:$B$156,$B30,$C$7:$C$156,$C30)>1),"Duplicate Cost Pool / Program",IF(AND($V30<>"",COUNTIF($V$7:$V$156,$V30)>1),"Duplicate Methodology / Program",IF(AND($D30="CHARGEABLE",$E30=""),"Missing usage quantity",IF(AND($D30="CHARGEABLE",$F30=""),"Missing evidence reference",IF(AND($D30="CHARGEABLE",NOT(ISNUMBER($E30))),"Usage quantity not numeric",IF(AND($D30="CHARGEABLE",$E30<0),"Usage quantity is negative",IF(AND($U30="Y",Inputs!$H$187=""),"Missing exclusion note","OK")))))))))))))) | X30: =IF($A30="","",IFERROR(INDEX(Checks!$O$7:$O$156,MATCH($B30,Checks!$B$7:$B$156,0)),"FAIL")) | Y30: =IF($A30="","",IFERROR(INDEX(Checks!$Q$7:$Q$156,MATCH($B30,Checks!$B$7:$B$156,0)),"FAIL")) | Z30: =IF($A30="","",IF(OR($Q30="",Publication_Import!$F30=""),"FAIL",IF(ABS($Q30-Publication_Import!$F30)<=0.000001,"PASS","FAIL"))) | AA30: =IF($A30="","",IF(AND($W30="OK",$X30="PASS",$Y30="PASS",$Z30="PASS",IFERROR(INDEX(Checks!$S$7:$S$156,MATCH($B30,Checks!$B$7:$B$156,0)),"HOLD")="READY"),"READY","HOLD")) | AB30: =IF($A30="","",IF($AA30="READY","Ready for publication import",IF($W30<>"OK",$W30,IFERROR(INDEX(Checks!$T$7:$T$156,MATCH($B30,Checks!$B$7:$B$156,0)),"Add a valid cost pool"))))
A31: =IF(COUNTA(Inputs!$A$188:$H$188)>0,"Y","") | B31: =IF(Inputs!A188="","",Inputs!A188) | C31: =IF(Inputs!B188="","",Inputs!B188) | D31: =IF(Inputs!D188="","",Inputs!D188) | E31: =IF(Inputs!E188="","",Inputs!E188) | F31: =IF(Inputs!F188="","",Inputs!F188) | G31: =IF($B31="","",IFERROR(INDEX(Inputs!$A$7:$A$156,MATCH($B31,Inputs!$C$7:$C$156,0)),"")) | H31: =IF($B31="","",IFERROR(INDEX(Inputs!$B$7:$B$156,MATCH($B31,Inputs!$C$7:$C$156,0)),"")) | I31: =IF($B31="","",IFERROR(INDEX(Inputs!$E$7:$E$156,MATCH($B31,Inputs!$C$7:$C$156,0)),"")) | J31: =IF($B31="","",IFERROR(INDEX(Inputs!$F$7:$F$156,MATCH($B31,Inputs!$C$7:$C$156,0)),"")) | K31: =IF($B31="","",IFERROR(INDEX(Inputs!$G$7:$G$156,MATCH($B31,Inputs!$C$7:$C$156,0)),"")) | L31: =IF($B31="","",IFERROR(INDEX(Inputs!$H$7:$H$156,MATCH($B31,Inputs!$C$7:$C$156,0)),"")) | M31: =IF($A31="","",IF(OR($E31="",$K31="",$L31=""),"N",IF(OR($E31<$K31,$E31>$L31),"Y","N"))) | N31: =IF($A31="","",IF(Inputs!G188="","",Inputs!G188)) | O31: =IF($A31="","",IF($D31<>"CHARGEABLE","",SUMIFS($E$7:$E$156,$B$7:$B$156,$B31,$D$7:$D$156,"CHARGEABLE",$C$7:$C$156,"<>",$E$7:$E$156,">=0",$F$7:$F$156,"<>"))) | P31: =IF($A31="","",IF($D31<>"CHARGEABLE",IF(OR($D31="NON_PUBLIC_RESEARCH",$D31="CAPITAL",$D31="PENALTIES",$D31="RECOVERED_ELSEWHERE"),0,""),IF(OR($C31="",$E31="",$F31="",$I31="",$J31="",$O31<=0),"",$E31/$O31))) | Q31: =IF($A31="","",IF($D31<>"CHARGEABLE",IF(OR($D31="NON_PUBLIC_RESEARCH",$D31="CAPITAL",$D31="PENALTIES",$D31="RECOVERED_ELSEWHERE"),0,""),IF(OR($P31="",$I31=""),"",$I31*$P31))) | R31: =IF($A31="","",IF($D31<>"CHARGEABLE",IF(OR($D31="NON_PUBLIC_RESEARCH",$D31="CAPITAL",$D31="PENALTIES",$D31="RECOVERED_ELSEWHERE"),0,""),IF($P31="","",ROUND($P31*100,1)/100))) | S31: =IF($A31="","",IF($D31<>"CHARGEABLE",IF(OR($D31="NON_PUBLIC_RESEARCH",$D31="CAPITAL",$D31="PENALTIES",$D31="RECOVERED_ELSEWHERE"),0,""),IF($Q31="","",ROUND($Q31,0)))) | T31: =IF($A31="","",IF(OR($J31="EQUIPMENT_HOURS",$J31="STAFF_HOURS",$J31="FLOOR_AREA"),"Y",IF($J31="METERED","N",""))) | U31: =IF($A31="","",IF($D31="CHARGEABLE","N",IF(OR($D31="NON_PUBLIC_RESEARCH",$D31="CAPITAL",$D31="PENALTIES",$D31="RECOVERED_ELSEWHERE"),"Y",""))) | V31: =IF(OR($G31="",$C31=""),"",$G31&"|"&$C31) | W31: =IF($A31="","",IF($B31="","Missing Cost Pool ID",IF($C31="","Missing Program Code",IF($D31="","Missing Scope Code",IF(AND($D31<>"CHARGEABLE",$D31<>"NON_PUBLIC_RESEARCH",$D31<>"CAPITAL",$D31<>"PENALTIES",$D31<>"RECOVERED_ELSEWHERE"),"Invalid Scope Code",IF($G31="","Missing Methodology ID",IF($J31="","Pool basis unresolved",IF(AND($B31<>"",$C31<>"",COUNTIFS($B$7:$B$156,$B31,$C$7:$C$156,$C31)>1),"Duplicate Cost Pool / Program",IF(AND($V31<>"",COUNTIF($V$7:$V$156,$V31)>1),"Duplicate Methodology / Program",IF(AND($D31="CHARGEABLE",$E31=""),"Missing usage quantity",IF(AND($D31="CHARGEABLE",$F31=""),"Missing evidence reference",IF(AND($D31="CHARGEABLE",NOT(ISNUMBER($E31))),"Usage quantity not numeric",IF(AND($D31="CHARGEABLE",$E31<0),"Usage quantity is negative",IF(AND($U31="Y",Inputs!$H$188=""),"Missing exclusion note","OK")))))))))))))) | X31: =IF($A31="","",IFERROR(INDEX(Checks!$O$7:$O$156,MATCH($B31,Checks!$B$7:$B$156,0)),"FAIL")) | Y31: =IF($A31="","",IFERROR(INDEX(Checks!$Q$7:$Q$156,MATCH($B31,Checks!$B$7:$B$156,0)),"FAIL")) | Z31: =IF($A31="","",IF(OR($Q31="",Publication_Import!$F31=""),"FAIL",IF(ABS($Q31-Publication_Import!$F31)<=0.000001,"PASS","FAIL"))) | AA31: =IF($A31="","",IF(AND($W31="OK",$X31="PASS",$Y31="PASS",$Z31="PASS",IFERROR(INDEX(Checks!$S$7:$S$156,MATCH($B31,Checks!$B$7:$B$156,0)),"HOLD")="READY"),"READY","HOLD")) | AB31: =IF($A31="","",IF($AA31="READY","Ready for publication import",IF($W31<>"OK",$W31,IFERROR(INDEX(Checks!$T$7:$T$156,MATCH($B31,Checks!$B$7:$B$156,0)),"Add a valid cost pool"))))
A32: =IF(COUNTA(Inputs!$A$189:$H$189)>0,"Y","") | B32: =IF(Inputs!A189="","",Inputs!A189) | C32: =IF(Inputs!B189="","",Inputs!B189) | D32: =IF(Inputs!D189="","",Inputs!D189) | E32: =IF(Inputs!E189="","",Inputs!E189) | F32: =IF(Inputs!F189="","",Inputs!F189) | G32: =IF($B32="","",IFERROR(INDEX(Inputs!$A$7:$A$156,MATCH($B32,Inputs!$C$7:$C$156,0)),"")) | H32: =IF($B32="","",IFERROR(INDEX(Inputs!$B$7:$B$156,MATCH($B32,Inputs!$C$7:$C$156,0)),"")) | I32: =IF($B32="","",IFERROR(INDEX(Inputs!$E$7:$E$156,MATCH($B32,Inputs!$C$7:$C$156,0)),"")) | J32: =IF($B32="","",IFERROR(INDEX(Inputs!$F$7:$F$156,MATCH($B32,Inputs!$C$7:$C$156,0)),"")) | K32: =IF($B32="","",IFERROR(INDEX(Inputs!$G$7:$G$156,MATCH($B32,Inputs!$C$7:$C$156,0)),"")) | L32: =IF($B32="","",IFERROR(INDEX(Inputs!$H$7:$H$156,MATCH($B32,Inputs!$C$7:$C$156,0)),"")) | M32: =IF($A32="","",IF(OR($E32="",$K32="",$L32=""),"N",IF(OR($E32<$K32,$E32>$L32),"Y","N"))) | N32: =IF($A32="","",IF(Inputs!G189="","",Inputs!G189)) | O32: =IF($A32="","",IF($D32<>"CHARGEABLE","",SUMIFS($E$7:$E$156,$B$7:$B$156,$B32,$D$7:$D$156,"CHARGEABLE",$C$7:$C$156,"<>",$E$7:$E$156,">=0",$F$7:$F$156,"<>"))) | P32: =IF($A32="","",IF($D32<>"CHARGEABLE",IF(OR($D32="NON_PUBLIC_RESEARCH",$D32="CAPITAL",$D32="PENALTIES",$D32="RECOVERED_ELSEWHERE"),0,""),IF(OR($C32="",$E32="",$F32="",$I32="",$J32="",$O32<=0),"",$E32/$O32))) | Q32: =IF($A32="","",IF($D32<>"CHARGEABLE",IF(OR($D32="NON_PUBLIC_RESEARCH",$D32="CAPITAL",$D32="PENALTIES",$D32="RECOVERED_ELSEWHERE"),0,""),IF(OR($P32="",$I32=""),"",$I32*$P32))) | R32: =IF($A32="","",IF($D32<>"CHARGEABLE",IF(OR($D32="NON_PUBLIC_RESEARCH",$D32="CAPITAL",$D32="PENALTIES",$D32="RECOVERED_ELSEWHERE"),0,""),IF($P32="","",ROUND($P32*100,1)/100))) | S32: =IF($A32="","",IF($D32<>"CHARGEABLE",IF(OR($D32="NON_PUBLIC_RESEARCH",$D32="CAPITAL",$D32="PENALTIES",$D32="RECOVERED_ELSEWHERE"),0,""),IF($Q32="","",ROUND($Q32,0)))) | T32: =IF($A32="","",IF(OR($J32="EQUIPMENT_HOURS",$J32="STAFF_HOURS",$J32="FLOOR_AREA"),"Y",IF($J32="METERED","N",""))) | U32: =IF($A32="","",IF($D32="CHARGEABLE","N",IF(OR($D32="NON_PUBLIC_RESEARCH",$D32="CAPITAL",$D32="PENALTIES",$D32="RECOVERED_ELSEWHERE"),"Y",""))) | V32: =IF(OR($G32="",$C32=""),"",$G32&"|"&$C32) | W32: =IF($A32="","",IF($B32="","Missing Cost Pool ID",IF($C32="","Missing Program Code",IF($D32="","Missing Scope Code",IF(AND($D32<>"CHARGEABLE",$D32<>"NON_PUBLIC_RESEARCH",$D32<>"CAPITAL",$D32<>"PENALTIES",$D32<>"RECOVERED_ELSEWHERE"),"Invalid Scope Code",IF($G32="","Missing Methodology ID",IF($J32="","Pool basis unresolved",IF(AND($B32<>"",$C32<>"",COUNTIFS($B$7:$B$156,$B32,$C$7:$C$156,$C32)>1),"Duplicate Cost Pool / Program",IF(AND($V32<>"",COUNTIF($V$7:$V$156,$V32)>1),"Duplicate Methodology / Program",IF(AND($D32="CHARGEABLE",$E32=""),"Missing usage quantity",IF(AND($D32="CHARGEABLE",$F32=""),"Missing evidence reference",IF(AND($D32="CHARGEABLE",NOT(ISNUMBER($E32))),"Usage quantity not numeric",IF(AND($D32="CHARGEABLE",$E32<0),"Usage quantity is negative",IF(AND($U32="Y",Inputs!$H$189=""),"Missing exclusion note","OK")))))))))))))) | X32: =IF($A32="","",IFERROR(INDEX(Checks!$O$7:$O$156,MATCH($B32,Checks!$B$7:$B$156,0)),"FAIL")) | Y32: =IF($A32="","",IFERROR(INDEX(Checks!$Q$7:$Q$156,MATCH($B32,Checks!$B$7:$B$156,0)),"FAIL")) | Z32: =IF($A32="","",IF(OR($Q32="",Publication_Import!$F32=""),"FAIL",IF(ABS($Q32-Publication_Import!$F32)<=0.000001,"PASS","FAIL"))) | AA32: =IF($A32="","",IF(AND($W32="OK",$X32="PASS",$Y32="PASS",$Z32="PASS",IFERROR(INDEX(Checks!$S$7:$S$156,MATCH($B32,Checks!$B$7:$B$156,0)),"HOLD")="READY"),"READY","HOLD")) | AB32: =IF($A32="","",IF($AA32="READY","Ready for publication import",IF($W32<>"OK",$W32,IFERROR(INDEX(Checks!$T$7:$T$156,MATCH($B32,Checks!$B$7:$B$156,0)),"Add a valid cost pool"))))
A33: =IF(COUNTA(Inputs!$A$190:$H$190)>0,"Y","") | B33: =IF(Inputs!A190="","",Inputs!A190) | C33: =IF(Inputs!B190="","",Inputs!B190) | D33: =IF(Inputs!D190="","",Inputs!D190) | E33: =IF(Inputs!E190="","",Inputs!E190) | F33: =IF(Inputs!F190="","",Inputs!F190) | G33: =IF($B33="","",IFERROR(INDEX(Inputs!$A$7:$A$156,MATCH($B33,Inputs!$C$7:$C$156,0)),"")) | H33: =IF($B33="","",IFERROR(INDEX(Inputs!$B$7:$B$156,MATCH($B33,Inputs!$C$7:$C$156,0)),"")) | I33: =IF($B33="","",IFERROR(INDEX(Inputs!$E$7:$E$156,MATCH($B33,Inputs!$C$7:$C$156,0)),"")) | J33: =IF($B33="","",IFERROR(INDEX(Inputs!$F$7:$F$156,MATCH($B33,Inputs!$C$7:$C$156,0)),"")) | K33: =IF($B33="","",IFERROR(INDEX(Inputs!$G$7:$G$156,MATCH($B33,Inputs!$C$7:$C$156,0)),"")) | L33: =IF($B33="","",IFERROR(INDEX(Inputs!$H$7:$H$156,MATCH($B33,Inputs!$C$7:$C$156,0)),"")) | M33: =IF($A33="","",IF(OR($E33="",$K33="",$L33=""),"N",IF(OR($E33<$K33,$E33>$L33),"Y","N"))) | N33: =IF($A33="","",IF(Inputs!G190="","",Inputs!G190)) | O33: =IF($A33="","",IF($D33<>"CHARGEABLE","",SUMIFS($E$7:$E$156,$B$7:$B$156,$B33,$D$7:$D$156,"CHARGEABLE",$C$7:$C$156,"<>",$E$7:$E$156,">=0",$F$7:$F$156,"<>"))) | P33: =IF($A33="","",IF($D33<>"CHARGEABLE",IF(OR($D33="NON_PUBLIC_RESEARCH",$D33="CAPITAL",$D33="PENALTIES",$D33="RECOVERED_ELSEWHERE"),0,""),IF(OR($C33="",$E33="",$F33="",$I33="",$J33="",$O33<=0),"",$E33/$O33))) | Q33: =IF($A33="","",IF($D33<>"CHARGEABLE",IF(OR($D33="NON_PUBLIC_RESEARCH",$D33="CAPITAL",$D33="PENALTIES",$D33="RECOVERED_ELSEWHERE"),0,""),IF(OR($P33="",$I33=""),"",$I33*$P33))) | R33: =IF($A33="","",IF($D33<>"CHARGEABLE",IF(OR($D33="NON_PUBLIC_RESEARCH",$D33="CAPITAL",$D33="PENALTIES",$D33="RECOVERED_ELSEWHERE"),0,""),IF($P33="","",ROUND($P33*100,1)/100))) | S33: =IF($A33="","",IF($D33<>"CHARGEABLE",IF(OR($D33="NON_PUBLIC_RESEARCH",$D33="CAPITAL",$D33="PENALTIES",$D33="RECOVERED_ELSEWHERE"),0,""),IF($Q33="","",ROUND($Q33,0)))) | T33: =IF($A33="","",IF(OR($J33="EQUIPMENT_HOURS",$J33="STAFF_HOURS",$J33="FLOOR_AREA"),"Y",IF($J33="METERED","N",""))) | U33: =IF($A33="","",IF($D33="CHARGEABLE","N",IF(OR($D33="NON_PUBLIC_RESEARCH",$D33="CAPITAL",$D33="PENALTIES",$D33="RECOVERED_ELSEWHERE"),"Y",""))) | V33: =IF(OR($G33="",$C33=""),"",$G33&"|"&$C33) | W33: =IF($A33="","",IF($B33="","Missing Cost Pool ID",IF($C33="","Missing Program Code",IF($D33="","Missing Scope Code",IF(AND($D33<>"CHARGEABLE",$D33<>"NON_PUBLIC_RESEARCH",$D33<>"CAPITAL",$D33<>"PENALTIES",$D33<>"RECOVERED_ELSEWHERE"),"Invalid Scope Code",IF($G33="","Missing Methodology ID",IF($J33="","Pool basis unresolved",IF(AND($B33<>"",$C33<>"",COUNTIFS($B$7:$B$156,$B33,$C$7:$C$156,$C33)>1),"Duplicate Cost Pool / Program",IF(AND($V33<>"",COUNTIF($V$7:$V$156,$V33)>1),"Duplicate Methodology / Program",IF(AND($D33="CHARGEABLE",$E33=""),"Missing usage quantity",IF(AND($D33="CHARGEABLE",$F33=""),"Missing evidence reference",IF(AND($D33="CHARGEABLE",NOT(ISNUMBER($E33))),"Usage quantity not numeric",IF(AND($D33="CHARGEABLE",$E33<0),"Usage quantity is negative",IF(AND($U33="Y",Inputs!$H$190=""),"Missing exclusion note","OK")))))))))))))) | X33: =IF($A33="","",IFERROR(INDEX(Checks!$O$7:$O$156,MATCH($B33,Checks!$B$7:$B$156,0)),"FAIL")) | Y33: =IF($A33="","",IFERROR(INDEX(Checks!$Q$7:$Q$156,MATCH($B33,Checks!$B$7:$B$156,0)),"FAIL")) | Z33: =IF($A33="","",IF(OR($Q33="",Publication_Import!$F33=""),"FAIL",IF(ABS($Q33-Publication_Import!$F33)<=0.000001,"PASS","FAIL"))) | AA33: =IF($A33="","",IF(AND($W33="OK",$X33="PASS",$Y33="PASS",$Z33="PASS",IFERROR(INDEX(Checks!$S$7:$S$156,MATCH($B33,Checks!$B$7:$B$156,0)),"HOLD")="READY"),"READY","HOLD")) | AB33: =IF($A33="","",IF($AA33="READY","Ready for publication import",IF($W33<>"OK",$W33,IFERROR(INDEX(Checks!$T$7:$T$156,MATCH($B33,Checks!$B$7:$B$156,0)),"Add a valid cost pool"))))
A34: =IF(COUNTA(Inputs!$A$191:$H$191)>0,"Y","") | B34: =IF(Inputs!A191="","",Inputs!A191) | C34: =IF(Inputs!B191="","",Inputs!B191) | D34: =IF(Inputs!D191="","",Inputs!D191) | E34: =IF(Inputs!E191="","",Inputs!E191) | F34: =IF(Inputs!F191="","",Inputs!F191) | G34: =IF($B34="","",IFERROR(INDEX(Inputs!$A$7:$A$156,MATCH($B34,Inputs!$C$7:$C$156,0)),"")) | H34: =IF($B34="","",IFERROR(INDEX(Inputs!$B$7:$B$156,MATCH($B34,Inputs!$C$7:$C$156,0)),"")) | I34: =IF($B34="","",IFERROR(INDEX(Inputs!$E$7:$E$156,MATCH($B34,Inputs!$C$7:$C$156,0)),"")) | J34: =IF($B34="","",IFERROR(INDEX(Inputs!$F$7:$F$156,MATCH($B34,Inputs!$C$7:$C$156,0)),"")) | K34: =IF($B34="","",IFERROR(INDEX(Inputs!$G$7:$G$156,MATCH($B34,Inputs!$C$7:$C$156,0)),"")) | L34: =IF($B34="","",IFERROR(INDEX(Inputs!$H$7:$H$156,MATCH($B34,Inputs!$C$7:$C$156,0)),"")) | M34: =IF($A34="","",IF(OR($E34="",$K34="",$L34=""),"N",IF(OR($E34<$K34,$E34>$L34),"Y","N"))) | N34: =IF($A34="","",IF(Inputs!G191="","",Inputs!G191)) | O34: =IF($A34="","",IF($D34<>"CHARGEABLE","",SUMIFS($E$7:$E$156,$B$7:$B$156,$B34,$D$7:$D$156,"CHARGEABLE",$C$7:$C$156,"<>",$E$7:$E$156,">=0",$F$7:$F$156,"<>"))) | P34: =IF($A34="","",IF($D34<>"CHARGEABLE",IF(OR($D34="NON_PUBLIC_RESEARCH",$D34="CAPITAL",$D34="PENALTIES",$D34="RECOVERED_ELSEWHERE"),0,""),IF(OR($C34="",$E34="",$F34="",$I34="",$J34="",$O34<=0),"",$E34/$O34))) | Q34: =IF($A34="","",IF($D34<>"CHARGEABLE",IF(OR($D34="NON_PUBLIC_RESEARCH",$D34="CAPITAL",$D34="PENALTIES",$D34="RECOVERED_ELSEWHERE"),0,""),IF(OR($P34="",$I34=""),"",$I34*$P34))) | R34: =IF($A34="","",IF($D34<>"CHARGEABLE",IF(OR($D34="NON_PUBLIC_RESEARCH",$D34="CAPITAL",$D34="PENALTIES",$D34="RECOVERED_ELSEWHERE"),0,""),IF($P34="","",ROUND($P34*100,1)/100))) | S34: =IF($A34="","",IF($D34<>"CHARGEABLE",IF(OR($D34="NON_PUBLIC_RESEARCH",$D34="CAPITAL",$D34="PENALTIES",$D34="RECOVERED_ELSEWHERE"),0,""),IF($Q34="","",ROUND($Q34,0)))) | T34: =IF($A34="","",IF(OR($J34="EQUIPMENT_HOURS",$J34="STAFF_HOURS",$J34="FLOOR_AREA"),"Y",IF($J34="METERED","N",""))) | U34: =IF($A34="","",IF($D34="CHARGEABLE","N",IF(OR($D34="NON_PUBLIC_RESEARCH",$D34="CAPITAL",$D34="PENALTIES",$D34="RECOVERED_ELSEWHERE"),"Y",""))) | V34: =IF(OR($G34="",$C34=""),"",$G34&"|"&$C34) | W34: =IF($A34="","",IF($B34="","Missing Cost Pool ID",IF($C34="","Missing Program Code",IF($D34="","Missing Scope Code",IF(AND($D34<>"CHARGEABLE",$D34<>"NON_PUBLIC_RESEARCH",$D34<>"CAPITAL",$D34<>"PENALTIES",$D34<>"RECOVERED_ELSEWHERE"),"Invalid Scope Code",IF($G34="","Missing Methodology ID",IF($J34="","Pool basis unresolved",IF(AND($B34<>"",$C34<>"",COUNTIFS($B$7:$B$156,$B34,$C$7:$C$156,$C34)>1),"Duplicate Cost Pool / Program",IF(AND($V34<>"",COUNTIF($V$7:$V$156,$V34)>1),"Duplicate Methodology / Program",IF(AND($D34="CHARGEABLE",$E34=""),"Missing usage quantity",IF(AND($D34="CHARGEABLE",$F34=""),"Missing evidence reference",IF(AND($D34="CHARGEABLE",NOT(ISNUMBER($E34))),"Usage quantity not numeric",IF(AND($D34="CHARGEABLE",$E34<0),"Usage quantity is negative",IF(AND($U34="Y",Inputs!$H$191=""),"Missing exclusion note","OK")))))))))))))) | X34: =IF($A34="","",IFERROR(INDEX(Checks!$O$7:$O$156,MATCH($B34,Checks!$B$7:$B$156,0)),"FAIL")) | Y34: =IF($A34="","",IFERROR(INDEX(Checks!$Q$7:$Q$156,MATCH($B34,Checks!$B$7:$B$156,0)),"FAIL")) | Z34: =IF($A34="","",IF(OR($Q34="",Publication_Import!$F34=""),"FAIL",IF(ABS($Q34-Publication_Import!$F34)<=0.000001,"PASS","FAIL"))) | AA34: =IF($A34="","",IF(AND($W34="OK",$X34="PASS",$Y34="PASS",$Z34="PASS",IFERROR(INDEX(Checks!$S$7:$S$156,MATCH($B34,Checks!$B$7:$B$156,0)),"HOLD")="READY"),"READY","HOLD")) | AB34: =IF($A34="","",IF($AA34="READY","Ready for publication import",IF($W34<>"OK",$W34,IFERROR(INDEX(Checks!$T$7:$T$156,MATCH($B34,Checks!$B$7:$B$156,0)),"Add a valid cost pool"))))
A35: =IF(COUNTA(Inputs!$A$192:$H$192)>0,"Y","") | B35: =IF(Inputs!A192="","",Inputs!A192) | C35: =IF(Inputs!B192="","",Inputs!B192) | D35: =IF(Inputs!D192="","",Inputs!D192) | E35: =IF(Inputs!E192="","",Inputs!E192) | F35: =IF(Inputs!F192="","",Inputs!F192) | G35: =IF($B35="","",IFERROR(INDEX(Inputs!$A$7:$A$156,MATCH($B35,Inputs!$C$7:$C$156,0)),"")) | H35: =IF($B35="","",IFERROR(INDEX(Inputs!$B$7:$B$156,MATCH($B35,Inputs!$C$7:$C$156,0)),"")) | I35: =IF($B35="","",IFERROR(INDEX(Inputs!$E$7:$E$156,MATCH($B35,Inputs!$C$7:$C$156,0)),"")) | J35: =IF($B35="","",IFERROR(INDEX(Inputs!$F$7:$F$156,MATCH($B35,Inputs!$C$7:$C$156,0)),"")) | K35: =IF($B35="","",IFERROR(INDEX(Inputs!$G$7:$G$156,MATCH($B35,Inputs!$C$7:$C$156,0)),"")) | L35: =IF($B35="","",IFERROR(INDEX(Inputs!$H$7:$H$156,MATCH($B35,Inputs!$C$7:$C$156,0)),"")) | M35: =IF($A35="","",IF(OR($E35="",$K35="",$L35=""),"N",IF(OR($E35<$K35,$E35>$L35),"Y","N"))) | N35: =IF($A35="","",IF(Inputs!G192="","",Inputs!G192)) | O35: =IF($A35="","",IF($D35<>"CHARGEABLE","",SUMIFS($E$7:$E$156,$B$7:$B$156,$B35,$D$7:$D$156,"CHARGEABLE",$C$7:$C$156,"<>",$E$7:$E$156,">=0",$F$7:$F$156,"<>"))) | P35: =IF($A35="","",IF($D35<>"CHARGEABLE",IF(OR($D35="NON_PUBLIC_RESEARCH",$D35="CAPITAL",$D35="PENALTIES",$D35="RECOVERED_ELSEWHERE"),0,""),IF(OR($C35="",$E35="",$F35="",$I35="",$J35="",$O35<=0),"",$E35/$O35))) | Q35: =IF($A35="","",IF($D35<>"CHARGEABLE",IF(OR($D35="NON_PUBLIC_RESEARCH",$D35="CAPITAL",$D35="PENALTIES",$D35="RECOVERED_ELSEWHERE"),0,""),IF(OR($P35="",$I35=""),"",$I35*$P35))) | R35: =IF($A35="","",IF($D35<>"CHARGEABLE",IF(OR($D35="NON_PUBLIC_RESEARCH",$D35="CAPITAL",$D35="PENALTIES",$D35="RECOVERED_ELSEWHERE"),0,""),IF($P35="","",ROUND($P35*100,1)/100))) | S35: =IF($A35="","",IF($D35<>"CHARGEABLE",IF(OR($D35="NON_PUBLIC_RESEARCH",$D35="CAPITAL",$D35="PENALTIES",$D35="RECOVERED_ELSEWHERE"),0,""),IF($Q35="","",ROUND($Q35,0)))) | T35: =IF($A35="","",IF(OR($J35="EQUIPMENT_HOURS",$J35="STAFF_HOURS",$J35="FLOOR_AREA"),"Y",IF($J35="METERED","N",""))) | U35: =IF($A35="","",IF($D35="CHARGEABLE","N",IF(OR($D35="NON_PUBLIC_RESEARCH",$D35="CAPITAL",$D35="PENALTIES",$D35="RECOVERED_ELSEWHERE"),"Y",""))) | V35: =IF(OR($G35="",$C35=""),"",$G35&"|"&$C35) | W35: =IF($A35="","",IF($B35="","Missing Cost Pool ID",IF($C35="","Missing Program Code",IF($D35="","Missing Scope Code",IF(AND($D35<>"CHARGEABLE",$D35<>"NON_PUBLIC_RESEARCH",$D35<>"CAPITAL",$D35<>"PENALTIES",$D35<>"RECOVERED_ELSEWHERE"),"Invalid Scope Code",IF($G35="","Missing Methodology ID",IF($J35="","Pool basis unresolved",IF(AND($B35<>"",$C35<>"",COUNTIFS($B$7:$B$156,$B35,$C$7:$C$156,$C35)>1),"Duplicate Cost Pool / Program",IF(AND($V35<>"",COUNTIF($V$7:$V$156,$V35)>1),"Duplicate Methodology / Program",IF(AND($D35="CHARGEABLE",$E35=""),"Missing usage quantity",IF(AND($D35="CHARGEABLE",$F35=""),"Missing evidence reference",IF(AND($D35="CHARGEABLE",NOT(ISNUMBER($E35))),"Usage quantity not numeric",IF(AND($D35="CHARGEABLE",$E35<0),"Usage quantity is negative",IF(AND($U35="Y",Inputs!$H$192=""),"Missing exclusion note","OK")))))))))))))) | X35: =IF($A35="","",IFERROR(INDEX(Checks!$O$7:$O$156,MATCH($B35,Checks!$B$7:$B$156,0)),"FAIL")) | Y35: =IF($A35="","",IFERROR(INDEX(Checks!$Q$7:$Q$156,MATCH($B35,Checks!$B$7:$B$156,0)),"FAIL")) | Z35: =IF($A35="","",IF(OR($Q35="",Publication_Import!$F35=""),"FAIL",IF(ABS($Q35-Publication_Import!$F35)<=0.000001,"PASS","FAIL"))) | AA35: =IF($A35="","",IF(AND($W35="OK",$X35="PASS",$Y35="PASS",$Z35="PASS",IFERROR(INDEX(Checks!$S$7:$S$156,MATCH($B35,Checks!$B$7:$B$156,0)),"HOLD")="READY"),"READY","HOLD")) | AB35: =IF($A35="","",IF($AA35="READY","Ready for publication import",IF($W35<>"OK",$W35,IFERROR(INDEX(Checks!$T$7:$T$156,MATCH($B35,Checks!$B$7:$B$156,0)),"Add a valid cost pool"))))
A36: =IF(COUNTA(Inputs!$A$193:$H$193)>0,"Y","") | B36: =IF(Inputs!A193="","",Inputs!A193) | C36: =IF(Inputs!B193="","",Inputs!B193) | D36: =IF(Inputs!D193="","",Inputs!D193) | E36: =IF(Inputs!E193="","",Inputs!E193) | F36: =IF(Inputs!F193="","",Inputs!F193) | G36: =IF($B36="","",IFERROR(INDEX(Inputs!$A$7:$A$156,MATCH($B36,Inputs!$C$7:$C$156,0)),"")) | H36: =IF($B36="","",IFERROR(INDEX(Inputs!$B$7:$B$156,MATCH($B36,Inputs!$C$7:$C$156,0)),"")) | I36: =IF($B36="","",IFERROR(INDEX(Inputs!$E$7:$E$156,MATCH($B36,Inputs!$C$7:$C$156,0)),"")) | J36: =IF($B36="","",IFERROR(INDEX(Inputs!$F$7:$F$156,MATCH($B36,Inputs!$C$7:$C$156,0)),"")) | K36: =IF($B36="","",IFERROR(INDEX(Inputs!$G$7:$G$156,MATCH($B36,Inputs!$C$7:$C$156,0)),"")) | L36: =IF($B36="","",IFERROR(INDEX(Inputs!$H$7:$H$156,MATCH($B36,Inputs!$C$7:$C$156,0)),"")) | M36: =IF($A36="","",IF(OR($E36="",$K36="",$L36=""),"N",IF(OR($E36<$K36,$E36>$L36),"Y","N"))) | N36: =IF($A36="","",IF(Inputs!G193="","",Inputs!G193)) | O36: =IF($A36="","",IF($D36<>"CHARGEABLE","",SUMIFS($E$7:$E$156,$B$7:$B$156,$B36,$D$7:$D$156,"CHARGEABLE",$C$7:$C$156,"<>",$E$7:$E$156,">=0",$F$7:$F$156,"<>"))) | P36: =IF($A36="","",IF($D36<>"CHARGEABLE",IF(OR($D36="NON_PUBLIC_RESEARCH",$D36="CAPITAL",$D36="PENALTIES",$D36="RECOVERED_ELSEWHERE"),0,""),IF(OR($C36="",$E36="",$F36="",$I36="",$J36="",$O36<=0),"",$E36/$O36))) | Q36: =IF($A36="","",IF($D36<>"CHARGEABLE",IF(OR($D36="NON_PUBLIC_RESEARCH",$D36="CAPITAL",$D36="PENALTIES",$D36="RECOVERED_ELSEWHERE"),0,""),IF(OR($P36="",$I36=""),"",$I36*$P36))) | R36: =IF($A36="","",IF($D36<>"CHARGEABLE",IF(OR($D36="NON_PUBLIC_RESEARCH",$D36="CAPITAL",$D36="PENALTIES",$D36="RECOVERED_ELSEWHERE"),0,""),IF($P36="","",ROUND($P36*100,1)/100))) | S36: =IF($A36="","",IF($D36<>"CHARGEABLE",IF(OR($D36="NON_PUBLIC_RESEARCH",$D36="CAPITAL",$D36="PENALTIES",$D36="RECOVERED_ELSEWHERE"),0,""),IF($Q36="","",ROUND($Q36,0)))) | T36: =IF($A36="","",IF(OR($J36="EQUIPMENT_HOURS",$J36="STAFF_HOURS",$J36="FLOOR_AREA"),"Y",IF($J36="METERED","N",""))) | U36: =IF($A36="","",IF($D36="CHARGEABLE","N",IF(OR($D36="NON_PUBLIC_RESEARCH",$D36="CAPITAL",$D36="PENALTIES",$D36="RECOVERED_ELSEWHERE"),"Y",""))) | V36: =IF(OR($G36="",$C36=""),"",$G36&"|"&$C36) | W36: =IF($A36="","",IF($B36="","Missing Cost Pool ID",IF($C36="","Missing Program Code",IF($D36="","Missing Scope Code",IF(AND($D36<>"CHARGEABLE",$D36<>"NON_PUBLIC_RESEARCH",$D36<>"CAPITAL",$D36<>"PENALTIES",$D36<>"RECOVERED_ELSEWHERE"),"Invalid Scope Code",IF($G36="","Missing Methodology ID",IF($J36="","Pool basis unresolved",IF(AND($B36<>"",$C36<>"",COUNTIFS($B$7:$B$156,$B36,$C$7:$C$156,$C36)>1),"Duplicate Cost Pool / Program",IF(AND($V36<>"",COUNTIF($V$7:$V$156,$V36)>1),"Duplicate Methodology / Program",IF(AND($D36="CHARGEABLE",$E36=""),"Missing usage quantity",IF(AND($D36="CHARGEABLE",$F36=""),"Missing evidence reference",IF(AND($D36="CHARGEABLE",NOT(ISNUMBER($E36))),"Usage quantity not numeric",IF(AND($D36="CHARGEABLE",$E36<0),"Usage quantity is negative",IF(AND($U36="Y",Inputs!$H$193=""),"Missing exclusion note","OK")))))))))))))) | X36: =IF($A36="","",IFERROR(INDEX(Checks!$O$7:$O$156,MATCH($B36,Checks!$B$7:$B$156,0)),"FAIL")) | Y36: =IF($A36="","",IFERROR(INDEX(Checks!$Q$7:$Q$156,MATCH($B36,Checks!$B$7:$B$156,0)),"FAIL")) | Z36: =IF($A36="","",IF(OR($Q36="",Publication_Import!$F36=""),"FAIL",IF(ABS($Q36-Publication_Import!$F36)<=0.000001,"PASS","FAIL"))) | AA36: =IF($A36="","",IF(AND($W36="OK",$X36="PASS",$Y36="PASS",$Z36="PASS",IFERROR(INDEX(Checks!$S$7:$S$156,MATCH($B36,Checks!$B$7:$B$156,0)),"HOLD")="READY"),"READY","HOLD")) | AB36: =IF($A36="","",IF($AA36="READY","Ready for publication import",IF($W36<>"OK",$W36,IFERROR(INDEX(Checks!$T$7:$T$156,MATCH($B36,Checks!$B$7:$B$156,0)),"Add a valid cost pool"))))
A37: =IF(COUNTA(Inputs!$A$194:$H$194)>0,"Y","") | B37: =IF(Inputs!A194="","",Inputs!A194) | C37: =IF(Inputs!B194="","",Inputs!B194) | D37: =IF(Inputs!D194="","",Inputs!D194) | E37: =IF(Inputs!E194="","",Inputs!E194) | F37: =IF(Inputs!F194="","",Inputs!F194) | G37: =IF($B37="","",IFERROR(INDEX(Inputs!$A$7:$A$156,MATCH($B37,Inputs!$C$7:$C$156,0)),"")) | H37: =IF($B37="","",IFERROR(INDEX(Inputs!$B$7:$B$156,MATCH($B37,Inputs!$C$7:$C$156,0)),"")) | I37: =IF($B37="","",IFERROR(INDEX(Inputs!$E$7:$E$156,MATCH($B37,Inputs!$C$7:$C$156,0)),"")) | J37: =IF($B37="","",IFERROR(INDEX(Inputs!$F$7:$F$156,MATCH($B37,Inputs!$C$7:$C$156,0)),"")) | K37: =IF($B37="","",IFERROR(INDEX(Inputs!$G$7:$G$156,MATCH($B37,Inputs!$C$7:$C$156,0)),"")) | L37: =IF($B37="","",IFERROR(INDEX(Inputs!$H$7:$H$156,MATCH($B37,Inputs!$C$7:$C$156,0)),"")) | M37: =IF($A37="","",IF(OR($E37="",$K37="",$L37=""),"N",IF(OR($E37<$K37,$E37>$L37),"Y","N"))) | N37: =IF($A37="","",IF(Inputs!G194="","",Inputs!G194)) | O37: =IF($A37="","",IF($D37<>"CHARGEABLE","",SUMIFS($E$7:$E$156,$B$7:$B$156,$B37,$D$7:$D$156,"CHARGEABLE",$C$7:$C$156,"<>",$E$7:$E$156,">=0",$F$7:$F$156,"<>"))) | P37: =IF($A37="","",IF($D37<>"CHARGEABLE",IF(OR($D37="NON_PUBLIC_RESEARCH",$D37="CAPITAL",$D37="PENALTIES",$D37="RECOVERED_ELSEWHERE"),0,""),IF(OR($C37="",$E37="",$F37="",$I37="",$J37="",$O37<=0),"",$E37/$O37))) | Q37: =IF($A37="","",IF($D37<>"CHARGEABLE",IF(OR($D37="NON_PUBLIC_RESEARCH",$D37="CAPITAL",$D37="PENALTIES",$D37="RECOVERED_ELSEWHERE"),0,""),IF(OR($P37="",$I37=""),"",$I37*$P37))) | R37: =IF($A37="","",IF($D37<>"CHARGEABLE",IF(OR($D37="NON_PUBLIC_RESEARCH",$D37="CAPITAL",$D37="PENALTIES",$D37="RECOVERED_ELSEWHERE"),0,""),IF($P37="","",ROUND($P37*100,1)/100))) | S37: =IF($A37="","",IF($D37<>"CHARGEABLE",IF(OR($D37="NON_PUBLIC_RESEARCH",$D37="CAPITAL",$D37="PENALTIES",$D37="RECOVERED_ELSEWHERE"),0,""),IF($Q37="","",ROUND($Q37,0)))) | T37: =IF($A37="","",IF(OR($J37="EQUIPMENT_HOURS",$J37="STAFF_HOURS",$J37="FLOOR_AREA"),"Y",IF($J37="METERED","N",""))) | U37: =IF($A37="","",IF($D37="CHARGEABLE","N",IF(OR($D37="NON_PUBLIC_RESEARCH",$D37="CAPITAL",$D37="PENALTIES",$D37="RECOVERED_ELSEWHERE"),"Y",""))) | V37: =IF(OR($G37="",$C37=""),"",$G37&"|"&$C37) | W37: =IF($A37="","",IF($B37="","Missing Cost Pool ID",IF($C37="","Missing Program Code",IF($D37="","Missing Scope Code",IF(AND($D37<>"CHARGEABLE",$D37<>"NON_PUBLIC_RESEARCH",$D37<>"CAPITAL",$D37<>"PENALTIES",$D37<>"RECOVERED_ELSEWHERE"),"Invalid Scope Code",IF($G37="","Missing Methodology ID",IF($J37="","Pool basis unresolved",IF(AND($B37<>"",$C37<>"",COUNTIFS($B$7:$B$156,$B37,$C$7:$C$156,$C37)>1),"Duplicate Cost Pool / Program",IF(AND($V37<>"",COUNTIF($V$7:$V$156,$V37)>1),"Duplicate Methodology / Program",IF(AND($D37="CHARGEABLE",$E37=""),"Missing usage quantity",IF(AND($D37="CHARGEABLE",$F37=""),"Missing evidence reference",IF(AND($D37="CHARGEABLE",NOT(ISNUMBER($E37))),"Usage quantity not numeric",IF(AND($D37="CHARGEABLE",$E37<0),"Usage quantity is negative",IF(AND($U37="Y",Inputs!$H$194=""),"Missing exclusion note","OK")))))))))))))) | X37: =IF($A37="","",IFERROR(INDEX(Checks!$O$7:$O$156,MATCH($B37,Checks!$B$7:$B$156,0)),"FAIL")) | Y37: =IF($A37="","",IFERROR(INDEX(Checks!$Q$7:$Q$156,MATCH($B37,Checks!$B$7:$B$156,0)),"FAIL")) | Z37: =IF($A37="","",IF(OR($Q37="",Publication_Import!$F37=""),"FAIL",IF(ABS($Q37-Publication_Import!$F37)<=0.000001,"PASS","FAIL"))) | AA37: =IF($A37="","",IF(AND($W37="OK",$X37="PASS",$Y37="PASS",$Z37="PASS",IFERROR(INDEX(Checks!$S$7:$S$156,MATCH($B37,Checks!$B$7:$B$156,0)),"HOLD")="READY"),"READY","HOLD")) | AB37: =IF($A37="","",IF($AA37="READY","Ready for publication import",IF($W37<>"OK",$W37,IFERROR(INDEX(Checks!$T$7:$T$156,MATCH($B37,Checks!$B$7:$B$156,0)),"Add a valid cost pool"))))
A38: =IF(COUNTA(Inputs!$A$195:$H$195)>0,"Y","") | B38: =IF(Inputs!A195="","",Inputs!A195) | C38: =IF(Inputs!B195="","",Inputs!B195) | D38: =IF(Inputs!D195="","",Inputs!D195) | E38: =IF(Inputs!E195="","",Inputs!E195) | F38: =IF(Inputs!F195="","",Inputs!F195) | G38: =IF($B38="","",IFERROR(INDEX(Inputs!$A$7:$A$156,MATCH($B38,Inputs!$C$7:$C$156,0)),"")) | H38: =IF($B38="","",IFERROR(INDEX(Inputs!$B$7:$B$156,MATCH($B38,Inputs!$C$7:$C$156,0)),"")) | I38: =IF($B38="","",IFERROR(INDEX(Inputs!$E$7:$E$156,MATCH($B38,Inputs!$C$7:$C$156,0)),"")) | J38: =IF($B38="","",IFERROR(INDEX(Inputs!$F$7:$F$156,MATCH($B38,Inputs!$C$7:$C$156,0)),"")) | K38: =IF($B38="","",IFERROR(INDEX(Inputs!$G$7:$G$156,MATCH($B38,Inputs!$C$7:$C$156,0)),"")) | L38: =IF($B38="","",IFERROR(INDEX(Inputs!$H$7:$H$156,MATCH($B38,Inputs!$C$7:$C$156,0)),"")) | M38: =IF($A38="","",IF(OR($E38="",$K38="",$L38=""),"N",IF(OR($E38<$K38,$E38>$L38),"Y","N"))) | N38: =IF($A38="","",IF(Inputs!G195="","",Inputs!G195)) | O38: =IF($A38="","",IF($D38<>"CHARGEABLE","",SUMIFS($E$7:$E$156,$B$7:$B$156,$B38,$D$7:$D$156,"CHARGEABLE",$C$7:$C$156,"<>",$E$7:$E$156,">=0",$F$7:$F$156,"<>"))) | P38: =IF($A38="","",IF($D38<>"CHARGEABLE",IF(OR($D38="NON_PUBLIC_RESEARCH",$D38="CAPITAL",$D38="PENALTIES",$D38="RECOVERED_ELSEWHERE"),0,""),IF(OR($C38="",$E38="",$F38="",$I38="",$J38="",$O38<=0),"",$E38/$O38))) | Q38: =IF($A38="","",IF($D38<>"CHARGEABLE",IF(OR($D38="NON_PUBLIC_RESEARCH",$D38="CAPITAL",$D38="PENALTIES",$D38="RECOVERED_ELSEWHERE"),0,""),IF(OR($P38="",$I38=""),"",$I38*$P38))) | R38: =IF($A38="","",IF($D38<>"CHARGEABLE",IF(OR($D38="NON_PUBLIC_RESEARCH",$D38="CAPITAL",$D38="PENALTIES",$D38="RECOVERED_ELSEWHERE"),0,""),IF($P38="","",ROUND($P38*100,1)/100))) | S38: =IF($A38="","",IF($D38<>"CHARGEABLE",IF(OR($D38="NON_PUBLIC_RESEARCH",$D38="CAPITAL",$D38="PENALTIES",$D38="RECOVERED_ELSEWHERE"),0,""),IF($Q38="","",ROUND($Q38,0)))) | T38: =IF($A38="","",IF(OR($J38="EQUIPMENT_HOURS",$J38="STAFF_HOURS",$J38="FLOOR_AREA"),"Y",IF($J38="METERED","N",""))) | U38: =IF($A38="","",IF($D38="CHARGEABLE","N",IF(OR($D38="NON_PUBLIC_RESEARCH",$D38="CAPITAL",$D38="PENALTIES",$D38="RECOVERED_ELSEWHERE"),"Y",""))) | V38: =IF(OR($G38="",$C38=""),"",$G38&"|"&$C38) | W38: =IF($A38="","",IF($B38="","Missing Cost Pool ID",IF($C38="","Missing Program Code",IF($D38="","Missing Scope Code",IF(AND($D38<>"CHARGEABLE",$D38<>"NON_PUBLIC_RESEARCH",$D38<>"CAPITAL",$D38<>"PENALTIES",$D38<>"RECOVERED_ELSEWHERE"),"Invalid Scope Code",IF($G38="","Missing Methodology ID",IF($J38="","Pool basis unresolved",IF(AND($B38<>"",$C38<>"",COUNTIFS($B$7:$B$156,$B38,$C$7:$C$156,$C38)>1),"Duplicate Cost Pool / Program",IF(AND($V38<>"",COUNTIF($V$7:$V$156,$V38)>1),"Duplicate Methodology / Program",IF(AND($D38="CHARGEABLE",$E38=""),"Missing usage quantity",IF(AND($D38="CHARGEABLE",$F38=""),"Missing evidence reference",IF(AND($D38="CHARGEABLE",NOT(ISNUMBER($E38))),"Usage quantity not numeric",IF(AND($D38="CHARGEABLE",$E38<0),"Usage quantity is negative",IF(AND($U38="Y",Inputs!$H$195=""),"Missing exclusion note","OK")))))))))))))) | X38: =IF($A38="","",IFERROR(INDEX(Checks!$O$7:$O$156,MATCH($B38,Checks!$B$7:$B$156,0)),"FAIL")) | Y38: =IF($A38="","",IFERROR(INDEX(Checks!$Q$7:$Q$156,MATCH($B38,Checks!$B$7:$B$156,0)),"FAIL")) | Z38: =IF($A38="","",IF(OR($Q38="",Publication_Import!$F38=""),"FAIL",IF(ABS($Q38-Publication_Import!$F38)<=0.000001,"PASS","FAIL"))) | AA38: =IF($A38="","",IF(AND($W38="OK",$X38="PASS",$Y38="PASS",$Z38="PASS",IFERROR(INDEX(Checks!$S$7:$S$156,MATCH($B38,Checks!$B$7:$B$156,0)),"HOLD")="READY"),"READY","HOLD")) | AB38: =IF($A38="","",IF($AA38="READY","Ready for publication import",IF($W38<>"OK",$W38,IFERROR(INDEX(Checks!$T$7:$T$156,MATCH($B38,Checks!$B$7:$B$156,0)),"Add a valid cost pool"))))
A39: =IF(COUNTA(Inputs!$A$196:$H$196)>0,"Y","") | B39: =IF(Inputs!A196="","",Inputs!A196) | C39: =IF(Inputs!B196="","",Inputs!B196) | D39: =IF(Inputs!D196="","",Inputs!D196) | E39: =IF(Inputs!E196="","",Inputs!E196) | F39: =IF(Inputs!F196="","",Inputs!F196) | G39: =IF($B39="","",IFERROR(INDEX(Inputs!$A$7:$A$156,MATCH($B39,Inputs!$C$7:$C$156,0)),"")) | H39: =IF($B39="","",IFERROR(INDEX(Inputs!$B$7:$B$156,MATCH($B39,Inputs!$C$7:$C$156,0)),"")) | I39: =IF($B39="","",IFERROR(INDEX(Inputs!$E$7:$E$156,MATCH($B39,Inputs!$C$7:$C$156,0)),"")) | J39: =IF($B39="","",IFERROR(INDEX(Inputs!$F$7:$F$156,MATCH($B39,Inputs!$C$7:$C$156,0)),"")) | K39: =IF($B39="","",IFERROR(INDEX(Inputs!$G$7:$G$156,MATCH($B39,Inputs!$C$7:$C$156,0)),"")) | L39: =IF($B39="","",IFERROR(INDEX(Inputs!$H$7:$H$156,MATCH($B39,Inputs!$C$7:$C$156,0)),"")) | M39: =IF($A39="","",IF(OR($E39="",$K39="",$L39=""),"N",IF(OR($E39<$K39,$E39>$L39),"Y","N"))) | N39: =IF($A39="","",IF(Inputs!G196="","",Inputs!G196)) | O39: =IF($A39="","",IF($D39<>"CHARGEABLE","",SUMIFS($E$7:$E$156,$B$7:$B$156,$B39,$D$7:$D$156,"CHARGEABLE",$C$7:$C$156,"<>",$E$7:$E$156,">=0",$F$7:$F$156,"<>"))) | P39: =IF($A39="","",IF($D39<>"CHARGEABLE",IF(OR($D39="NON_PUBLIC_RESEARCH",$D39="CAPITAL",$D39="PENALTIES",$D39="RECOVERED_ELSEWHERE"),0,""),IF(OR($C39="",$E39="",$F39="",$I39="",$J39="",$O39<=0),"",$E39/$O39))) | Q39: =IF($A39="","",IF($D39<>"CHARGEABLE",IF(OR($D39="NON_PUBLIC_RESEARCH",$D39="CAPITAL",$D39="PENALTIES",$D39="RECOVERED_ELSEWHERE"),0,""),IF(OR($P39="",$I39=""),"",$I39*$P39))) | R39: =IF($A39="","",IF($D39<>"CHARGEABLE",IF(OR($D39="NON_PUBLIC_RESEARCH",$D39="CAPITAL",$D39="PENALTIES",$D39="RECOVERED_ELSEWHERE"),0,""),IF($P39="","",ROUND($P39*100,1)/100))) | S39: =IF($A39="","",IF($D39<>"CHARGEABLE",IF(OR($D39="NON_PUBLIC_RESEARCH",$D39="CAPITAL",$D39="PENALTIES",$D39="RECOVERED_ELSEWHERE"),0,""),IF($Q39="","",ROUND($Q39,0)))) | T39: =IF($A39="","",IF(OR($J39="EQUIPMENT_HOURS",$J39="STAFF_HOURS",$J39="FLOOR_AREA"),"Y",IF($J39="METERED","N",""))) | U39: =IF($A39="","",IF($D39="CHARGEABLE","N",IF(OR($D39="NON_PUBLIC_RESEARCH",$D39="CAPITAL",$D39="PENALTIES",$D39="RECOVERED_ELSEWHERE"),"Y",""))) | V39: =IF(OR($G39="",$C39=""),"",$G39&"|"&$C39) | W39: =IF($A39="","",IF($B39="","Missing Cost Pool ID",IF($C39="","Missing Program Code",IF($D39="","Missing Scope Code",IF(AND($D39<>"CHARGEABLE",$D39<>"NON_PUBLIC_RESEARCH",$D39<>"CAPITAL",$D39<>"PENALTIES",$D39<>"RECOVERED_ELSEWHERE"),"Invalid Scope Code",IF($G39="","Missing Methodology ID",IF($J39="","Pool basis unresolved",IF(AND($B39<>"",$C39<>"",COUNTIFS($B$7:$B$156,$B39,$C$7:$C$156,$C39)>1),"Duplicate Cost Pool / Program",IF(AND($V39<>"",COUNTIF($V$7:$V$156,$V39)>1),"Duplicate Methodology / Program",IF(AND($D39="CHARGEABLE",$E39=""),"Missing usage quantity",IF(AND($D39="CHARGEABLE",$F39=""),"Missing evidence reference",IF(AND($D39="CHARGEABLE",NOT(ISNUMBER($E39))),"Usage quantity not numeric",IF(AND($D39="CHARGEABLE",$E39<0),"Usage quantity is negative",IF(AND($U39="Y",Inputs!$H$196=""),"Missing exclusion note","OK")))))))))))))) | X39: =IF($A39="","",IFERROR(INDEX(Checks!$O$7:$O$156,MATCH($B39,Checks!$B$7:$B$156,0)),"FAIL")) | Y39: =IF($A39="","",IFERROR(INDEX(Checks!$Q$7:$Q$156,MATCH($B39,Checks!$B$7:$B$156,0)),"FAIL")) | Z39: =IF($A39="","",IF(OR($Q39="",Publication_Import!$F39=""),"FAIL",IF(ABS($Q39-Publication_Import!$F39)<=0.000001,"PASS","FAIL"))) | AA39: =IF($A39="","",IF(AND($W39="OK",$X39="PASS",$Y39="PASS",$Z39="PASS",IFERROR(INDEX(Checks!$S$7:$S$156,MATCH($B39,Checks!$B$7:$B$156,0)),"HOLD")="READY"),"READY","HOLD")) | AB39: =IF($A39="","",IF($AA39="READY","Ready for publication import",IF($W39<>"OK",$W39,IFERROR(INDEX(Checks!$T$7:$T$156,MATCH($B39,Checks!$B$7:$B$156,0)),"Add a valid cost pool"))))
A40: =IF(COUNTA(Inputs!$A$197:$H$197)>0,"Y","") | B40: =IF(Inputs!A197="","",Inputs!A197) | C40: =IF(Inputs!B197="","",Inputs!B197) | D40: =IF(Inputs!D197="","",Inputs!D197) | E40: =IF(Inputs!E197="","",Inputs!E197) | F40: =IF(Inputs!F197="","",Inputs!F197) | G40: =IF($B40="","",IFERROR(INDEX(Inputs!$A$7:$A$156,MATCH($B40,Inputs!$C$7:$C$156,0)),"")) | H40: =IF($B40="","",IFERROR(INDEX(Inputs!$B$7:$B$156,MATCH($B40,Inputs!$C$7:$C$156,0)),"")) | I40: =IF($B40="","",IFERROR(INDEX(Inputs!$E$7:$E$156,MATCH($B40,Inputs!$C$7:$C$156,0)),"")) | J40: =IF($B40="","",IFERROR(INDEX(Inputs!$F$7:$F$156,MATCH($B40,Inputs!$C$7:$C$156,0)),"")) | K40: =IF($B40="","",IFERROR(INDEX(Inputs!$G$7:$G$156,MATCH($B40,Inputs!$C$7:$C$156,0)),"")) | L40: =IF($B40="","",IFERROR(INDEX(Inputs!$H$7:$H$156,MATCH($B40,Inputs!$C$7:$C$156,0)),"")) | M40: =IF($A40="","",IF(OR($E40="",$K40="",$L40=""),"N",IF(OR($E40<$K40,$E40>$L40),"Y","N"))) | N40: =IF($A40="","",IF(Inputs!G197="","",Inputs!G197)) | O40: =IF($A40="","",IF($D40<>"CHARGEABLE","",SUMIFS($E$7:$E$156,$B$7:$B$156,$B40,$D$7:$D$156,"CHARGEABLE",$C$7:$C$156,"<>",$E$7:$E$156,">=0",$F$7:$F$156,"<>"))) | P40: =IF($A40="","",IF($D40<>"CHARGEABLE",IF(OR($D40="NON_PUBLIC_RESEARCH",$D40="CAPITAL",$D40="PENALTIES",$D40="RECOVERED_ELSEWHERE"),0,""),IF(OR($C40="",$E40="",$F40="",$I40="",$J40="",$O40<=0),"",$E40/$O40))) | Q40: =IF($A40="","",IF($D40<>"CHARGEABLE",IF(OR($D40="NON_PUBLIC_RESEARCH",$D40="CAPITAL",$D40="PENALTIES",$D40="RECOVERED_ELSEWHERE"),0,""),IF(OR($P40="",$I40=""),"",$I40*$P40))) | R40: =IF($A40="","",IF($D40<>"CHARGEABLE",IF(OR($D40="NON_PUBLIC_RESEARCH",$D40="CAPITAL",$D40="PENALTIES",$D40="RECOVERED_ELSEWHERE"),0,""),IF($P40="","",ROUND($P40*100,1)/100))) | S40: =IF($A40="","",IF($D40<>"CHARGEABLE",IF(OR($D40="NON_PUBLIC_RESEARCH",$D40="CAPITAL",$D40="PENALTIES",$D40="RECOVERED_ELSEWHERE"),0,""),IF($Q40="","",ROUND($Q40,0)))) | T40: =IF($A40="","",IF(OR($J40="EQUIPMENT_HOURS",$J40="STAFF_HOURS",$J40="FLOOR_AREA"),"Y",IF($J40="METERED","N",""))) | U40: =IF($A40="","",IF($D40="CHARGEABLE","N",IF(OR($D40="NON_PUBLIC_RESEARCH",$D40="CAPITAL",$D40="PENALTIES",$D40="RECOVERED_ELSEWHERE"),"Y",""))) | V40: =IF(OR($G40="",$C40=""),"",$G40&"|"&$C40) | W40: =IF($A40="","",IF($B40="","Missing Cost Pool ID",IF($C40="","Missing Program Code",IF($D40="","Missing Scope Code",IF(AND($D40<>"CHARGEABLE",$D40<>"NON_PUBLIC_RESEARCH",$D40<>"CAPITAL",$D40<>"PENALTIES",$D40<>"RECOVERED_ELSEWHERE"),"Invalid Scope Code",IF($G40="","Missing Methodology ID",IF($J40="","Pool basis unresolved",IF(AND($B40<>"",$C40<>"",COUNTIFS($B$7:$B$156,$B40,$C$7:$C$156,$C40)>1),"Duplicate Cost Pool / Program",IF(AND($V40<>"",COUNTIF($V$7:$V$156,$V40)>1),"Duplicate Methodology / Program",IF(AND($D40="CHARGEABLE",$E40=""),"Missing usage quantity",IF(AND($D40="CHARGEABLE",$F40=""),"Missing evidence reference",IF(AND($D40="CHARGEABLE",NOT(ISNUMBER($E40))),"Usage quantity not numeric",IF(AND($D40="CHARGEABLE",$E40<0),"Usage quantity is negative",IF(AND($U40="Y",Inputs!$H$197=""),"Missing exclusion note","OK")))))))))))))) | X40: =IF($A40="","",IFERROR(INDEX(Checks!$O$7:$O$156,MATCH($B40,Checks!$B$7:$B$156,0)),"FAIL")) | Y40: =IF($A40="","",IFERROR(INDEX(Checks!$Q$7:$Q$156,MATCH($B40,Checks!$B$7:$B$156,0)),"FAIL")) | Z40: =IF($A40="","",IF(OR($Q40="",Publication_Import!$F40=""),"FAIL",IF(ABS($Q40-Publication_Import!$F40)<=0.000001,"PASS","FAIL"))) | AA40: =IF($A40="","",IF(AND($W40="OK",$X40="PASS",$Y40="PASS",$Z40="PASS",IFERROR(INDEX(Checks!$S$7:$S$156,MATCH($B40,Checks!$B$7:$B$156,0)),"HOLD")="READY"),"READY","HOLD")) | AB40: =IF($A40="","",IF($AA40="READY","Ready for publication import",IF($W40<>"OK",$W40,IFERROR(INDEX(Checks!$T$7:$T$156,MATCH($B40,Checks!$B$7:$B$156,0)),"Add a valid cost pool"))))
A41: =IF(COUNTA(Inputs!$A$198:$H$198)>0,"Y","") | B41: =IF(Inputs!A198="","",Inputs!A198) | C41: =IF(Inputs!B198="","",Inputs!B198) | D41: =IF(Inputs!D198="","",Inputs!D198) | E41: =IF(Inputs!E198="","",Inputs!E198) | F41: =IF(Inputs!F198="","",Inputs!F198) | G41: =IF($B41="","",IFERROR(INDEX(Inputs!$A$7:$A$156,MATCH($B41,Inputs!$C$7:$C$156,0)),"")) | H41: =IF($B41="","",IFERROR(INDEX(Inputs!$B$7:$B$156,MATCH($B41,Inputs!$C$7:$C$156,0)),"")) | I41: =IF($B41="","",IFERROR(INDEX(Inputs!$E$7:$E$156,MATCH($B41,Inputs!$C$7:$C$156,0)),"")) | J41: =IF($B41="","",IFERROR(INDEX(Inputs!$F$7:$F$156,MATCH($B41,Inputs!$C$7:$C$156,0)),"")) | K41: =IF($B41="","",IFERROR(INDEX(Inputs!$G$7:$G$156,MATCH($B41,Inputs!$C$7:$C$156,0)),"")) | L41: =IF($B41="","",IFERROR(INDEX(Inputs!$H$7:$H$156,MATCH($B41,Inputs!$C$7:$C$156,0)),"")) | M41: =IF($A41="","",IF(OR($E41="",$K41="",$L41=""),"N",IF(OR($E41<$K41,$E41>$L41),"Y","N"))) | N41: =IF($A41="","",IF(Inputs!G198="","",Inputs!G198)) | O41: =IF($A41="","",IF($D41<>"CHARGEABLE","",SUMIFS($E$7:$E$156,$B$7:$B$156,$B41,$D$7:$D$156,"CHARGEABLE",$C$7:$C$156,"<>",$E$7:$E$156,">=0",$F$7:$F$156,"<>"))) | P41: =IF($A41="","",IF($D41<>"CHARGEABLE",IF(OR($D41="NON_PUBLIC_RESEARCH",$D41="CAPITAL",$D41="PENALTIES",$D41="RECOVERED_ELSEWHERE"),0,""),IF(OR($C41="",$E41="",$F41="",$I41="",$J41="",$O41<=0),"",$E41/$O41))) | Q41: =IF($A41="","",IF($D41<>"CHARGEABLE",IF(OR($D41="NON_PUBLIC_RESEARCH",$D41="CAPITAL",$D41="PENALTIES",$D41="RECOVERED_ELSEWHERE"),0,""),IF(OR($P41="",$I41=""),"",$I41*$P41))) | R41: =IF($A41="","",IF($D41<>"CHARGEABLE",IF(OR($D41="NON_PUBLIC_RESEARCH",$D41="CAPITAL",$D41="PENALTIES",$D41="RECOVERED_ELSEWHERE"),0,""),IF($P41="","",ROUND($P41*100,1)/100))) | S41: =IF($A41="","",IF($D41<>"CHARGEABLE",IF(OR($D41="NON_PUBLIC_RESEARCH",$D41="CAPITAL",$D41="PENALTIES",$D41="RECOVERED_ELSEWHERE"),0,""),IF($Q41="","",ROUND($Q41,0)))) | T41: =IF($A41="","",IF(OR($J41="EQUIPMENT_HOURS",$J41="STAFF_HOURS",$J41="FLOOR_AREA"),"Y",IF($J41="METERED","N",""))) | U41: =IF($A41="","",IF($D41="CHARGEABLE","N",IF(OR($D41="NON_PUBLIC_RESEARCH",$D41="CAPITAL",$D41="PENALTIES",$D41="RECOVERED_ELSEWHERE"),"Y",""))) | V41: =IF(OR($G41="",$C41=""),"",$G41&"|"&$C41) | W41: =IF($A41="","",IF($B41="","Missing Cost Pool ID",IF($C41="","Missing Program Code",IF($D41="","Missing Scope Code",IF(AND($D41<>"CHARGEABLE",$D41<>"NON_PUBLIC_RESEARCH",$D41<>"CAPITAL",$D41<>"PENALTIES",$D41<>"RECOVERED_ELSEWHERE"),"Invalid Scope Code",IF($G41="","Missing Methodology ID",IF($J41="","Pool basis unresolved",IF(AND($B41<>"",$C41<>"",COUNTIFS($B$7:$B$156,$B41,$C$7:$C$156,$C41)>1),"Duplicate Cost Pool / Program",IF(AND($V41<>"",COUNTIF($V$7:$V$156,$V41)>1),"Duplicate Methodology / Program",IF(AND($D41="CHARGEABLE",$E41=""),"Missing usage quantity",IF(AND($D41="CHARGEABLE",$F41=""),"Missing evidence reference",IF(AND($D41="CHARGEABLE",NOT(ISNUMBER($E41))),"Usage quantity not numeric",IF(AND($D41="CHARGEABLE",$E41<0),"Usage quantity is negative",IF(AND($U41="Y",Inputs!$H$198=""),"Missing exclusion note","OK")))))))))))))) | X41: =IF($A41="","",IFERROR(INDEX(Checks!$O$7:$O$156,MATCH($B41,Checks!$B$7:$B$156,0)),"FAIL")) | Y41: =IF($A41="","",IFERROR(INDEX(Checks!$Q$7:$Q$156,MATCH($B41,Checks!$B$7:$B$156,0)),"FAIL")) | Z41: =IF($A41="","",IF(OR($Q41="",Publication_Import!$F41=""),"FAIL",IF(ABS($Q41-Publication_Import!$F41)<=0.000001,"PASS","FAIL"))) | AA41: =IF($A41="","",IF(AND($W41="OK",$X41="PASS",$Y41="PASS",$Z41="PASS",IFERROR(INDEX(Checks!$S$7:$S$156,MATCH($B41,Checks!$B$7:$B$156,0)),"HOLD")="READY"),"READY","HOLD")) | AB41: =IF($A41="","",IF($AA41="READY","Ready for publication import",IF($W41<>"OK",$W41,IFERROR(INDEX(Checks!$T$7:$T$156,MATCH($B41,Checks!$B$7:$B$156,0)),"Add a valid cost pool"))))
A42: =IF(COUNTA(Inputs!$A$199:$H$199)>0,"Y","") | B42: =IF(Inputs!A199="","",Inputs!A199) | C42: =IF(Inputs!B199="","",Inputs!B199) | D42: =IF(Inputs!D199="","",Inputs!D199) | E42: =IF(Inputs!E199="","",Inputs!E199) | F42: =IF(Inputs!F199="","",Inputs!F199) | G42: =IF($B42="","",IFERROR(INDEX(Inputs!$A$7:$A$156,MATCH($B42,Inputs!$C$7:$C$156,0)),"")) | H42: =IF($B42="","",IFERROR(INDEX(Inputs!$B$7:$B$156,MATCH($B42,Inputs!$C$7:$C$156,0)),"")) | I42: =IF($B42="","",IFERROR(INDEX(Inputs!$E$7:$E$156,MATCH($B42,Inputs!$C$7:$C$156,0)),"")) | J42: =IF($B42="","",IFERROR(INDEX(Inputs!$F$7:$F$156,MATCH($B42,Inputs!$C$7:$C$156,0)),"")) | K42: =IF($B42="","",IFERROR(INDEX(Inputs!$G$7:$G$156,MATCH($B42,Inputs!$C$7:$C$156,0)),"")) | L42: =IF($B42="","",IFERROR(INDEX(Inputs!$H$7:$H$156,MATCH($B42,Inputs!$C$7:$C$156,0)),"")) | M42: =IF($A42="","",IF(OR($E42="",$K42="",$L42=""),"N",IF(OR($E42<$K42,$E42>$L42),"Y","N"))) | N42: =IF($A42="","",IF(Inputs!G199="","",Inputs!G199)) | O42: =IF($A42="","",IF($D42<>"CHARGEABLE","",SUMIFS($E$7:$E$156,$B$7:$B$156,$B42,$D$7:$D$156,"CHARGEABLE",$C$7:$C$156,"<>",$E$7:$E$156,">=0",$F$7:$F$156,"<>"))) | P42: =IF($A42="","",IF($D42<>"CHARGEABLE",IF(OR($D42="NON_PUBLIC_RESEARCH",$D42="CAPITAL",$D42="PENALTIES",$D42="RECOVERED_ELSEWHERE"),0,""),IF(OR($C42="",$E42="",$F42="",$I42="",$J42="",$O42<=0),"",$E42/$O42))) | Q42: =IF($A42="","",IF($D42<>"CHARGEABLE",IF(OR($D42="NON_PUBLIC_RESEARCH",$D42="CAPITAL",$D42="PENALTIES",$D42="RECOVERED_ELSEWHERE"),0,""),IF(OR($P42="",$I42=""),"",$I42*$P42))) | R42: =IF($A42="","",IF($D42<>"CHARGEABLE",IF(OR($D42="NON_PUBLIC_RESEARCH",$D42="CAPITAL",$D42="PENALTIES",$D42="RECOVERED_ELSEWHERE"),0,""),IF($P42="","",ROUND($P42*100,1)/100))) | S42: =IF($A42="","",IF($D42<>"CHARGEABLE",IF(OR($D42="NON_PUBLIC_RESEARCH",$D42="CAPITAL",$D42="PENALTIES",$D42="RECOVERED_ELSEWHERE"),0,""),IF($Q42="","",ROUND($Q42,0)))) | T42: =IF($A42="","",IF(OR($J42="EQUIPMENT_HOURS",$J42="STAFF_HOURS",$J42="FLOOR_AREA"),"Y",IF($J42="METERED","N",""))) | U42: =IF($A42="","",IF($D42="CHARGEABLE","N",IF(OR($D42="NON_PUBLIC_RESEARCH",$D42="CAPITAL",$D42="PENALTIES",$D42="RECOVERED_ELSEWHERE"),"Y",""))) | V42: =IF(OR($G42="",$C42=""),"",$G42&"|"&$C42) | W42: =IF($A42="","",IF($B42="","Missing Cost Pool ID",IF($C42="","Missing Program Code",IF($D42="","Missing Scope Code",IF(AND($D42<>"CHARGEABLE",$D42<>"NON_PUBLIC_RESEARCH",$D42<>"CAPITAL",$D42<>"PENALTIES",$D42<>"RECOVERED_ELSEWHERE"),"Invalid Scope Code",IF($G42="","Missing Methodology ID",IF($J42="","Pool basis unresolved",IF(AND($B42<>"",$C42<>"",COUNTIFS($B$7:$B$156,$B42,$C$7:$C$156,$C42)>1),"Duplicate Cost Pool / Program",IF(AND($V42<>"",COUNTIF($V$7:$V$156,$V42)>1),"Duplicate Methodology / Program",IF(AND($D42="CHARGEABLE",$E42=""),"Missing usage quantity",IF(AND($D42="CHARGEABLE",$F42=""),"Missing evidence reference",IF(AND($D42="CHARGEABLE",NOT(ISNUMBER($E42))),"Usage quantity not numeric",IF(AND($D42="CHARGEABLE",$E42<0),"Usage quantity is negative",IF(AND($U42="Y",Inputs!$H$199=""),"Missing exclusion note","OK")))))))))))))) | X42: =IF($A42="","",IFERROR(INDEX(Checks!$O$7:$O$156,MATCH($B42,Checks!$B$7:$B$156,0)),"FAIL")) | Y42: =IF($A42="","",IFERROR(INDEX(Checks!$Q$7:$Q$156,MATCH($B42,Checks!$B$7:$B$156,0)),"FAIL")) | Z42: =IF($A42="","",IF(OR($Q42="",Publication_Import!$F42=""),"FAIL",IF(ABS($Q42-Publication_Import!$F42)<=0.000001,"PASS","FAIL"))) | AA42: =IF($A42="","",IF(AND($W42="OK",$X42="PASS",$Y42="PASS",$Z42="PASS",IFERROR(INDEX(Checks!$S$7:$S$156,MATCH($B42,Checks!$B$7:$B$156,0)),"HOLD")="READY"),"READY","HOLD")) | AB42: =IF($A42="","",IF($AA42="READY","Ready for publication import",IF($W42<>"OK",$W42,IFERROR(INDEX(Checks!$T$7:$T$156,MATCH($B42,Checks!$B$7:$B$156,0)),"Add a valid cost pool"))))
A43: =IF(COUNTA(Inputs!$A$200:$H$200)>0,"Y","") | B43: =IF(Inputs!A200="","",Inputs!A200) | C43: =IF(Inputs!B200="","",Inputs!B200) | D43: =IF(Inputs!D200="","",Inputs!D200) | E43: =IF(Inputs!E200="","",Inputs!E200) | F43: =IF(Inputs!F200="","",Inputs!F200) | G43: =IF($B43="","",IFERROR(INDEX(Inputs!$A$7:$A$156,MATCH($B43,Inputs!$C$7:$C$156,0)),"")) | H43: =IF($B43="","",IFERROR(INDEX(Inputs!$B$7:$B$156,MATCH($B43,Inputs!$C$7:$C$156,0)),"")) | I43: =IF($B43="","",IFERROR(INDEX(Inputs!$E$7:$E$156,MATCH($B43,Inputs!$C$7:$C$156,0)),"")) | J43: =IF($B43="","",IFERROR(INDEX(Inputs!$F$7:$F$156,MATCH($B43,Inputs!$C$7:$C$156,0)),"")) | K43: =IF($B43="","",IFERROR(INDEX(Inputs!$G$7:$G$156,MATCH($B43,Inputs!$C$7:$C$156,0)),"")) | L43: =IF($B43="","",IFERROR(INDEX(Inputs!$H$7:$H$156,MATCH($B43,Inputs!$C$7:$C$156,0)),"")) | M43: =IF($A43="","",IF(OR($E43="",$K43="",$L43=""),"N",IF(OR($E43<$K43,$E43>$L43),"Y","N"))) | N43: =IF($A43="","",IF(Inputs!G200="","",Inputs!G200)) | O43: =IF($A43="","",IF($D43<>"CHARGEABLE","",SUMIFS($E$7:$E$156,$B$7:$B$156,$B43,$D$7:$D$156,"CHARGEABLE",$C$7:$C$156,"<>",$E$7:$E$156,">=0",$F$7:$F$156,"<>"))) | P43: =IF($A43="","",IF($D43<>"CHARGEABLE",IF(OR($D43="NON_PUBLIC_RESEARCH",$D43="CAPITAL",$D43="PENALTIES",$D43="RECOVERED_ELSEWHERE"),0,""),IF(OR($C43="",$E43="",$F43="",$I43="",$J43="",$O43<=0),"",$E43/$O43))) | Q43: =IF($A43="","",IF($D43<>"CHARGEABLE",IF(OR($D43="NON_PUBLIC_RESEARCH",$D43="CAPITAL",$D43="PENALTIES",$D43="RECOVERED_ELSEWHERE"),0,""),IF(OR($P43="",$I43=""),"",$I43*$P43))) | R43: =IF($A43="","",IF($D43<>"CHARGEABLE",IF(OR($D43="NON_PUBLIC_RESEARCH",$D43="CAPITAL",$D43="PENALTIES",$D43="RECOVERED_ELSEWHERE"),0,""),IF($P43="","",ROUND($P43*100,1)/100))) | S43: =IF($A43="","",IF($D43<>"CHARGEABLE",IF(OR($D43="NON_PUBLIC_RESEARCH",$D43="CAPITAL",$D43="PENALTIES",$D43="RECOVERED_ELSEWHERE"),0,""),IF($Q43="","",ROUND($Q43,0)))) | T43: =IF($A43="","",IF(OR($J43="EQUIPMENT_HOURS",$J43="STAFF_HOURS",$J43="FLOOR_AREA"),"Y",IF($J43="METERED","N",""))) | U43: =IF($A43="","",IF($D43="CHARGEABLE","N",IF(OR($D43="NON_PUBLIC_RESEARCH",$D43="CAPITAL",$D43="PENALTIES",$D43="RECOVERED_ELSEWHERE"),"Y",""))) | V43: =IF(OR($G43="",$C43=""),"",$G43&"|"&$C43) | W43: =IF($A43="","",IF($B43="","Missing Cost Pool ID",IF($C43="","Missing Program Code",IF($D43="","Missing Scope Code",IF(AND($D43<>"CHARGEABLE",$D43<>"NON_PUBLIC_RESEARCH",$D43<>"CAPITAL",$D43<>"PENALTIES",$D43<>"RECOVERED_ELSEWHERE"),"Invalid Scope Code",IF($G43="","Missing Methodology ID",IF($J43="","Pool basis unresolved",IF(AND($B43<>"",$C43<>"",COUNTIFS($B$7:$B$156,$B43,$C$7:$C$156,$C43)>1),"Duplicate Cost Pool / Program",IF(AND($V43<>"",COUNTIF($V$7:$V$156,$V43)>1),"Duplicate Methodology / Program",IF(AND($D43="CHARGEABLE",$E43=""),"Missing usage quantity",IF(AND($D43="CHARGEABLE",$F43=""),"Missing evidence reference",IF(AND($D43="CHARGEABLE",NOT(ISNUMBER($E43))),"Usage quantity not numeric",IF(AND($D43="CHARGEABLE",$E43<0),"Usage quantity is negative",IF(AND($U43="Y",Inputs!$H$200=""),"Missing exclusion note","OK")))))))))))))) | X43: =IF($A43="","",IFERROR(INDEX(Checks!$O$7:$O$156,MATCH($B43,Checks!$B$7:$B$156,0)),"FAIL")) | Y43: =IF($A43="","",IFERROR(INDEX(Checks!$Q$7:$Q$156,MATCH($B43,Checks!$B$7:$B$156,0)),"FAIL")) | Z43: =IF($A43="","",IF(OR($Q43="",Publication_Import!$F43=""),"FAIL",IF(ABS($Q43-Publication_Import!$F43)<=0.000001,"PASS","FAIL"))) | AA43: =IF($A43="","",IF(AND($W43="OK",$X43="PASS",$Y43="PASS",$Z43="PASS",IFERROR(INDEX(Checks!$S$7:$S$156,MATCH($B43,Checks!$B$7:$B$156,0)),"HOLD")="READY"),"READY","HOLD")) | AB43: =IF($A43="","",IF($AA43="READY","Ready for publication import",IF($W43<>"OK",$W43,IFERROR(INDEX(Checks!$T$7:$T$156,MATCH($B43,Checks!$B$7:$B$156,0)),"Add a valid cost pool"))))
A44: =IF(COUNTA(Inputs!$A$201:$H$201)>0,"Y","") | B44: =IF(Inputs!A201="","",Inputs!A201) | C44: =IF(Inputs!B201="","",Inputs!B201) | D44: =IF(Inputs!D201="","",Inputs!D201) | E44: =IF(Inputs!E201="","",Inputs!E201) | F44: =IF(Inputs!F201="","",Inputs!F201) | G44: =IF($B44="","",IFERROR(INDEX(Inputs!$A$7:$A$156,MATCH($B44,Inputs!$C$7:$C$156,0)),"")) | H44: =IF($B44="","",IFERROR(INDEX(Inputs!$B$7:$B$156,MATCH($B44,Inputs!$C$7:$C$156,0)),"")) | I44: =IF($B44="","",IFERROR(INDEX(Inputs!$E$7:$E$156,MATCH($B44,Inputs!$C$7:$C$156,0)),"")) | J44: =IF($B44="","",IFERROR(INDEX(Inputs!$F$7:$F$156,MATCH($B44,Inputs!$C$7:$C$156,0)),"")) | K44: =IF($B44="","",IFERROR(INDEX(Inputs!$G$7:$G$156,MATCH($B44,Inputs!$C$7:$C$156,0)),"")) | L44: =IF($B44="","",IFERROR(INDEX(Inputs!$H$7:$H$156,MATCH($B44,Inputs!$C$7:$C$156,0)),"")) | M44: =IF($A44="","",IF(OR($E44="",$K44="",$L44=""),"N",IF(OR($E44<$K44,$E44>$L44),"Y","N"))) | N44: =IF($A44="","",IF(Inputs!G201="","",Inputs!G201)) | O44: =IF($A44="","",IF($D44<>"CHARGEABLE","",SUMIFS($E$7:$E$156,$B$7:$B$156,$B44,$D$7:$D$156,"CHARGEABLE",$C$7:$C$156,"<>",$E$7:$E$156,">=0",$F$7:$F$156,"<>"))) | P44: =IF($A44="","",IF($D44<>"CHARGEABLE",IF(OR($D44="NON_PUBLIC_RESEARCH",$D44="CAPITAL",$D44="PENALTIES",$D44="RECOVERED_ELSEWHERE"),0,""),IF(OR($C44="",$E44="",$F44="",$I44="",$J44="",$O44<=0),"",$E44/$O44))) | Q44: =IF($A44="","",IF($D44<>"CHARGEABLE",IF(OR($D44="NON_PUBLIC_RESEARCH",$D44="CAPITAL",$D44="PENALTIES",$D44="RECOVERED_ELSEWHERE"),0,""),IF(OR($P44="",$I44=""),"",$I44*$P44))) | R44: =IF($A44="","",IF($D44<>"CHARGEABLE",IF(OR($D44="NON_PUBLIC_RESEARCH",$D44="CAPITAL",$D44="PENALTIES",$D44="RECOVERED_ELSEWHERE"),0,""),IF($P44="","",ROUND($P44*100,1)/100))) | S44: =IF($A44="","",IF($D44<>"CHARGEABLE",IF(OR($D44="NON_PUBLIC_RESEARCH",$D44="CAPITAL",$D44="PENALTIES",$D44="RECOVERED_ELSEWHERE"),0,""),IF($Q44="","",ROUND($Q44,0)))) | T44: =IF($A44="","",IF(OR($J44="EQUIPMENT_HOURS",$J44="STAFF_HOURS",$J44="FLOOR_AREA"),"Y",IF($J44="METERED","N",""))) | U44: =IF($A44="","",IF($D44="CHARGEABLE","N",IF(OR($D44="NON_PUBLIC_RESEARCH",$D44="CAPITAL",$D44="PENALTIES",$D44="RECOVERED_ELSEWHERE"),"Y",""))) | V44: =IF(OR($G44="",$C44=""),"",$G44&"|"&$C44) | W44: =IF($A44="","",IF($B44="","Missing Cost Pool ID",IF($C44="","Missing Program Code",IF($D44="","Missing Scope Code",IF(AND($D44<>"CHARGEABLE",$D44<>"NON_PUBLIC_RESEARCH",$D44<>"CAPITAL",$D44<>"PENALTIES",$D44<>"RECOVERED_ELSEWHERE"),"Invalid Scope Code",IF($G44="","Missing Methodology ID",IF($J44="","Pool basis unresolved",IF(AND($B44<>"",$C44<>"",COUNTIFS($B$7:$B$156,$B44,$C$7:$C$156,$C44)>1),"Duplicate Cost Pool / Program",IF(AND($V44<>"",COUNTIF($V$7:$V$156,$V44)>1),"Duplicate Methodology / Program",IF(AND($D44="CHARGEABLE",$E44=""),"Missing usage quantity",IF(AND($D44="CHARGEABLE",$F44=""),"Missing evidence reference",IF(AND($D44="CHARGEABLE",NOT(ISNUMBER($E44))),"Usage quantity not numeric",IF(AND($D44="CHARGEABLE",$E44<0),"Usage quantity is negative",IF(AND($U44="Y",Inputs!$H$201=""),"Missing exclusion note","OK")))))))))))))) | X44: =IF($A44="","",IFERROR(INDEX(Checks!$O$7:$O$156,MATCH($B44,Checks!$B$7:$B$156,0)),"FAIL")) | Y44: =IF($A44="","",IFERROR(INDEX(Checks!$Q$7:$Q$156,MATCH($B44,Checks!$B$7:$B$156,0)),"FAIL")) | Z44: =IF($A44="","",IF(OR($Q44="",Publication_Import!$F44=""),"FAIL",IF(ABS($Q44-Publication_Import!$F44)<=0.000001,"PASS","FAIL"))) | AA44: =IF($A44="","",IF(AND($W44="OK",$X44="PASS",$Y44="PASS",$Z44="PASS",IFERROR(INDEX(Checks!$S$7:$S$156,MATCH($B44,Checks!$B$7:$B$156,0)),"HOLD")="READY"),"READY","HOLD")) | AB44: =IF($A44="","",IF($AA44="READY","Ready for publication import",IF($W44<>"OK",$W44,IFERROR(INDEX(Checks!$T$7:$T$156,MATCH($B44,Checks!$B$7:$B$156,0)),"Add a valid cost pool"))))
A45: =IF(COUNTA(Inputs!$A$202:$H$202)>0,"Y","") | B45: =IF(Inputs!A202="","",Inputs!A202) | C45: =IF(Inputs!B202="","",Inputs!B202) | D45: =IF(Inputs!D202="","",Inputs!D202) | E45: =IF(Inputs!E202="","",Inputs!E202) | F45: =IF(Inputs!F202="","",Inputs!F202) | G45: =IF($B45="","",IFERROR(INDEX(Inputs!$A$7:$A$156,MATCH($B45,Inputs!$C$7:$C$156,0)),"")) | H45: =IF($B45="","",IFERROR(INDEX(Inputs!$B$7:$B$156,MATCH($B45,Inputs!$C$7:$C$156,0)),"")) | I45: =IF($B45="","",IFERROR(INDEX(Inputs!$E$7:$E$156,MATCH($B45,Inputs!$C$7:$C$156,0)),"")) | J45: =IF($B45="","",IFERROR(INDEX(Inputs!$F$7:$F$156,MATCH($B45,Inputs!$C$7:$C$156,0)),"")) | K45: =IF($B45="","",IFERROR(INDEX(Inputs!$G$7:$G$156,MATCH($B45,Inputs!$C$7:$C$156,0)),"")) | L45: =IF($B45="","",IFERROR(INDEX(Inputs!$H$7:$H$156,MATCH($B45,Inputs!$C$7:$C$156,0)),"")) | M45: =IF($A45="","",IF(OR($E45="",$K45="",$L45=""),"N",IF(OR($E45<$K45,$E45>$L45),"Y","N"))) | N45: =IF($A45="","",IF(Inputs!G202="","",Inputs!G202)) | O45: =IF($A45="","",IF($D45<>"CHARGEABLE","",SUMIFS($E$7:$E$156,$B$7:$B$156,$B45,$D$7:$D$156,"CHARGEABLE",$C$7:$C$156,"<>",$E$7:$E$156,">=0",$F$7:$F$156,"<>"))) | P45: =IF($A45="","",IF($D45<>"CHARGEABLE",IF(OR($D45="NON_PUBLIC_RESEARCH",$D45="CAPITAL",$D45="PENALTIES",$D45="RECOVERED_ELSEWHERE"),0,""),IF(OR($C45="",$E45="",$F45="",$I45="",$J45="",$O45<=0),"",$E45/$O45))) | Q45: =IF($A45="","",IF($D45<>"CHARGEABLE",IF(OR($D45="NON_PUBLIC_RESEARCH",$D45="CAPITAL",$D45="PENALTIES",$D45="RECOVERED_ELSEWHERE"),0,""),IF(OR($P45="",$I45=""),"",$I45*$P45))) | R45: =IF($A45="","",IF($D45<>"CHARGEABLE",IF(OR($D45="NON_PUBLIC_RESEARCH",$D45="CAPITAL",$D45="PENALTIES",$D45="RECOVERED_ELSEWHERE"),0,""),IF($P45="","",ROUND($P45*100,1)/100))) | S45: =IF($A45="","",IF($D45<>"CHARGEABLE",IF(OR($D45="NON_PUBLIC_RESEARCH",$D45="CAPITAL",$D45="PENALTIES",$D45="RECOVERED_ELSEWHERE"),0,""),IF($Q45="","",ROUND($Q45,0)))) | T45: =IF($A45="","",IF(OR($J45="EQUIPMENT_HOURS",$J45="STAFF_HOURS",$J45="FLOOR_AREA"),"Y",IF($J45="METERED","N",""))) | U45: =IF($A45="","",IF($D45="CHARGEABLE","N",IF(OR($D45="NON_PUBLIC_RESEARCH",$D45="CAPITAL",$D45="PENALTIES",$D45="RECOVERED_ELSEWHERE"),"Y",""))) | V45: =IF(OR($G45="",$C45=""),"",$G45&"|"&$C45) | W45: =IF($A45="","",IF($B45="","Missing Cost Pool ID",IF($C45="","Missing Program Code",IF($D45="","Missing Scope Code",IF(AND($D45<>"CHARGEABLE",$D45<>"NON_PUBLIC_RESEARCH",$D45<>"CAPITAL",$D45<>"PENALTIES",$D45<>"RECOVERED_ELSEWHERE"),"Invalid Scope Code",IF($G45="","Missing Methodology ID",IF($J45="","Pool basis unresolved",IF(AND($B45<>"",$C45<>"",COUNTIFS($B$7:$B$156,$B45,$C$7:$C$156,$C45)>1),"Duplicate Cost Pool / Program",IF(AND($V45<>"",COUNTIF($V$7:$V$156,$V45)>1),"Duplicate Methodology / Program",IF(AND($D45="CHARGEABLE",$E45=""),"Missing usage quantity",IF(AND($D45="CHARGEABLE",$F45=""),"Missing evidence reference",IF(AND($D45="CHARGEABLE",NOT(ISNUMBER($E45))),"Usage quantity not numeric",IF(AND($D45="CHARGEABLE",$E45<0),"Usage quantity is negative",IF(AND($U45="Y",Inputs!$H$202=""),"Missing exclusion note","OK")))))))))))))) | X45: =IF($A45="","",IFERROR(INDEX(Checks!$O$7:$O$156,MATCH($B45,Checks!$B$7:$B$156,0)),"FAIL")) | Y45: =IF($A45="","",IFERROR(INDEX(Checks!$Q$7:$Q$156,MATCH($B45,Checks!$B$7:$B$156,0)),"FAIL")) | Z45: =IF($A45="","",IF(OR($Q45="",Publication_Import!$F45=""),"FAIL",IF(ABS($Q45-Publication_Import!$F45)<=0.000001,"PASS","FAIL"))) | AA45: =IF($A45="","",IF(AND($W45="OK",$X45="PASS",$Y45="PASS",$Z45="PASS",IFERROR(INDEX(Checks!$S$7:$S$156,MATCH($B45,Checks!$B$7:$B$156,0)),"HOLD")="READY"),"READY","HOLD")) | AB45: =IF($A45="","",IF($AA45="READY","Ready for publication import",IF($W45<>"OK",$W45,IFERROR(INDEX(Checks!$T$7:$T$156,MATCH($B45,Checks!$B$7:$B$156,0)),"Add a valid cost pool"))))
A46: =IF(COUNTA(Inputs!$A$203:$H$203)>0,"Y","") | B46: =IF(Inputs!A203="","",Inputs!A203) | C46: =IF(Inputs!B203="","",Inputs!B203) | D46: =IF(Inputs!D203="","",Inputs!D203) | E46: =IF(Inputs!E203="","",Inputs!E203) | F46: =IF(Inputs!F203="","",Inputs!F203) | G46: =IF($B46="","",IFERROR(INDEX(Inputs!$A$7:$A$156,MATCH($B46,Inputs!$C$7:$C$156,0)),"")) | H46: =IF($B46="","",IFERROR(INDEX(Inputs!$B$7:$B$156,MATCH($B46,Inputs!$C$7:$C$156,0)),"")) | I46: =IF($B46="","",IFERROR(INDEX(Inputs!$E$7:$E$156,MATCH($B46,Inputs!$C$7:$C$156,0)),"")) | J46: =IF($B46="","",IFERROR(INDEX(Inputs!$F$7:$F$156,MATCH($B46,Inputs!$C$7:$C$156,0)),"")) | K46: =IF($B46="","",IFERROR(INDEX(Inputs!$G$7:$G$156,MATCH($B46,Inputs!$C$7:$C$156,0)),"")) | L46: =IF($B46="","",IFERROR(INDEX(Inputs!$H$7:$H$156,MATCH($B46,Inputs!$C$7:$C$156,0)),"")) | M46: =IF($A46="","",IF(OR($E46="",$K46="",$L46=""),"N",IF(OR($E46<$K46,$E46>$L46),"Y","N"))) | N46: =IF($A46="","",IF(Inputs!G203="","",Inputs!G203)) | O46: =IF($A46="","",IF($D46<>"CHARGEABLE","",SUMIFS($E$7:$E$156,$B$7:$B$156,$B46,$D$7:$D$156,"CHARGEABLE",$C$7:$C$156,"<>",$E$7:$E$156,">=0",$F$7:$F$156,"<>"))) | P46: =IF($A46="","",IF($D46<>"CHARGEABLE",IF(OR($D46="NON_PUBLIC_RESEARCH",$D46="CAPITAL",$D46="PENALTIES",$D46="RECOVERED_ELSEWHERE"),0,""),IF(OR($C46="",$E46="",$F46="",$I46="",$J46="",$O46<=0),"",$E46/$O46))) | Q46: =IF($A46="","",IF($D46<>"CHARGEABLE",IF(OR($D46="NON_PUBLIC_RESEARCH",$D46="CAPITAL",$D46="PENALTIES",$D46="RECOVERED_ELSEWHERE"),0,""),IF(OR($P46="",$I46=""),"",$I46*$P46))) | R46: =IF($A46="","",IF($D46<>"CHARGEABLE",IF(OR($D46="NON_PUBLIC_RESEARCH",$D46="CAPITAL",$D46="PENALTIES",$D46="RECOVERED_ELSEWHERE"),0,""),IF($P46="","",ROUND($P46*100,1)/100))) | S46: =IF($A46="","",IF($D46<>"CHARGEABLE",IF(OR($D46="NON_PUBLIC_RESEARCH",$D46="CAPITAL",$D46="PENALTIES",$D46="RECOVERED_ELSEWHERE"),0,""),IF($Q46="","",ROUND($Q46,0)))) | T46: =IF($A46="","",IF(OR($J46="EQUIPMENT_HOURS",$J46="STAFF_HOURS",$J46="FLOOR_AREA"),"Y",IF($J46="METERED","N",""))) | U46: =IF($A46="","",IF($D46="CHARGEABLE","N",IF(OR($D46="NON_PUBLIC_RESEARCH",$D46="CAPITAL",$D46="PENALTIES",$D46="RECOVERED_ELSEWHERE"),"Y",""))) | V46: =IF(OR($G46="",$C46=""),"",$G46&"|"&$C46) | W46: =IF($A46="","",IF($B46="","Missing Cost Pool ID",IF($C46="","Missing Program Code",IF($D46="","Missing Scope Code",IF(AND($D46<>"CHARGEABLE",$D46<>"NON_PUBLIC_RESEARCH",$D46<>"CAPITAL",$D46<>"PENALTIES",$D46<>"RECOVERED_ELSEWHERE"),"Invalid Scope Code",IF($G46="","Missing Methodology ID",IF($J46="","Pool basis unresolved",IF(AND($B46<>"",$C46<>"",COUNTIFS($B$7:$B$156,$B46,$C$7:$C$156,$C46)>1),"Duplicate Cost Pool / Program",IF(AND($V46<>"",COUNTIF($V$7:$V$156,$V46)>1),"Duplicate Methodology / Program",IF(AND($D46="CHARGEABLE",$E46=""),"Missing usage quantity",IF(AND($D46="CHARGEABLE",$F46=""),"Missing evidence reference",IF(AND($D46="CHARGEABLE",NOT(ISNUMBER($E46))),"Usage quantity not numeric",IF(AND($D46="CHARGEABLE",$E46<0),"Usage quantity is negative",IF(AND($U46="Y",Inputs!$H$203=""),"Missing exclusion note","OK")))))))))))))) | X46: =IF($A46="","",IFERROR(INDEX(Checks!$O$7:$O$156,MATCH($B46,Checks!$B$7:$B$156,0)),"FAIL")) | Y46: =IF($A46="","",IFERROR(INDEX(Checks!$Q$7:$Q$156,MATCH($B46,Checks!$B$7:$B$156,0)),"FAIL")) | Z46: =IF($A46="","",IF(OR($Q46="",Publication_Import!$F46=""),"FAIL",IF(ABS($Q46-Publication_Import!$F46)<=0.000001,"PASS","FAIL"))) | AA46: =IF($A46="","",IF(AND($W46="OK",$X46="PASS",$Y46="PASS",$Z46="PASS",IFERROR(INDEX(Checks!$S$7:$S$156,MATCH($B46,Checks!$B$7:$B$156,0)),"HOLD")="READY"),"READY","HOLD")) | AB46: =IF($A46="","",IF($AA46="READY","Ready for publication import",IF($W46<>"OK",$W46,IFERROR(INDEX(Checks!$T$7:$T$156,MATCH($B46,Checks!$B$7:$B$156,0)),"Add a valid cost pool"))))
A47: =IF(COUNTA(Inputs!$A$204:$H$204)>0,"Y","") | B47: =IF(Inputs!A204="","",Inputs!A204) | C47: =IF(Inputs!B204="","",Inputs!B204) | D47: =IF(Inputs!D204="","",Inputs!D204) | E47: =IF(Inputs!E204="","",Inputs!E204) | F47: =IF(Inputs!F204="","",Inputs!F204) | G47: =IF($B47="","",IFERROR(INDEX(Inputs!$A$7:$A$156,MATCH($B47,Inputs!$C$7:$C$156,0)),"")) | H47: =IF($B47="","",IFERROR(INDEX(Inputs!$B$7:$B$156,MATCH($B47,Inputs!$C$7:$C$156,0)),"")) | I47: =IF($B47="","",IFERROR(INDEX(Inputs!$E$7:$E$156,MATCH($B47,Inputs!$C$7:$C$156,0)),"")) | J47: =IF($B47="","",IFERROR(INDEX(Inputs!$F$7:$F$156,MATCH($B47,Inputs!$C$7:$C$156,0)),"")) | K47: =IF($B47="","",IFERROR(INDEX(Inputs!$G$7:$G$156,MATCH($B47,Inputs!$C$7:$C$156,0)),"")) | L47: =IF($B47="","",IFERROR(INDEX(Inputs!$H$7:$H$156,MATCH($B47,Inputs!$C$7:$C$156,0)),"")) | M47: =IF($A47="","",IF(OR($E47="",$K47="",$L47=""),"N",IF(OR($E47<$K47,$E47>$L47),"Y","N"))) | N47: =IF($A47="","",IF(Inputs!G204="","",Inputs!G204)) | O47: =IF($A47="","",IF($D47<>"CHARGEABLE","",SUMIFS($E$7:$E$156,$B$7:$B$156,$B47,$D$7:$D$156,"CHARGEABLE",$C$7:$C$156,"<>",$E$7:$E$156,">=0",$F$7:$F$156,"<>"))) | P47: =IF($A47="","",IF($D47<>"CHARGEABLE",IF(OR($D47="NON_PUBLIC_RESEARCH",$D47="CAPITAL",$D47="PENALTIES",$D47="RECOVERED_ELSEWHERE"),0,""),IF(OR($C47="",$E47="",$F47="",$I47="",$J47="",$O47<=0),"",$E47/$O47))) | Q47: =IF($A47="","",IF($D47<>"CHARGEABLE",IF(OR($D47="NON_PUBLIC_RESEARCH",$D47="CAPITAL",$D47="PENALTIES",$D47="RECOVERED_ELSEWHERE"),0,""),IF(OR($P47="",$I47=""),"",$I47*$P47))) | R47: =IF($A47="","",IF($D47<>"CHARGEABLE",IF(OR($D47="NON_PUBLIC_RESEARCH",$D47="CAPITAL",$D47="PENALTIES",$D47="RECOVERED_ELSEWHERE"),0,""),IF($P47="","",ROUND($P47*100,1)/100))) | S47: =IF($A47="","",IF($D47<>"CHARGEABLE",IF(OR($D47="NON_PUBLIC_RESEARCH",$D47="CAPITAL",$D47="PENALTIES",$D47="RECOVERED_ELSEWHERE"),0,""),IF($Q47="","",ROUND($Q47,0)))) | T47: =IF($A47="","",IF(OR($J47="EQUIPMENT_HOURS",$J47="STAFF_HOURS",$J47="FLOOR_AREA"),"Y",IF($J47="METERED","N",""))) | U47: =IF($A47="","",IF($D47="CHARGEABLE","N",IF(OR($D47="NON_PUBLIC_RESEARCH",$D47="CAPITAL",$D47="PENALTIES",$D47="RECOVERED_ELSEWHERE"),"Y",""))) | V47: =IF(OR($G47="",$C47=""),"",$G47&"|"&$C47) | W47: =IF($A47="","",IF($B47="","Missing Cost Pool ID",IF($C47="","Missing Program Code",IF($D47="","Missing Scope Code",IF(AND($D47<>"CHARGEABLE",$D47<>"NON_PUBLIC_RESEARCH",$D47<>"CAPITAL",$D47<>"PENALTIES",$D47<>"RECOVERED_ELSEWHERE"),"Invalid Scope Code",IF($G47="","Missing Methodology ID",IF($J47="","Pool basis unresolved",IF(AND($B47<>"",$C47<>"",COUNTIFS($B$7:$B$156,$B47,$C$7:$C$156,$C47)>1),"Duplicate Cost Pool / Program",IF(AND($V47<>"",COUNTIF($V$7:$V$156,$V47)>1),"Duplicate Methodology / Program",IF(AND($D47="CHARGEABLE",$E47=""),"Missing usage quantity",IF(AND($D47="CHARGEABLE",$F47=""),"Missing evidence reference",IF(AND($D47="CHARGEABLE",NOT(ISNUMBER($E47))),"Usage quantity not numeric",IF(AND($D47="CHARGEABLE",$E47<0),"Usage quantity is negative",IF(AND($U47="Y",Inputs!$H$204=""),"Missing exclusion note","OK")))))))))))))) | X47: =IF($A47="","",IFERROR(INDEX(Checks!$O$7:$O$156,MATCH($B47,Checks!$B$7:$B$156,0)),"FAIL")) | Y47: =IF($A47="","",IFERROR(INDEX(Checks!$Q$7:$Q$156,MATCH($B47,Checks!$B$7:$B$156,0)),"FAIL")) | Z47: =IF($A47="","",IF(OR($Q47="",Publication_Import!$F47=""),"FAIL",IF(ABS($Q47-Publication_Import!$F47)<=0.000001,"PASS","FAIL"))) | AA47: =IF($A47="","",IF(AND($W47="OK",$X47="PASS",$Y47="PASS",$Z47="PASS",IFERROR(INDEX(Checks!$S$7:$S$156,MATCH($B47,Checks!$B$7:$B$156,0)),"HOLD")="READY"),"READY","HOLD")) | AB47: =IF($A47="","",IF($AA47="READY","Ready for publication import",IF($W47<>"OK",$W47,IFERROR(INDEX(Checks!$T$7:$T$156,MATCH($B47,Checks!$B$7:$B$156,0)),"Add a valid cost pool"))))
A48: =IF(COUNTA(Inputs!$A$205:$H$205)>0,"Y","") | B48: =IF(Inputs!A205="","",Inputs!A205) | C48: =IF(Inputs!B205="","",Inputs!B205) | D48: =IF(Inputs!D205="","",Inputs!D205) | E48: =IF(Inputs!E205="","",Inputs!E205) | F48: =IF(Inputs!F205="","",Inputs!F205) | G48: =IF($B48="","",IFERROR(INDEX(Inputs!$A$7:$A$156,MATCH($B48,Inputs!$C$7:$C$156,0)),"")) | H48: =IF($B48="","",IFERROR(INDEX(Inputs!$B$7:$B$156,MATCH($B48,Inputs!$C$7:$C$156,0)),"")) | I48: =IF($B48="","",IFERROR(INDEX(Inputs!$E$7:$E$156,MATCH($B48,Inputs!$C$7:$C$156,0)),"")) | J48: =IF($B48="","",IFERROR(INDEX(Inputs!$F$7:$F$156,MATCH($B48,Inputs!$C$7:$C$156,0)),"")) | K48: =IF($B48="","",IFERROR(INDEX(Inputs!$G$7:$G$156,MATCH($B48,Inputs!$C$7:$C$156,0)),"")) | L48: =IF($B48="","",IFERROR(INDEX(Inputs!$H$7:$H$156,MATCH($B48,Inputs!$C$7:$C$156,0)),"")) | M48: =IF($A48="","",IF(OR($E48="",$K48="",$L48=""),"N",IF(OR($E48<$K48,$E48>$L48),"Y","N"))) | N48: =IF($A48="","",IF(Inputs!G205="","",Inputs!G205)) | O48: =IF($A48="","",IF($D48<>"CHARGEABLE","",SUMIFS($E$7:$E$156,$B$7:$B$156,$B48,$D$7:$D$156,"CHARGEABLE",$C$7:$C$156,"<>",$E$7:$E$156,">=0",$F$7:$F$156,"<>"))) | P48: =IF($A48="","",IF($D48<>"CHARGEABLE",IF(OR($D48="NON_PUBLIC_RESEARCH",$D48="CAPITAL",$D48="PENALTIES",$D48="RECOVERED_ELSEWHERE"),0,""),IF(OR($C48="",$E48="",$F48="",$I48="",$J48="",$O48<=0),"",$E48/$O48))) | Q48: =IF($A48="","",IF($D48<>"CHARGEABLE",IF(OR($D48="NON_PUBLIC_RESEARCH",$D48="CAPITAL",$D48="PENALTIES",$D48="RECOVERED_ELSEWHERE"),0,""),IF(OR($P48="",$I48=""),"",$I48*$P48))) | R48: =IF($A48="","",IF($D48<>"CHARGEABLE",IF(OR($D48="NON_PUBLIC_RESEARCH",$D48="CAPITAL",$D48="PENALTIES",$D48="RECOVERED_ELSEWHERE"),0,""),IF($P48="","",ROUND($P48*100,1)/100))) | S48: =IF($A48="","",IF($D48<>"CHARGEABLE",IF(OR($D48="NON_PUBLIC_RESEARCH",$D48="CAPITAL",$D48="PENALTIES",$D48="RECOVERED_ELSEWHERE"),0,""),IF($Q48="","",ROUND($Q48,0)))) | T48: =IF($A48="","",IF(OR($J48="EQUIPMENT_HOURS",$J48="STAFF_HOURS",$J48="FLOOR_AREA"),"Y",IF($J48="METERED","N",""))) | U48: =IF($A48="","",IF($D48="CHARGEABLE","N",IF(OR($D48="NON_PUBLIC_RESEARCH",$D48="CAPITAL",$D48="PENALTIES",$D48="RECOVERED_ELSEWHERE"),"Y",""))) | V48: =IF(OR($G48="",$C48=""),"",$G48&"|"&$C48) | W48: =IF($A48="","",IF($B48="","Missing Cost Pool ID",IF($C48="","Missing Program Code",IF($D48="","Missing Scope Code",IF(AND($D48<>"CHARGEABLE",$D48<>"NON_PUBLIC_RESEARCH",$D48<>"CAPITAL",$D48<>"PENALTIES",$D48<>"RECOVERED_ELSEWHERE"),"Invalid Scope Code",IF($G48="","Missing Methodology ID",IF($J48="","Pool basis unresolved",IF(AND($B48<>"",$C48<>"",COUNTIFS($B$7:$B$156,$B48,$C$7:$C$156,$C48)>1),"Duplicate Cost Pool / Program",IF(AND($V48<>"",COUNTIF($V$7:$V$156,$V48)>1),"Duplicate Methodology / Program",IF(AND($D48="CHARGEABLE",$E48=""),"Missing usage quantity",IF(AND($D48="CHARGEABLE",$F48=""),"Missing evidence reference",IF(AND($D48="CHARGEABLE",NOT(ISNUMBER($E48))),"Usage quantity not numeric",IF(AND($D48="CHARGEABLE",$E48<0),"Usage quantity is negative",IF(AND($U48="Y",Inputs!$H$205=""),"Missing exclusion note","OK")))))))))))))) | X48: =IF($A48="","",IFERROR(INDEX(Checks!$O$7:$O$156,MATCH($B48,Checks!$B$7:$B$156,0)),"FAIL")) | Y48: =IF($A48="","",IFERROR(INDEX(Checks!$Q$7:$Q$156,MATCH($B48,Checks!$B$7:$B$156,0)),"FAIL")) | Z48: =IF($A48="","",IF(OR($Q48="",Publication_Import!$F48=""),"FAIL",IF(ABS($Q48-Publication_Import!$F48)<=0.000001,"PASS","FAIL"))) | AA48: =IF($A48="","",IF(AND($W48="OK",$X48="PASS",$Y48="PASS",$Z48="PASS",IFERROR(INDEX(Checks!$S$7:$S$156,MATCH($B48,Checks!$B$7:$B$156,0)),"HOLD")="READY"),"READY","HOLD")) | AB48: =IF($A48="","",IF($AA48="READY","Ready for publication import",IF($W48<>"OK",$W48,IFERROR(INDEX(Checks!$T$7:$T$156,MATCH($B48,Checks!$B$7:$B$156,0)),"Add a valid cost pool"))))
A49: =IF(COUNTA(Inputs!$A$206:$H$206)>0,"Y","") | B49: =IF(Inputs!A206="","",Inputs!A206) | C49: =IF(Inputs!B206="","",Inputs!B206) | D49: =IF(Inputs!D206="","",Inputs!D206) | E49: =IF(Inputs!E206="","",Inputs!E206) | F49: =IF(Inputs!F206="","",Inputs!F206) | G49: =IF($B49="","",IFERROR(INDEX(Inputs!$A$7:$A$156,MATCH($B49,Inputs!$C$7:$C$156,0)),"")) | H49: =IF($B49="","",IFERROR(INDEX(Inputs!$B$7:$B$156,MATCH($B49,Inputs!$C$7:$C$156,0)),"")) | I49: =IF($B49="","",IFERROR(INDEX(Inputs!$E$7:$E$156,MATCH($B49,Inputs!$C$7:$C$156,0)),"")) | J49: =IF($B49="","",IFERROR(INDEX(Inputs!$F$7:$F$156,MATCH($B49,Inputs!$C$7:$C$156,0)),"")) | K49: =IF($B49="","",IFERROR(INDEX(Inputs!$G$7:$G$156,MATCH($B49,Inputs!$C$7:$C$156,0)),"")) | L49: =IF($B49="","",IFERROR(INDEX(Inputs!$H$7:$H$156,MATCH($B49,Inputs!$C$7:$C$156,0)),"")) | M49: =IF($A49="","",IF(OR($E49="",$K49="",$L49=""),"N",IF(OR($E49<$K49,$E49>$L49),"Y","N"))) | N49: =IF($A49="","",IF(Inputs!G206="","",Inputs!G206)) | O49: =IF($A49="","",IF($D49<>"CHARGEABLE","",SUMIFS($E$7:$E$156,$B$7:$B$156,$B49,$D$7:$D$156,"CHARGEABLE",$C$7:$C$156,"<>",$E$7:$E$156,">=0",$F$7:$F$156,"<>"))) | P49: =IF($A49="","",IF($D49<>"CHARGEABLE",IF(OR($D49="NON_PUBLIC_RESEARCH",$D49="CAPITAL",$D49="PENALTIES",$D49="RECOVERED_ELSEWHERE"),0,""),IF(OR($C49="",$E49="",$F49="",$I49="",$J49="",$O49<=0),"",$E49/$O49))) | Q49: =IF($A49="","",IF($D49<>"CHARGEABLE",IF(OR($D49="NON_PUBLIC_RESEARCH",$D49="CAPITAL",$D49="PENALTIES",$D49="RECOVERED_ELSEWHERE"),0,""),IF(OR($P49="",$I49=""),"",$I49*$P49))) | R49: =IF($A49="","",IF($D49<>"CHARGEABLE",IF(OR($D49="NON_PUBLIC_RESEARCH",$D49="CAPITAL",$D49="PENALTIES",$D49="RECOVERED_ELSEWHERE"),0,""),IF($P49="","",ROUND($P49*100,1)/100))) | S49: =IF($A49="","",IF($D49<>"CHARGEABLE",IF(OR($D49="NON_PUBLIC_RESEARCH",$D49="CAPITAL",$D49="PENALTIES",$D49="RECOVERED_ELSEWHERE"),0,""),IF($Q49="","",ROUND($Q49,0)))) | T49: =IF($A49="","",IF(OR($J49="EQUIPMENT_HOURS",$J49="STAFF_HOURS",$J49="FLOOR_AREA"),"Y",IF($J49="METERED","N",""))) | U49: =IF($A49="","",IF($D49="CHARGEABLE","N",IF(OR($D49="NON_PUBLIC_RESEARCH",$D49="CAPITAL",$D49="PENALTIES",$D49="RECOVERED_ELSEWHERE"),"Y",""))) | V49: =IF(OR($G49="",$C49=""),"",$G49&"|"&$C49) | W49: =IF($A49="","",IF($B49="","Missing Cost Pool ID",IF($C49="","Missing Program Code",IF($D49="","Missing Scope Code",IF(AND($D49<>"CHARGEABLE",$D49<>"NON_PUBLIC_RESEARCH",$D49<>"CAPITAL",$D49<>"PENALTIES",$D49<>"RECOVERED_ELSEWHERE"),"Invalid Scope Code",IF($G49="","Missing Methodology ID",IF($J49="","Pool basis unresolved",IF(AND($B49<>"",$C49<>"",COUNTIFS($B$7:$B$156,$B49,$C$7:$C$156,$C49)>1),"Duplicate Cost Pool / Program",IF(AND($V49<>"",COUNTIF($V$7:$V$156,$V49)>1),"Duplicate Methodology / Program",IF(AND($D49="CHARGEABLE",$E49=""),"Missing usage quantity",IF(AND($D49="CHARGEABLE",$F49=""),"Missing evidence reference",IF(AND($D49="CHARGEABLE",NOT(ISNUMBER($E49))),"Usage quantity not numeric",IF(AND($D49="CHARGEABLE",$E49<0),"Usage quantity is negative",IF(AND($U49="Y",Inputs!$H$206=""),"Missing exclusion note","OK")))))))))))))) | X49: =IF($A49="","",IFERROR(INDEX(Checks!$O$7:$O$156,MATCH($B49,Checks!$B$7:$B$156,0)),"FAIL")) | Y49: =IF($A49="","",IFERROR(INDEX(Checks!$Q$7:$Q$156,MATCH($B49,Checks!$B$7:$B$156,0)),"FAIL")) | Z49: =IF($A49="","",IF(OR($Q49="",Publication_Import!$F49=""),"FAIL",IF(ABS($Q49-Publication_Import!$F49)<=0.000001,"PASS","FAIL"))) | AA49: =IF($A49="","",IF(AND($W49="OK",$X49="PASS",$Y49="PASS",$Z49="PASS",IFERROR(INDEX(Checks!$S$7:$S$156,MATCH($B49,Checks!$B$7:$B$156,0)),"HOLD")="READY"),"READY","HOLD")) | AB49: =IF($A49="","",IF($AA49="READY","Ready for publication import",IF($W49<>"OK",$W49,IFERROR(INDEX(Checks!$T$7:$T$156,MATCH($B49,Checks!$B$7:$B$156,0)),"Add a valid cost pool"))))
A50: =IF(COUNTA(Inputs!$A$207:$H$207)>0,"Y","") | B50: =IF(Inputs!A207="","",Inputs!A207) | C50: =IF(Inputs!B207="","",Inputs!B207) | D50: =IF(Inputs!D207="","",Inputs!D207) | E50: =IF(Inputs!E207="","",Inputs!E207) | F50: =IF(Inputs!F207="","",Inputs!F207) | G50: =IF($B50="","",IFERROR(INDEX(Inputs!$A$7:$A$156,MATCH($B50,Inputs!$C$7:$C$156,0)),"")) | H50: =IF($B50="","",IFERROR(INDEX(Inputs!$B$7:$B$156,MATCH($B50,Inputs!$C$7:$C$156,0)),"")) | I50: =IF($B50="","",IFERROR(INDEX(Inputs!$E$7:$E$156,MATCH($B50,Inputs!$C$7:$C$156,0)),"")) | J50: =IF($B50="","",IFERROR(INDEX(Inputs!$F$7:$F$156,MATCH($B50,Inputs!$C$7:$C$156,0)),"")) | K50: =IF($B50="","",IFERROR(INDEX(Inputs!$G$7:$G$156,MATCH($B50,Inputs!$C$7:$C$156,0)),"")) | L50: =IF($B50="","",IFERROR(INDEX(Inputs!$H$7:$H$156,MATCH($B50,Inputs!$C$7:$C$156,0)),"")) | M50: =IF($A50="","",IF(OR($E50="",$K50="",$L50=""),"N",IF(OR($E50<$K50,$E50>$L50),"Y","N"))) | N50: =IF($A50="","",IF(Inputs!G207="","",Inputs!G207)) | O50: =IF($A50="","",IF($D50<>"CHARGEABLE","",SUMIFS($E$7:$E$156,$B$7:$B$156,$B50,$D$7:$D$156,"CHARGEABLE",$C$7:$C$156,"<>",$E$7:$E$156,">=0",$F$7:$F$156,"<>"))) | P50: =IF($A50="","",IF($D50<>"CHARGEABLE",IF(OR($D50="NON_PUBLIC_RESEARCH",$D50="CAPITAL",$D50="PENALTIES",$D50="RECOVERED_ELSEWHERE"),0,""),IF(OR($C50="",$E50="",$F50="",$I50="",$J50="",$O50<=0),"",$E50/$O50))) | Q50: =IF($A50="","",IF($D50<>"CHARGEABLE",IF(OR($D50="NON_PUBLIC_RESEARCH",$D50="CAPITAL",$D50="PENALTIES",$D50="RECOVERED_ELSEWHERE"),0,""),IF(OR($P50="",$I50=""),"",$I50*$P50))) | R50: =IF($A50="","",IF($D50<>"CHARGEABLE",IF(OR($D50="NON_PUBLIC_RESEARCH",$D50="CAPITAL",$D50="PENALTIES",$D50="RECOVERED_ELSEWHERE"),0,""),IF($P50="","",ROUND($P50*100,1)/100))) | S50: =IF($A50="","",IF($D50<>"CHARGEABLE",IF(OR($D50="NON_PUBLIC_RESEARCH",$D50="CAPITAL",$D50="PENALTIES",$D50="RECOVERED_ELSEWHERE"),0,""),IF($Q50="","",ROUND($Q50,0)))) | T50: =IF($A50="","",IF(OR($J50="EQUIPMENT_HOURS",$J50="STAFF_HOURS",$J50="FLOOR_AREA"),"Y",IF($J50="METERED","N",""))) | U50: =IF($A50="","",IF($D50="CHARGEABLE","N",IF(OR($D50="NON_PUBLIC_RESEARCH",$D50="CAPITAL",$D50="PENALTIES",$D50="RECOVERED_ELSEWHERE"),"Y",""))) | V50: =IF(OR($G50="",$C50=""),"",$G50&"|"&$C50) | W50: =IF($A50="","",IF($B50="","Missing Cost Pool ID",IF($C50="","Missing Program Code",IF($D50="","Missing Scope Code",IF(AND($D50<>"CHARGEABLE",$D50<>"NON_PUBLIC_RESEARCH",$D50<>"CAPITAL",$D50<>"PENALTIES",$D50<>"RECOVERED_ELSEWHERE"),"Invalid Scope Code",IF($G50="","Missing Methodology ID",IF($J50="","Pool basis unresolved",IF(AND($B50<>"",$C50<>"",COUNTIFS($B$7:$B$156,$B50,$C$7:$C$156,$C50)>1),"Duplicate Cost Pool / Program",IF(AND($V50<>"",COUNTIF($V$7:$V$156,$V50)>1),"Duplicate Methodology / Program",IF(AND($D50="CHARGEABLE",$E50=""),"Missing usage quantity",IF(AND($D50="CHARGEABLE",$F50=""),"Missing evidence reference",IF(AND($D50="CHARGEABLE",NOT(ISNUMBER($E50))),"Usage quantity not numeric",IF(AND($D50="CHARGEABLE",$E50<0),"Usage quantity is negative",IF(AND($U50="Y",Inputs!$H$207=""),"Missing exclusion note","OK")))))))))))))) | X50: =IF($A50="","",IFERROR(INDEX(Checks!$O$7:$O$156,MATCH($B50,Checks!$B$7:$B$156,0)),"FAIL")) | Y50: =IF($A50="","",IFERROR(INDEX(Checks!$Q$7:$Q$156,MATCH($B50,Checks!$B$7:$B$156,0)),"FAIL")) | Z50: =IF($A50="","",IF(OR($Q50="",Publication_Import!$F50=""),"FAIL",IF(ABS($Q50-Publication_Import!$F50)<=0.000001,"PASS","FAIL"))) | AA50: =IF($A50="","",IF(AND($W50="OK",$X50="PASS",$Y50="PASS",$Z50="PASS",IFERROR(INDEX(Checks!$S$7:$S$156,MATCH($B50,Checks!$B$7:$B$156,0)),"HOLD")="READY"),"READY","HOLD")) | AB50: =IF($A50="","",IF($AA50="READY","Ready for publication import",IF($W50<>"OK",$W50,IFERROR(INDEX(Checks!$T$7:$T$156,MATCH($B50,Checks!$B$7:$B$156,0)),"Add a valid cost pool"))))
A51: =IF(COUNTA(Inputs!$A$208:$H$208)>0,"Y","") | B51: =IF(Inputs!A208="","",Inputs!A208) | C51: =IF(Inputs!B208="","",Inputs!B208) | D51: =IF(Inputs!D208="","",Inputs!D208) | E51: =IF(Inputs!E208="","",Inputs!E208) | F51: =IF(Inputs!F208="","",Inputs!F208) | G51: =IF($B51="","",IFERROR(INDEX(Inputs!$A$7:$A$156,MATCH($B51,Inputs!$C$7:$C$156,0)),"")) | H51: =IF($B51="","",IFERROR(INDEX(Inputs!$B$7:$B$156,MATCH($B51,Inputs!$C$7:$C$156,0)),"")) | I51: =IF($B51="","",IFERROR(INDEX(Inputs!$E$7:$E$156,MATCH($B51,Inputs!$C$7:$C$156,0)),"")) | J51: =IF($B51="","",IFERROR(INDEX(Inputs!$F$7:$F$156,MATCH($B51,Inputs!$C$7:$C$156,0)),"")) | K51: =IF($B51="","",IFERROR(INDEX(Inputs!$G$7:$G$156,MATCH($B51,Inputs!$C$7:$C$156,0)),"")) | L51: =IF($B51="","",IFERROR(INDEX(Inputs!$H$7:$H$156,MATCH($B51,Inputs!$C$7:$C$156,0)),"")) | M51: =IF($A51="","",IF(OR($E51="",$K51="",$L51=""),"N",IF(OR($E51<$K51,$E51>$L51),"Y","N"))) | N51: =IF($A51="","",IF(Inputs!G208="","",Inputs!G208)) | O51: =IF($A51="","",IF($D51<>"CHARGEABLE","",SUMIFS($E$7:$E$156,$B$7:$B$156,$B51,$D$7:$D$156,"CHARGEABLE",$C$7:$C$156,"<>",$E$7:$E$156,">=0",$F$7:$F$156,"<>"))) | P51: =IF($A51="","",IF($D51<>"CHARGEABLE",IF(OR($D51="NON_PUBLIC_RESEARCH",$D51="CAPITAL",$D51="PENALTIES",$D51="RECOVERED_ELSEWHERE"),0,""),IF(OR($C51="",$E51="",$F51="",$I51="",$J51="",$O51<=0),"",$E51/$O51))) | Q51: =IF($A51="","",IF($D51<>"CHARGEABLE",IF(OR($D51="NON_PUBLIC_RESEARCH",$D51="CAPITAL",$D51="PENALTIES",$D51="RECOVERED_ELSEWHERE"),0,""),IF(OR($P51="",$I51=""),"",$I51*$P51))) | R51: =IF($A51="","",IF($D51<>"CHARGEABLE",IF(OR($D51="NON_PUBLIC_RESEARCH",$D51="CAPITAL",$D51="PENALTIES",$D51="RECOVERED_ELSEWHERE"),0,""),IF($P51="","",ROUND($P51*100,1)/100))) | S51: =IF($A51="","",IF($D51<>"CHARGEABLE",IF(OR($D51="NON_PUBLIC_RESEARCH",$D51="CAPITAL",$D51="PENALTIES",$D51="RECOVERED_ELSEWHERE"),0,""),IF($Q51="","",ROUND($Q51,0)))) | T51: =IF($A51="","",IF(OR($J51="EQUIPMENT_HOURS",$J51="STAFF_HOURS",$J51="FLOOR_AREA"),"Y",IF($J51="METERED","N",""))) | U51: =IF($A51="","",IF($D51="CHARGEABLE","N",IF(OR($D51="NON_PUBLIC_RESEARCH",$D51="CAPITAL",$D51="PENALTIES",$D51="RECOVERED_ELSEWHERE"),"Y",""))) | V51: =IF(OR($G51="",$C51=""),"",$G51&"|"&$C51) | W51: =IF($A51="","",IF($B51="","Missing Cost Pool ID",IF($C51="","Missing Program Code",IF($D51="","Missing Scope Code",IF(AND($D51<>"CHARGEABLE",$D51<>"NON_PUBLIC_RESEARCH",$D51<>"CAPITAL",$D51<>"PENALTIES",$D51<>"RECOVERED_ELSEWHERE"),"Invalid Scope Code",IF($G51="","Missing Methodology ID",IF($J51="","Pool basis unresolved",IF(AND($B51<>"",$C51<>"",COUNTIFS($B$7:$B$156,$B51,$C$7:$C$156,$C51)>1),"Duplicate Cost Pool / Program",IF(AND($V51<>"",COUNTIF($V$7:$V$156,$V51)>1),"Duplicate Methodology / Program",IF(AND($D51="CHARGEABLE",$E51=""),"Missing usage quantity",IF(AND($D51="CHARGEABLE",$F51=""),"Missing evidence reference",IF(AND($D51="CHARGEABLE",NOT(ISNUMBER($E51))),"Usage quantity not numeric",IF(AND($D51="CHARGEABLE",$E51<0),"Usage quantity is negative",IF(AND($U51="Y",Inputs!$H$208=""),"Missing exclusion note","OK")))))))))))))) | X51: =IF($A51="","",IFERROR(INDEX(Checks!$O$7:$O$156,MATCH($B51,Checks!$B$7:$B$156,0)),"FAIL")) | Y51: =IF($A51="","",IFERROR(INDEX(Checks!$Q$7:$Q$156,MATCH($B51,Checks!$B$7:$B$156,0)),"FAIL")) | Z51: =IF($A51="","",IF(OR($Q51="",Publication_Import!$F51=""),"FAIL",IF(ABS($Q51-Publication_Import!$F51)<=0.000001,"PASS","FAIL"))) | AA51: =IF($A51="","",IF(AND($W51="OK",$X51="PASS",$Y51="PASS",$Z51="PASS",IFERROR(INDEX(Checks!$S$7:$S$156,MATCH($B51,Checks!$B$7:$B$156,0)),"HOLD")="READY"),"READY","HOLD")) | AB51: =IF($A51="","",IF($AA51="READY","Ready for publication import",IF($W51<>"OK",$W51,IFERROR(INDEX(Checks!$T$7:$T$156,MATCH($B51,Checks!$B$7:$B$156,0)),"Add a valid cost pool"))))
A52: =IF(COUNTA(Inputs!$A$209:$H$209)>0,"Y","") | B52: =IF(Inputs!A209="","",Inputs!A209) | C52: =IF(Inputs!B209="","",Inputs!B209) | D52: =IF(Inputs!D209="","",Inputs!D209) | E52: =IF(Inputs!E209="","",Inputs!E209) | F52: =IF(Inputs!F209="","",Inputs!F209) | G52: =IF($B52="","",IFERROR(INDEX(Inputs!$A$7:$A$156,MATCH($B52,Inputs!$C$7:$C$156,0)),"")) | H52: =IF($B52="","",IFERROR(INDEX(Inputs!$B$7:$B$156,MATCH($B52,Inputs!$C$7:$C$156,0)),"")) | I52: =IF($B52="","",IFERROR(INDEX(Inputs!$E$7:$E$156,MATCH($B52,Inputs!$C$7:$C$156,0)),"")) | J52: =IF($B52="","",IFERROR(INDEX(Inputs!$F$7:$F$156,MATCH($B52,Inputs!$C$7:$C$156,0)),"")) | K52: =IF($B52="","",IFERROR(INDEX(Inputs!$G$7:$G$156,MATCH($B52,Inputs!$C$7:$C$156,0)),"")) | L52: =IF($B52="","",IFERROR(INDEX(Inputs!$H$7:$H$156,MATCH($B52,Inputs!$C$7:$C$156,0)),"")) | M52: =IF($A52="","",IF(OR($E52="",$K52="",$L52=""),"N",IF(OR($E52<$K52,$E52>$L52),"Y","N"))) | N52: =IF($A52="","",IF(Inputs!G209="","",Inputs!G209)) | O52: =IF($A52="","",IF($D52<>"CHARGEABLE","",SUMIFS($E$7:$E$156,$B$7:$B$156,$B52,$D$7:$D$156,"CHARGEABLE",$C$7:$C$156,"<>",$E$7:$E$156,">=0",$F$7:$F$156,"<>"))) | P52: =IF($A52="","",IF($D52<>"CHARGEABLE",IF(OR($D52="NON_PUBLIC_RESEARCH",$D52="CAPITAL",$D52="PENALTIES",$D52="RECOVERED_ELSEWHERE"),0,""),IF(OR($C52="",$E52="",$F52="",$I52="",$J52="",$O52<=0),"",$E52/$O52))) | Q52: =IF($A52="","",IF($D52<>"CHARGEABLE",IF(OR($D52="NON_PUBLIC_RESEARCH",$D52="CAPITAL",$D52="PENALTIES",$D52="RECOVERED_ELSEWHERE"),0,""),IF(OR($P52="",$I52=""),"",$I52*$P52))) | R52: =IF($A52="","",IF($D52<>"CHARGEABLE",IF(OR($D52="NON_PUBLIC_RESEARCH",$D52="CAPITAL",$D52="PENALTIES",$D52="RECOVERED_ELSEWHERE"),0,""),IF($P52="","",ROUND($P52*100,1)/100))) | S52: =IF($A52="","",IF($D52<>"CHARGEABLE",IF(OR($D52="NON_PUBLIC_RESEARCH",$D52="CAPITAL",$D52="PENALTIES",$D52="RECOVERED_ELSEWHERE"),0,""),IF($Q52="","",ROUND($Q52,0)))) | T52: =IF($A52="","",IF(OR($J52="EQUIPMENT_HOURS",$J52="STAFF_HOURS",$J52="FLOOR_AREA"),"Y",IF($J52="METERED","N",""))) | U52: =IF($A52="","",IF($D52="CHARGEABLE","N",IF(OR($D52="NON_PUBLIC_RESEARCH",$D52="CAPITAL",$D52="PENALTIES",$D52="RECOVERED_ELSEWHERE"),"Y",""))) | V52: =IF(OR($G52="",$C52=""),"",$G52&"|"&$C52) | W52: =IF($A52="","",IF($B52="","Missing Cost Pool ID",IF($C52="","Missing Program Code",IF($D52="","Missing Scope Code",IF(AND($D52<>"CHARGEABLE",$D52<>"NON_PUBLIC_RESEARCH",$D52<>"CAPITAL",$D52<>"PENALTIES",$D52<>"RECOVERED_ELSEWHERE"),"Invalid Scope Code",IF($G52="","Missing Methodology ID",IF($J52="","Pool basis unresolved",IF(AND($B52<>"",$C52<>"",COUNTIFS($B$7:$B$156,$B52,$C$7:$C$156,$C52)>1),"Duplicate Cost Pool / Program",IF(AND($V52<>"",COUNTIF($V$7:$V$156,$V52)>1),"Duplicate Methodology / Program",IF(AND($D52="CHARGEABLE",$E52=""),"Missing usage quantity",IF(AND($D52="CHARGEABLE",$F52=""),"Missing evidence reference",IF(AND($D52="CHARGEABLE",NOT(ISNUMBER($E52))),"Usage quantity not numeric",IF(AND($D52="CHARGEABLE",$E52<0),"Usage quantity is negative",IF(AND($U52="Y",Inputs!$H$209=""),"Missing exclusion note","OK")))))))))))))) | X52: =IF($A52="","",IFERROR(INDEX(Checks!$O$7:$O$156,MATCH($B52,Checks!$B$7:$B$156,0)),"FAIL")) | Y52: =IF($A52="","",IFERROR(INDEX(Checks!$Q$7:$Q$156,MATCH($B52,Checks!$B$7:$B$156,0)),"FAIL")) | Z52: =IF($A52="","",IF(OR($Q52="",Publication_Import!$F52=""),"FAIL",IF(ABS($Q52-Publication_Import!$F52)<=0.000001,"PASS","FAIL"))) | AA52: =IF($A52="","",IF(AND($W52="OK",$X52="PASS",$Y52="PASS",$Z52="PASS",IFERROR(INDEX(Checks!$S$7:$S$156,MATCH($B52,Checks!$B$7:$B$156,0)),"HOLD")="READY"),"READY","HOLD")) | AB52: =IF($A52="","",IF($AA52="READY","Ready for publication import",IF($W52<>"OK",$W52,IFERROR(INDEX(Checks!$T$7:$T$156,MATCH($B52,Checks!$B$7:$B$156,0)),"Add a valid cost pool"))))
A53: =IF(COUNTA(Inputs!$A$210:$H$210)>0,"Y","") | B53: =IF(Inputs!A210="","",Inputs!A210) | C53: =IF(Inputs!B210="","",Inputs!B210) | D53: =IF(Inputs!D210="","",Inputs!D210) | E53: =IF(Inputs!E210="","",Inputs!E210) | F53: =IF(Inputs!F210="","",Inputs!F210) | G53: =IF($B53="","",IFERROR(INDEX(Inputs!$A$7:$A$156,MATCH($B53,Inputs!$C$7:$C$156,0)),"")) | H53: =IF($B53="","",IFERROR(INDEX(Inputs!$B$7:$B$156,MATCH($B53,Inputs!$C$7:$C$156,0)),"")) | I53: =IF($B53="","",IFERROR(INDEX(Inputs!$E$7:$E$156,MATCH($B53,Inputs!$C$7:$C$156,0)),"")) | J53: =IF($B53="","",IFERROR(INDEX(Inputs!$F$7:$F$156,MATCH($B53,Inputs!$C$7:$C$156,0)),"")) | K53: =IF($B53="","",IFERROR(INDEX(Inputs!$G$7:$G$156,MATCH($B53,Inputs!$C$7:$C$156,0)),"")) | L53: =IF($B53="","",IFERROR(INDEX(Inputs!$H$7:$H$156,MATCH($B53,Inputs!$C$7:$C$156,0)),"")) | M53: =IF($A53="","",IF(OR($E53="",$K53="",$L53=""),"N",IF(OR($E53<$K53,$E53>$L53),"Y","N"))) | N53: =IF($A53="","",IF(Inputs!G210="","",Inputs!G210)) | O53: =IF($A53="","",IF($D53<>"CHARGEABLE","",SUMIFS($E$7:$E$156,$B$7:$B$156,$B53,$D$7:$D$156,"CHARGEABLE",$C$7:$C$156,"<>",$E$7:$E$156,">=0",$F$7:$F$156,"<>"))) | P53: =IF($A53="","",IF($D53<>"CHARGEABLE",IF(OR($D53="NON_PUBLIC_RESEARCH",$D53="CAPITAL",$D53="PENALTIES",$D53="RECOVERED_ELSEWHERE"),0,""),IF(OR($C53="",$E53="",$F53="",$I53="",$J53="",$O53<=0),"",$E53/$O53))) | Q53: =IF($A53="","",IF($D53<>"CHARGEABLE",IF(OR($D53="NON_PUBLIC_RESEARCH",$D53="CAPITAL",$D53="PENALTIES",$D53="RECOVERED_ELSEWHERE"),0,""),IF(OR($P53="",$I53=""),"",$I53*$P53))) | R53: =IF($A53="","",IF($D53<>"CHARGEABLE",IF(OR($D53="NON_PUBLIC_RESEARCH",$D53="CAPITAL",$D53="PENALTIES",$D53="RECOVERED_ELSEWHERE"),0,""),IF($P53="","",ROUND($P53*100,1)/100))) | S53: =IF($A53="","",IF($D53<>"CHARGEABLE",IF(OR($D53="NON_PUBLIC_RESEARCH",$D53="CAPITAL",$D53="PENALTIES",$D53="RECOVERED_ELSEWHERE"),0,""),IF($Q53="","",ROUND($Q53,0)))) | T53: =IF($A53="","",IF(OR($J53="EQUIPMENT_HOURS",$J53="STAFF_HOURS",$J53="FLOOR_AREA"),"Y",IF($J53="METERED","N",""))) | U53: =IF($A53="","",IF($D53="CHARGEABLE","N",IF(OR($D53="NON_PUBLIC_RESEARCH",$D53="CAPITAL",$D53="PENALTIES",$D53="RECOVERED_ELSEWHERE"),"Y",""))) | V53: =IF(OR($G53="",$C53=""),"",$G53&"|"&$C53) | W53: =IF($A53="","",IF($B53="","Missing Cost Pool ID",IF($C53="","Missing Program Code",IF($D53="","Missing Scope Code",IF(AND($D53<>"CHARGEABLE",$D53<>"NON_PUBLIC_RESEARCH",$D53<>"CAPITAL",$D53<>"PENALTIES",$D53<>"RECOVERED_ELSEWHERE"),"Invalid Scope Code",IF($G53="","Missing Methodology ID",IF($J53="","Pool basis unresolved",IF(AND($B53<>"",$C53<>"",COUNTIFS($B$7:$B$156,$B53,$C$7:$C$156,$C53)>1),"Duplicate Cost Pool / Program",IF(AND($V53<>"",COUNTIF($V$7:$V$156,$V53)>1),"Duplicate Methodology / Program",IF(AND($D53="CHARGEABLE",$E53=""),"Missing usage quantity",IF(AND($D53="CHARGEABLE",$F53=""),"Missing evidence reference",IF(AND($D53="CHARGEABLE",NOT(ISNUMBER($E53))),"Usage quantity not numeric",IF(AND($D53="CHARGEABLE",$E53<0),"Usage quantity is negative",IF(AND($U53="Y",Inputs!$H$210=""),"Missing exclusion note","OK")))))))))))))) | X53: =IF($A53="","",IFERROR(INDEX(Checks!$O$7:$O$156,MATCH($B53,Checks!$B$7:$B$156,0)),"FAIL")) | Y53: =IF($A53="","",IFERROR(INDEX(Checks!$Q$7:$Q$156,MATCH($B53,Checks!$B$7:$B$156,0)),"FAIL")) | Z53: =IF($A53="","",IF(OR($Q53="",Publication_Import!$F53=""),"FAIL",IF(ABS($Q53-Publication_Import!$F53)<=0.000001,"PASS","FAIL"))) | AA53: =IF($A53="","",IF(AND($W53="OK",$X53="PASS",$Y53="PASS",$Z53="PASS",IFERROR(INDEX(Checks!$S$7:$S$156,MATCH($B53,Checks!$B$7:$B$156,0)),"HOLD")="READY"),"READY","HOLD")) | AB53: =IF($A53="","",IF($AA53="READY","Ready for publication import",IF($W53<>"OK",$W53,IFERROR(INDEX(Checks!$T$7:$T$156,MATCH($B53,Checks!$B$7:$B$156,0)),"Add a valid cost pool"))))
A54: =IF(COUNTA(Inputs!$A$211:$H$211)>0,"Y","") | B54: =IF(Inputs!A211="","",Inputs!A211) | C54: =IF(Inputs!B211="","",Inputs!B211) | D54: =IF(Inputs!D211="","",Inputs!D211) | E54: =IF(Inputs!E211="","",Inputs!E211) | F54: =IF(Inputs!F211="","",Inputs!F211) | G54: =IF($B54="","",IFERROR(INDEX(Inputs!$A$7:$A$156,MATCH($B54,Inputs!$C$7:$C$156,0)),"")) | H54: =IF($B54="","",IFERROR(INDEX(Inputs!$B$7:$B$156,MATCH($B54,Inputs!$C$7:$C$156,0)),"")) | I54: =IF($B54="","",IFERROR(INDEX(Inputs!$E$7:$E$156,MATCH($B54,Inputs!$C$7:$C$156,0)),"")) | J54: =IF($B54="","",IFERROR(INDEX(Inputs!$F$7:$F$156,MATCH($B54,Inputs!$C$7:$C$156,0)),"")) | K54: =IF($B54="","",IFERROR(INDEX(Inputs!$G$7:$G$156,MATCH($B54,Inputs!$C$7:$C$156,0)),"")) | L54: =IF($B54="","",IFERROR(INDEX(Inputs!$H$7:$H$156,MATCH($B54,Inputs!$C$7:$C$156,0)),"")) | M54: =IF($A54="","",IF(OR($E54="",$K54="",$L54=""),"N",IF(OR($E54<$K54,$E54>$L54),"Y","N"))) | N54: =IF($A54="","",IF(Inputs!G211="","",Inputs!G211)) | O54: =IF($A54="","",IF($D54<>"CHARGEABLE","",SUMIFS($E$7:$E$156,$B$7:$B$156,$B54,$D$7:$D$156,"CHARGEABLE",$C$7:$C$156,"<>",$E$7:$E$156,">=0",$F$7:$F$156,"<>"))) | P54: =IF($A54="","",IF($D54<>"CHARGEABLE",IF(OR($D54="NON_PUBLIC_RESEARCH",$D54="CAPITAL",$D54="PENALTIES",$D54="RECOVERED_ELSEWHERE"),0,""),IF(OR($C54="",$E54="",$F54="",$I54="",$J54="",$O54<=0),"",$E54/$O54))) | Q54: =IF($A54="","",IF($D54<>"CHARGEABLE",IF(OR($D54="NON_PUBLIC_RESEARCH",$D54="CAPITAL",$D54="PENALTIES",$D54="RECOVERED_ELSEWHERE"),0,""),IF(OR($P54="",$I54=""),"",$I54*$P54))) | R54: =IF($A54="","",IF($D54<>"CHARGEABLE",IF(OR($D54="NON_PUBLIC_RESEARCH",$D54="CAPITAL",$D54="PENALTIES",$D54="RECOVERED_ELSEWHERE"),0,""),IF($P54="","",ROUND($P54*100,1)/100))) | S54: =IF($A54="","",IF($D54<>"CHARGEABLE",IF(OR($D54="NON_PUBLIC_RESEARCH",$D54="CAPITAL",$D54="PENALTIES",$D54="RECOVERED_ELSEWHERE"),0,""),IF($Q54="","",ROUND($Q54,0)))) | T54: =IF($A54="","",IF(OR($J54="EQUIPMENT_HOURS",$J54="STAFF_HOURS",$J54="FLOOR_AREA"),"Y",IF($J54="METERED","N",""))) | U54: =IF($A54="","",IF($D54="CHARGEABLE","N",IF(OR($D54="NON_PUBLIC_RESEARCH",$D54="CAPITAL",$D54="PENALTIES",$D54="RECOVERED_ELSEWHERE"),"Y",""))) | V54: =IF(OR($G54="",$C54=""),"",$G54&"|"&$C54) | W54: =IF($A54="","",IF($B54="","Missing Cost Pool ID",IF($C54="","Missing Program Code",IF($D54="","Missing Scope Code",IF(AND($D54<>"CHARGEABLE",$D54<>"NON_PUBLIC_RESEARCH",$D54<>"CAPITAL",$D54<>"PENALTIES",$D54<>"RECOVERED_ELSEWHERE"),"Invalid Scope Code",IF($G54="","Missing Methodology ID",IF($J54="","Pool basis unresolved",IF(AND($B54<>"",$C54<>"",COUNTIFS($B$7:$B$156,$B54,$C$7:$C$156,$C54)>1),"Duplicate Cost Pool / Program",IF(AND($V54<>"",COUNTIF($V$7:$V$156,$V54)>1),"Duplicate Methodology / Program",IF(AND($D54="CHARGEABLE",$E54=""),"Missing usage quantity",IF(AND($D54="CHARGEABLE",$F54=""),"Missing evidence reference",IF(AND($D54="CHARGEABLE",NOT(ISNUMBER($E54))),"Usage quantity not numeric",IF(AND($D54="CHARGEABLE",$E54<0),"Usage quantity is negative",IF(AND($U54="Y",Inputs!$H$211=""),"Missing exclusion note","OK")))))))))))))) | X54: =IF($A54="","",IFERROR(INDEX(Checks!$O$7:$O$156,MATCH($B54,Checks!$B$7:$B$156,0)),"FAIL")) | Y54: =IF($A54="","",IFERROR(INDEX(Checks!$Q$7:$Q$156,MATCH($B54,Checks!$B$7:$B$156,0)),"FAIL")) | Z54: =IF($A54="","",IF(OR($Q54="",Publication_Import!$F54=""),"FAIL",IF(ABS($Q54-Publication_Import!$F54)<=0.000001,"PASS","FAIL"))) | AA54: =IF($A54="","",IF(AND($W54="OK",$X54="PASS",$Y54="PASS",$Z54="PASS",IFERROR(INDEX(Checks!$S$7:$S$156,MATCH($B54,Checks!$B$7:$B$156,0)),"HOLD")="READY"),"READY","HOLD")) | AB54: =IF($A54="","",IF($AA54="READY","Ready for publication import",IF($W54<>"OK",$W54,IFERROR(INDEX(Checks!$T$7:$T$156,MATCH($B54,Checks!$B$7:$B$156,0)),"Add a valid cost pool"))))
A55: =IF(COUNTA(Inputs!$A$212:$H$212)>0,"Y","") | B55: =IF(Inputs!A212="","",Inputs!A212) | C55: =IF(Inputs!B212="","",Inputs!B212) | D55: =IF(Inputs!D212="","",Inputs!D212) | E55: =IF(Inputs!E212="","",Inputs!E212) | F55: =IF(Inputs!F212="","",Inputs!F212) | G55: =IF($B55="","",IFERROR(INDEX(Inputs!$A$7:$A$156,MATCH($B55,Inputs!$C$7:$C$156,0)),"")) | H55: =IF($B55="","",IFERROR(INDEX(Inputs!$B$7:$B$156,MATCH($B55,Inputs!$C$7:$C$156,0)),"")) | I55: =IF($B55="","",IFERROR(INDEX(Inputs!$E$7:$E$156,MATCH($B55,Inputs!$C$7:$C$156,0)),"")) | J55: =IF($B55="","",IFERROR(INDEX(Inputs!$F$7:$F$156,MATCH($B55,Inputs!$C$7:$C$156,0)),"")) | K55: =IF($B55="","",IFERROR(INDEX(Inputs!$G$7:$G$156,MATCH($B55,Inputs!$C$7:$C$156,0)),"")) | L55: =IF($B55="","",IFERROR(INDEX(Inputs!$H$7:$H$156,MATCH($B55,Inputs!$C$7:$C$156,0)),"")) | M55: =IF($A55="","",IF(OR($E55="",$K55="",$L55=""),"N",IF(OR($E55<$K55,$E55>$L55),"Y","N"))) | N55: =IF($A55="","",IF(Inputs!G212="","",Inputs!G212)) | O55: =IF($A55="","",IF($D55<>"CHARGEABLE","",SUMIFS($E$7:$E$156,$B$7:$B$156,$B55,$D$7:$D$156,"CHARGEABLE",$C$7:$C$156,"<>",$E$7:$E$156,">=0",$F$7:$F$156,"<>"))) | P55: =IF($A55="","",IF($D55<>"CHARGEABLE",IF(OR($D55="NON_PUBLIC_RESEARCH",$D55="CAPITAL",$D55="PENALTIES",$D55="RECOVERED_ELSEWHERE"),0,""),IF(OR($C55="",$E55="",$F55="",$I55="",$J55="",$O55<=0),"",$E55/$O55))) | Q55: =IF($A55="","",IF($D55<>"CHARGEABLE",IF(OR($D55="NON_PUBLIC_RESEARCH",$D55="CAPITAL",$D55="PENALTIES",$D55="RECOVERED_ELSEWHERE"),0,""),IF(OR($P55="",$I55=""),"",$I55*$P55))) | R55: =IF($A55="","",IF($D55<>"CHARGEABLE",IF(OR($D55="NON_PUBLIC_RESEARCH",$D55="CAPITAL",$D55="PENALTIES",$D55="RECOVERED_ELSEWHERE"),0,""),IF($P55="","",ROUND($P55*100,1)/100))) | S55: =IF($A55="","",IF($D55<>"CHARGEABLE",IF(OR($D55="NON_PUBLIC_RESEARCH",$D55="CAPITAL",$D55="PENALTIES",$D55="RECOVERED_ELSEWHERE"),0,""),IF($Q55="","",ROUND($Q55,0)))) | T55: =IF($A55="","",IF(OR($J55="EQUIPMENT_HOURS",$J55="STAFF_HOURS",$J55="FLOOR_AREA"),"Y",IF($J55="METERED","N",""))) | U55: =IF($A55="","",IF($D55="CHARGEABLE","N",IF(OR($D55="NON_PUBLIC_RESEARCH",$D55="CAPITAL",$D55="PENALTIES",$D55="RECOVERED_ELSEWHERE"),"Y",""))) | V55: =IF(OR($G55="",$C55=""),"",$G55&"|"&$C55) | W55: =IF($A55="","",IF($B55="","Missing Cost Pool ID",IF($C55="","Missing Program Code",IF($D55="","Missing Scope Code",IF(AND($D55<>"CHARGEABLE",$D55<>"NON_PUBLIC_RESEARCH",$D55<>"CAPITAL",$D55<>"PENALTIES",$D55<>"RECOVERED_ELSEWHERE"),"Invalid Scope Code",IF($G55="","Missing Methodology ID",IF($J55="","Pool basis unresolved",IF(AND($B55<>"",$C55<>"",COUNTIFS($B$7:$B$156,$B55,$C$7:$C$156,$C55)>1),"Duplicate Cost Pool / Program",IF(AND($V55<>"",COUNTIF($V$7:$V$156,$V55)>1),"Duplicate Methodology / Program",IF(AND($D55="CHARGEABLE",$E55=""),"Missing usage quantity",IF(AND($D55="CHARGEABLE",$F55=""),"Missing evidence reference",IF(AND($D55="CHARGEABLE",NOT(ISNUMBER($E55))),"Usage quantity not numeric",IF(AND($D55="CHARGEABLE",$E55<0),"Usage quantity is negative",IF(AND($U55="Y",Inputs!$H$212=""),"Missing exclusion note","OK")))))))))))))) | X55: =IF($A55="","",IFERROR(INDEX(Checks!$O$7:$O$156,MATCH($B55,Checks!$B$7:$B$156,0)),"FAIL")) | Y55: =IF($A55="","",IFERROR(INDEX(Checks!$Q$7:$Q$156,MATCH($B55,Checks!$B$7:$B$156,0)),"FAIL")) | Z55: =IF($A55="","",IF(OR($Q55="",Publication_Import!$F55=""),"FAIL",IF(ABS($Q55-Publication_Import!$F55)<=0.000001,"PASS","FAIL"))) | AA55: =IF($A55="","",IF(AND($W55="OK",$X55="PASS",$Y55="PASS",$Z55="PASS",IFERROR(INDEX(Checks!$S$7:$S$156,MATCH($B55,Checks!$B$7:$B$156,0)),"HOLD")="READY"),"READY","HOLD")) | AB55: =IF($A55="","",IF($AA55="READY","Ready for publication import",IF($W55<>"OK",$W55,IFERROR(INDEX(Checks!$T$7:$T$156,MATCH($B55,Checks!$B$7:$B$156,0)),"Add a valid cost pool"))))
A56: =IF(COUNTA(Inputs!$A$213:$H$213)>0,"Y","") | B56: =IF(Inputs!A213="","",Inputs!A213) | C56: =IF(Inputs!B213="","",Inputs!B213) | D56: =IF(Inputs!D213="","",Inputs!D213) | E56: =IF(Inputs!E213="","",Inputs!E213) | F56: =IF(Inputs!F213="","",Inputs!F213) | G56: =IF($B56="","",IFERROR(INDEX(Inputs!$A$7:$A$156,MATCH($B56,Inputs!$C$7:$C$156,0)),"")) | H56: =IF($B56="","",IFERROR(INDEX(Inputs!$B$7:$B$156,MATCH($B56,Inputs!$C$7:$C$156,0)),"")) | I56: =IF($B56="","",IFERROR(INDEX(Inputs!$E$7:$E$156,MATCH($B56,Inputs!$C$7:$C$156,0)),"")) | J56: =IF($B56="","",IFERROR(INDEX(Inputs!$F$7:$F$156,MATCH($B56,Inputs!$C$7:$C$156,0)),"")) | K56: =IF($B56="","",IFERROR(INDEX(Inputs!$G$7:$G$156,MATCH($B56,Inputs!$C$7:$C$156,0)),"")) | L56: =IF($B56="","",IFERROR(INDEX(Inputs!$H$7:$H$156,MATCH($B56,Inputs!$C$7:$C$156,0)),"")) | M56: =IF($A56="","",IF(OR($E56="",$K56="",$L56=""),"N",IF(OR($E56<$K56,$E56>$L56),"Y","N"))) | N56: =IF($A56="","",IF(Inputs!G213="","",Inputs!G213)) | O56: =IF($A56="","",IF($D56<>"CHARGEABLE","",SUMIFS($E$7:$E$156,$B$7:$B$156,$B56,$D$7:$D$156,"CHARGEABLE",$C$7:$C$156,"<>",$E$7:$E$156,">=0",$F$7:$F$156,"<>"))) | P56: =IF($A56="","",IF($D56<>"CHARGEABLE",IF(OR($D56="NON_PUBLIC_RESEARCH",$D56="CAPITAL",$D56="PENALTIES",$D56="RECOVERED_ELSEWHERE"),0,""),IF(OR($C56="",$E56="",$F56="",$I56="",$J56="",$O56<=0),"",$E56/$O56))) | Q56: =IF($A56="","",IF($D56<>"CHARGEABLE",IF(OR($D56="NON_PUBLIC_RESEARCH",$D56="CAPITAL",$D56="PENALTIES",$D56="RECOVERED_ELSEWHERE"),0,""),IF(OR($P56="",$I56=""),"",$I56*$P56))) | R56: =IF($A56="","",IF($D56<>"CHARGEABLE",IF(OR($D56="NON_PUBLIC_RESEARCH",$D56="CAPITAL",$D56="PENALTIES",$D56="RECOVERED_ELSEWHERE"),0,""),IF($P56="","",ROUND($P56*100,1)/100))) | S56: =IF($A56="","",IF($D56<>"CHARGEABLE",IF(OR($D56="NON_PUBLIC_RESEARCH",$D56="CAPITAL",$D56="PENALTIES",$D56="RECOVERED_ELSEWHERE"),0,""),IF($Q56="","",ROUND($Q56,0)))) | T56: =IF($A56="","",IF(OR($J56="EQUIPMENT_HOURS",$J56="STAFF_HOURS",$J56="FLOOR_AREA"),"Y",IF($J56="METERED","N",""))) | U56: =IF($A56="","",IF($D56="CHARGEABLE","N",IF(OR($D56="NON_PUBLIC_RESEARCH",$D56="CAPITAL",$D56="PENALTIES",$D56="RECOVERED_ELSEWHERE"),"Y",""))) | V56: =IF(OR($G56="",$C56=""),"",$G56&"|"&$C56) | W56: =IF($A56="","",IF($B56="","Missing Cost Pool ID",IF($C56="","Missing Program Code",IF($D56="","Missing Scope Code",IF(AND($D56<>"CHARGEABLE",$D56<>"NON_PUBLIC_RESEARCH",$D56<>"CAPITAL",$D56<>"PENALTIES",$D56<>"RECOVERED_ELSEWHERE"),"Invalid Scope Code",IF($G56="","Missing Methodology ID",IF($J56="","Pool basis unresolved",IF(AND($B56<>"",$C56<>"",COUNTIFS($B$7:$B$156,$B56,$C$7:$C$156,$C56)>1),"Duplicate Cost Pool / Program",IF(AND($V56<>"",COUNTIF($V$7:$V$156,$V56)>1),"Duplicate Methodology / Program",IF(AND($D56="CHARGEABLE",$E56=""),"Missing usage quantity",IF(AND($D56="CHARGEABLE",$F56=""),"Missing evidence reference",IF(AND($D56="CHARGEABLE",NOT(ISNUMBER($E56))),"Usage quantity not numeric",IF(AND($D56="CHARGEABLE",$E56<0),"Usage quantity is negative",IF(AND($U56="Y",Inputs!$H$213=""),"Missing exclusion note","OK")))))))))))))) | X56: =IF($A56="","",IFERROR(INDEX(Checks!$O$7:$O$156,MATCH($B56,Checks!$B$7:$B$156,0)),"FAIL")) | Y56: =IF($A56="","",IFERROR(INDEX(Checks!$Q$7:$Q$156,MATCH($B56,Checks!$B$7:$B$156,0)),"FAIL")) | Z56: =IF($A56="","",IF(OR($Q56="",Publication_Import!$F56=""),"FAIL",IF(ABS($Q56-Publication_Import!$F56)<=0.000001,"PASS","FAIL"))) | AA56: =IF($A56="","",IF(AND($W56="OK",$X56="PASS",$Y56="PASS",$Z56="PASS",IFERROR(INDEX(Checks!$S$7:$S$156,MATCH($B56,Checks!$B$7:$B$156,0)),"HOLD")="READY"),"READY","HOLD")) | AB56: =IF($A56="","",IF($AA56="READY","Ready for publication import",IF($W56<>"OK",$W56,IFERROR(INDEX(Checks!$T$7:$T$156,MATCH($B56,Checks!$B$7:$B$156,0)),"Add a valid cost pool"))))
A57: =IF(COUNTA(Inputs!$A$214:$H$214)>0,"Y","") | B57: =IF(Inputs!A214="","",Inputs!A214) | C57: =IF(Inputs!B214="","",Inputs!B214) | D57: =IF(Inputs!D214="","",Inputs!D214) | E57: =IF(Inputs!E214="","",Inputs!E214) | F57: =IF(Inputs!F214="","",Inputs!F214) | G57: =IF($B57="","",IFERROR(INDEX(Inputs!$A$7:$A$156,MATCH($B57,Inputs!$C$7:$C$156,0)),"")) | H57: =IF($B57="","",IFERROR(INDEX(Inputs!$B$7:$B$156,MATCH($B57,Inputs!$C$7:$C$156,0)),"")) | I57: =IF($B57="","",IFERROR(INDEX(Inputs!$E$7:$E$156,MATCH($B57,Inputs!$C$7:$C$156,0)),"")) | J57: =IF($B57="","",IFERROR(INDEX(Inputs!$F$7:$F$156,MATCH($B57,Inputs!$C$7:$C$156,0)),"")) | K57: =IF($B57="","",IFERROR(INDEX(Inputs!$G$7:$G$156,MATCH($B57,Inputs!$C$7:$C$156,0)),"")) | L57: =IF($B57="","",IFERROR(INDEX(Inputs!$H$7:$H$156,MATCH($B57,Inputs!$C$7:$C$156,0)),"")) | M57: =IF($A57="","",IF(OR($E57="",$K57="",$L57=""),"N",IF(OR($E57<$K57,$E57>$L57),"Y","N"))) | N57: =IF($A57="","",IF(Inputs!G214="","",Inputs!G214)) | O57: =IF($A57="","",IF($D57<>"CHARGEABLE","",SUMIFS($E$7:$E$156,$B$7:$B$156,$B57,$D$7:$D$156,"CHARGEABLE",$C$7:$C$156,"<>",$E$7:$E$156,">=0",$F$7:$F$156,"<>"))) | P57: =IF($A57="","",IF($D57<>"CHARGEABLE",IF(OR($D57="NON_PUBLIC_RESEARCH",$D57="CAPITAL",$D57="PENALTIES",$D57="RECOVERED_ELSEWHERE"),0,""),IF(OR($C57="",$E57="",$F57="",$I57="",$J57="",$O57<=0),"",$E57/$O57))) | Q57: =IF($A57="","",IF($D57<>"CHARGEABLE",IF(OR($D57="NON_PUBLIC_RESEARCH",$D57="CAPITAL",$D57="PENALTIES",$D57="RECOVERED_ELSEWHERE"),0,""),IF(OR($P57="",$I57=""),"",$I57*$P57))) | R57: =IF($A57="","",IF($D57<>"CHARGEABLE",IF(OR($D57="NON_PUBLIC_RESEARCH",$D57="CAPITAL",$D57="PENALTIES",$D57="RECOVERED_ELSEWHERE"),0,""),IF($P57="","",ROUND($P57*100,1)/100))) | S57: =IF($A57="","",IF($D57<>"CHARGEABLE",IF(OR($D57="NON_PUBLIC_RESEARCH",$D57="CAPITAL",$D57="PENALTIES",$D57="RECOVERED_ELSEWHERE"),0,""),IF($Q57="","",ROUND($Q57,0)))) | T57: =IF($A57="","",IF(OR($J57="EQUIPMENT_HOURS",$J57="STAFF_HOURS",$J57="FLOOR_AREA"),"Y",IF($J57="METERED","N",""))) | U57: =IF($A57="","",IF($D57="CHARGEABLE","N",IF(OR($D57="NON_PUBLIC_RESEARCH",$D57="CAPITAL",$D57="PENALTIES",$D57="RECOVERED_ELSEWHERE"),"Y",""))) | V57: =IF(OR($G57="",$C57=""),"",$G57&"|"&$C57) | W57: =IF($A57="","",IF($B57="","Missing Cost Pool ID",IF($C57="","Missing Program Code",IF($D57="","Missing Scope Code",IF(AND($D57<>"CHARGEABLE",$D57<>"NON_PUBLIC_RESEARCH",$D57<>"CAPITAL",$D57<>"PENALTIES",$D57<>"RECOVERED_ELSEWHERE"),"Invalid Scope Code",IF($G57="","Missing Methodology ID",IF($J57="","Pool basis unresolved",IF(AND($B57<>"",$C57<>"",COUNTIFS($B$7:$B$156,$B57,$C$7:$C$156,$C57)>1),"Duplicate Cost Pool / Program",IF(AND($V57<>"",COUNTIF($V$7:$V$156,$V57)>1),"Duplicate Methodology / Program",IF(AND($D57="CHARGEABLE",$E57=""),"Missing usage quantity",IF(AND($D57="CHARGEABLE",$F57=""),"Missing evidence reference",IF(AND($D57="CHARGEABLE",NOT(ISNUMBER($E57))),"Usage quantity not numeric",IF(AND($D57="CHARGEABLE",$E57<0),"Usage quantity is negative",IF(AND($U57="Y",Inputs!$H$214=""),"Missing exclusion note","OK")))))))))))))) | X57: =IF($A57="","",IFERROR(INDEX(Checks!$O$7:$O$156,MATCH($B57,Checks!$B$7:$B$156,0)),"FAIL")) | Y57: =IF($A57="","",IFERROR(INDEX(Checks!$Q$7:$Q$156,MATCH($B57,Checks!$B$7:$B$156,0)),"FAIL")) | Z57: =IF($A57="","",IF(OR($Q57="",Publication_Import!$F57=""),"FAIL",IF(ABS($Q57-Publication_Import!$F57)<=0.000001,"PASS","FAIL"))) | AA57: =IF($A57="","",IF(AND($W57="OK",$X57="PASS",$Y57="PASS",$Z57="PASS",IFERROR(INDEX(Checks!$S$7:$S$156,MATCH($B57,Checks!$B$7:$B$156,0)),"HOLD")="READY"),"READY","HOLD")) | AB57: =IF($A57="","",IF($AA57="READY","Ready for publication import",IF($W57<>"OK",$W57,IFERROR(INDEX(Checks!$T$7:$T$156,MATCH($B57,Checks!$B$7:$B$156,0)),"Add a valid cost pool"))))
