Workbook

Sheet Instructions
A1: Kestrel Bay Community Health
A2: Interpreter Invoice Verification Workbook | Operational control for invoice-line review
A4: Purpose and custody
A5: Purpose | B5: Use one Verification table row for each telephone-interpreting invoice line. The workbook recomputes the contracted charge and makes the contract trace visible before AP receives the invoice.
A6: Workflow | B6: A clerk enters invoice and scheduling facts → Noor Fournier reviews any REVIEW or OUT OF SCOPE row → retain the completed worksheet with the invoice before AP routing.
A7: Privacy rule | B7: Do not enter patient names, medical details, account numbers, or other identifiers. Invoice ID and invoice line are sufficient for audit matching.
A9: How to complete a Verification line
A10: Step | B10: What the clerk enters or reads | C10: Rule / prompt | D10: Output to review | E10: Colour / format
A11: 1 | B11: Enter Invoice ID and Invoice Line. | C11: Use the invoice’s line reference; do not add a patient identifier. | D11: Audit link to invoice | E11: Yellow = editable
A12: 2 | B12: Select Vendor, Language, and Service Outcome. | C12: Use dropdowns only. Somali and Pashto are the supported language choices in this control. | D12: Scope check | E12: Green = formula
A13: 3 | B13: Enter Service Date, Scheduled Start, Scheduled End, and Invoiced Amount. | C13: Date uses d-mmm-yyyy; time uses h:mm AM/PM; amount uses $#,##0.00. | D13: Expected Minutes, Applied Rate, Expected Charge | E13: Red = attention
A14: 4 | B14: For either cancellation outcome, enter Cancellation Date and Cancellation Time. | C14: The contract window is measured against scheduled start. Blank cancellation facts cause REVIEW. | D14: Applied Clause and disposition | E14: Blank formula result = facts still needed
A15: 5 | B15: Read variance, clause trace, and Review Disposition. | C15: Do not overwrite green cells. Add a concise non-clinical explanation in Clerk Notes where needed. | D15: OK, REVIEW, or OUT OF SCOPE | E15: Table totals update automatically
A17: Disposition and legend
A18: Blank | B18: No entry has begun, or the required facts for a calculation are not yet present. It is not an approval.
A19: OK | B19: All required facts are present, the selected vendor/language/outcome are supported, and the variance is within $0.01.
A20: REVIEW | B20: Complete the missing facts, investigate a variance greater than $0.01, or have Noor review the retained invoice evidence.
A21: OUT OF SCOPE | B21: A vendor, language, or service outcome outside the controlled list was entered or imported. Do not send to AP until Noor resolves it.
A22: Yellow cells | B22: Clerk entry cells. Green cells calculate from contract reference data and are locked when sheet protection is enabled.
A23: Red highlight | B23: A nonzero material variance or a REVIEW disposition needs attention. The highlight does not replace the clause trace.
A25: Field guide | B25: Expected Minutes are billable minutes after the vendor minimum/increment or special outcome rule. Applied Rate is the per-minute rate used. Expected Charge is the calculated contract amount. Variance = Invoiced Amount − Expected Charge.
A26: Rounding and time | B26: After-hours is calculated from Service Date and Scheduled Start; Saturday and Sunday are after-hours for both vendors. Details and clause labels are on Contract Rates and Clause Key.

Sheet Contract Rates
A1: Contract Rates and Rules
A2: Protected reference extracted from the two supplied contract excerpts. Formula columns on Verification use this table.
A4: Read-only reference — verify contract amendments before altering this sheet.
A5: Vendor | B5: Contract Identifier | C5: Effective From | D5: Effective To | E5: Daytime Rate | F5: After-hours Multiplier | G5: Minimum Minutes | H5: Increment Minutes | I5: Cancellation Window Hours | J5: No-show Treatment | K5: After-hours Definition | L5: Rate Clause | M5: Billing Clause | N5: After-hours Clause | O5: Cancellation Clause | P5: No-show Clause
A6: Marchbank Instruments | B6: KBC-INT-MI-2025-04 | C6: 45748 | D6: 46477 | E6: 1.9 | F6: 1.5 | G6: 30 | H6: 15 | I6: 24 | J6: Bill 30 minutes at applicable scheduled-time rate. | K6: Weekdays 18:00–08:00; all Saturday/Sunday | L6: M-01 Daytime rate | M6: M-02 Minimum and increments | N6: M-03 After-hours | O6: M-04 Cancellation | P6: M-05 Patient no-show
A7: Slateford Media | B7: KBC-INT-SM-2025-07 | C7: 45839 | D7: 46568 | E7: 2.2 | F7: 1.25 | G7: 30 | H7: 15 | I7: 24 | J7: Not billable ($0). | K7: Weekdays 18:30–07:30; all Saturday/Sunday | L7: S-01 Daytime rate | M7: S-02 Minimum and increments | N7: S-03 After-hours | O7: S-04 Cancellation | P7: S-05 Patient no-show

Sheet Verification
A1: Interpreter Invoice Verification
A2: Yellow cells are clerk entry fields. Green cells calculate from Contract Rates. Do not enter patient or clinical information. Variance = invoiced amount − expected charge.
A4: Complete one row per invoice line. For a cancellation, enter cancellation date and time. Red highlights require review; see Clause Key for every decision rule.
A6: Invoice ID | B6: Invoice Line | C6: Vendor | D6: Language | E6: Service Date | F6: Scheduled Start | G6: Scheduled End | H6: Cancellation Date | I6: Cancellation Time | J6: Service Outcome | K6: Invoiced Amount | L6: Expected Minutes | M6: Applied Rate | N6: Expected Charge | O6: Variance | P6: Applied Clause | Q6: Review Disposition | R6: Clerk Notes
L7: =IF(OR($C7="",$E7="",$F7="",$G7="",$J7=""),"",IF($J7="Completed",MAX(IF($C7="Marchbank Instruments",'Contract Rates'!$G$6,'Contract Rates'!$G$7),CEILING(($G7-$F7)*1440,IF($C7="Marchbank Instruments",'Contract Rates'!$H$6,'Contract Rates'!$H$7))),IF($J7="Patient no-show",IF($C7="Marchbank Instruments",IF($C7="Marchbank Instruments",'Contract Rates'!$G$6,'Contract Rates'!$G$7),0),IF($J7="Cancelled by clinic",IF(OR($H7="",$I7=""),"",IF((($H7+$I7)>(($E7+$F7)-IF($C7="Marchbank Instruments",'Contract Rates'!$I$6,'Contract Rates'!$I$7)/24)),IF($C7="Marchbank Instruments",'Contract Rates'!$G$6,'Contract Rates'!$G$7),0)),IF($J7="Cancelled by vendor",0,""))))) | M7: =IF(OR(OR($C7="",$E7="",$F7="",$G7="",$J7=""),$L7=""),"",IF($L7=0,0,IF($C7="Marchbank Instruments",'Contract Rates'!$E$6,'Contract Rates'!$E$7)*IF(AND(NOT(AND($C7="Slateford Media",$J7="Cancelled by clinic")),IF($C7="Marchbank Instruments",OR(WEEKDAY($E7,2)>5,$F7<TIME(8,0,0),$F7>=TIME(18,0,0)),OR(WEEKDAY($E7,2)>5,$F7<TIME(7,30,0),$F7>=TIME(18,30,0)))),IF($C7="Marchbank Instruments",'Contract Rates'!$F$6,'Contract Rates'!$F$7),1))) | N7: =IF(OR($L7="",$M7=""),"",$L7*$M7*IF(AND($C7="Slateford Media",$J7="Cancelled by clinic",$L7>0),0.5,1)) | O7: =IF(OR($K7="",$N7=""),"",$K7-$N7) | P7: =IF(OR($C7="",$E7="",$F7="",$G7="",$J7=""),"",IF($J7="Completed",IF($C7="Marchbank Instruments",'Contract Rates'!$L$6,'Contract Rates'!$L$7)&" + "&IF($C7="Marchbank Instruments",'Contract Rates'!$M$6,'Contract Rates'!$M$7)&IF(IF($C7="Marchbank Instruments",OR(WEEKDAY($E7,2)>5,$F7<TIME(8,0,0),$F7>=TIME(18,0,0)),OR(WEEKDAY($E7,2)>5,$F7<TIME(7,30,0),$F7>=TIME(18,30,0)))," + "&IF($C7="Marchbank Instruments",'Contract Rates'!$N$6,'Contract Rates'!$N$7),""),IF($J7="Patient no-show",IF($C7="Marchbank Instruments",IF($C7="Marchbank Instruments",'Contract Rates'!$L$6,'Contract Rates'!$L$7)&" + "&IF($C7="Marchbank Instruments",'Contract Rates'!$M$6,'Contract Rates'!$M$7)&IF(IF($C7="Marchbank Instruments",OR(WEEKDAY($E7,2)>5,$F7<TIME(8,0,0),$F7>=TIME(18,0,0)),OR(WEEKDAY($E7,2)>5,$F7<TIME(7,30,0),$F7>=TIME(18,30,0)))," + "&IF($C7="Marchbank Instruments",'Contract Rates'!$N$6,'Contract Rates'!$N$7),"")&" + "&IF($C7="Marchbank Instruments",'Contract Rates'!$P$6,'Contract Rates'!$P$7),IF($C7="Marchbank Instruments",'Contract Rates'!$P$6,'Contract Rates'!$P$7)),IF($J7="Cancelled by clinic",IF(OR($H7="",$I7=""),"",IF((($H7+$I7)>(($E7+$F7)-IF($C7="Marchbank Instruments",'Contract Rates'!$I$6,'Contract Rates'!$I$7)/24)),IF($C7="Marchbank Instruments",IF($C7="Marchbank Instruments",'Contract Rates'!$L$6,'Contract Rates'!$L$7)&" + "&IF($C7="Marchbank Instruments",'Contract Rates'!$M$6,'Contract Rates'!$M$7)&IF(IF($C7="Marchbank Instruments",OR(WEEKDAY($E7,2)>5,$F7<TIME(8,0,0),$F7>=TIME(18,0,0)),OR(WEEKDAY($E7,2)>5,$F7<TIME(7,30,0),$F7>=TIME(18,30,0)))," + "&IF($C7="Marchbank Instruments",'Contract Rates'!$N$6,'Contract Rates'!$N$7),"")&" + "&IF($C7="Marchbank Instruments",'Contract Rates'!$O$6,'Contract Rates'!$O$7),IF($C7="Marchbank Instruments",'Contract Rates'!$O$6,'Contract Rates'!$O$7)),IF($C7="Marchbank Instruments",'Contract Rates'!$O$6,'Contract Rates'!$O$7))),IF($J7="Cancelled by vendor",IF($C7="Marchbank Instruments",'Contract Rates'!$O$6,'Contract Rates'!$O$7),""))))) | Q7: =IF(COUNTA($A7:$K7,$R7)=0,"",IF(OR(AND($C7<>"Marchbank Instruments",$C7<>"Slateford Media"),AND($D7<>"Somali",$D7<>"Pashto"),AND($J7<>"Completed",$J7<>"Patient no-show",$J7<>"Cancelled by clinic",$J7<>"Cancelled by vendor")),"OUT OF SCOPE",IF(OR($A7="",$B7="",$C7="",$D7="",$E7="",$F7="",$G7="",$J7="",$K7="",AND(OR($J7="Cancelled by clinic",$J7="Cancelled by vendor"),OR($H7="",$I7=""))),"REVIEW",IF(ABS($O7)>0.01,"REVIEW","OK"))))
L8: =IF(OR($C8="",$E8="",$F8="",$G8="",$J8=""),"",IF($J8="Completed",MAX(IF($C8="Marchbank Instruments",'Contract Rates'!$G$6,'Contract Rates'!$G$7),CEILING(($G8-$F8)*1440,IF($C8="Marchbank Instruments",'Contract Rates'!$H$6,'Contract Rates'!$H$7))),IF($J8="Patient no-show",IF($C8="Marchbank Instruments",IF($C8="Marchbank Instruments",'Contract Rates'!$G$6,'Contract Rates'!$G$7),0),IF($J8="Cancelled by clinic",IF(OR($H8="",$I8=""),"",IF((($H8+$I8)>(($E8+$F8)-IF($C8="Marchbank Instruments",'Contract Rates'!$I$6,'Contract Rates'!$I$7)/24)),IF($C8="Marchbank Instruments",'Contract Rates'!$G$6,'Contract Rates'!$G$7),0)),IF($J8="Cancelled by vendor",0,""))))) | M8: =IF(OR(OR($C8="",$E8="",$F8="",$G8="",$J8=""),$L8=""),"",IF($L8=0,0,IF($C8="Marchbank Instruments",'Contract Rates'!$E$6,'Contract Rates'!$E$7)*IF(AND(NOT(AND($C8="Slateford Media",$J8="Cancelled by clinic")),IF($C8="Marchbank Instruments",OR(WEEKDAY($E8,2)>5,$F8<TIME(8,0,0),$F8>=TIME(18,0,0)),OR(WEEKDAY($E8,2)>5,$F8<TIME(7,30,0),$F8>=TIME(18,30,0)))),IF($C8="Marchbank Instruments",'Contract Rates'!$F$6,'Contract Rates'!$F$7),1))) | N8: =IF(OR($L8="",$M8=""),"",$L8*$M8*IF(AND($C8="Slateford Media",$J8="Cancelled by clinic",$L8>0),0.5,1)) | O8: =IF(OR($K8="",$N8=""),"",$K8-$N8) | P8: =IF(OR($C8="",$E8="",$F8="",$G8="",$J8=""),"",IF($J8="Completed",IF($C8="Marchbank Instruments",'Contract Rates'!$L$6,'Contract Rates'!$L$7)&" + "&IF($C8="Marchbank Instruments",'Contract Rates'!$M$6,'Contract Rates'!$M$7)&IF(IF($C8="Marchbank Instruments",OR(WEEKDAY($E8,2)>5,$F8<TIME(8,0,0),$F8>=TIME(18,0,0)),OR(WEEKDAY($E8,2)>5,$F8<TIME(7,30,0),$F8>=TIME(18,30,0)))," + "&IF($C8="Marchbank Instruments",'Contract Rates'!$N$6,'Contract Rates'!$N$7),""),IF($J8="Patient no-show",IF($C8="Marchbank Instruments",IF($C8="Marchbank Instruments",'Contract Rates'!$L$6,'Contract Rates'!$L$7)&" + "&IF($C8="Marchbank Instruments",'Contract Rates'!$M$6,'Contract Rates'!$M$7)&IF(IF($C8="Marchbank Instruments",OR(WEEKDAY($E8,2)>5,$F8<TIME(8,0,0),$F8>=TIME(18,0,0)),OR(WEEKDAY($E8,2)>5,$F8<TIME(7,30,0),$F8>=TIME(18,30,0)))," + "&IF($C8="Marchbank Instruments",'Contract Rates'!$N$6,'Contract Rates'!$N$7),"")&" + "&IF($C8="Marchbank Instruments",'Contract Rates'!$P$6,'Contract Rates'!$P$7),IF($C8="Marchbank Instruments",'Contract Rates'!$P$6,'Contract Rates'!$P$7)),IF($J8="Cancelled by clinic",IF(OR($H8="",$I8=""),"",IF((($H8+$I8)>(($E8+$F8)-IF($C8="Marchbank Instruments",'Contract Rates'!$I$6,'Contract Rates'!$I$7)/24)),IF($C8="Marchbank Instruments",IF($C8="Marchbank Instruments",'Contract Rates'!$L$6,'Contract Rates'!$L$7)&" + "&IF($C8="Marchbank Instruments",'Contract Rates'!$M$6,'Contract Rates'!$M$7)&IF(IF($C8="Marchbank Instruments",OR(WEEKDAY($E8,2)>5,$F8<TIME(8,0,0),$F8>=TIME(18,0,0)),OR(WEEKDAY($E8,2)>5,$F8<TIME(7,30,0),$F8>=TIME(18,30,0)))," + "&IF($C8="Marchbank Instruments",'Contract Rates'!$N$6,'Contract Rates'!$N$7),"")&" + "&IF($C8="Marchbank Instruments",'Contract Rates'!$O$6,'Contract Rates'!$O$7),IF($C8="Marchbank Instruments",'Contract Rates'!$O$6,'Contract Rates'!$O$7)),IF($C8="Marchbank Instruments",'Contract Rates'!$O$6,'Contract Rates'!$O$7))),IF($J8="Cancelled by vendor",IF($C8="Marchbank Instruments",'Contract Rates'!$O$6,'Contract Rates'!$O$7),""))))) | Q8: =IF(COUNTA($A8:$K8,$R8)=0,"",IF(OR(AND($C8<>"Marchbank Instruments",$C8<>"Slateford Media"),AND($D8<>"Somali",$D8<>"Pashto"),AND($J8<>"Completed",$J8<>"Patient no-show",$J8<>"Cancelled by clinic",$J8<>"Cancelled by vendor")),"OUT OF SCOPE",IF(OR($A8="",$B8="",$C8="",$D8="",$E8="",$F8="",$G8="",$J8="",$K8="",AND(OR($J8="Cancelled by clinic",$J8="Cancelled by vendor"),OR($H8="",$I8=""))),"REVIEW",IF(ABS($O8)>0.01,"REVIEW","OK"))))
L9: =IF(OR($C9="",$E9="",$F9="",$G9="",$J9=""),"",IF($J9="Completed",MAX(IF($C9="Marchbank Instruments",'Contract Rates'!$G$6,'Contract Rates'!$G$7),CEILING(($G9-$F9)*1440,IF($C9="Marchbank Instruments",'Contract Rates'!$H$6,'Contract Rates'!$H$7))),IF($J9="Patient no-show",IF($C9="Marchbank Instruments",IF($C9="Marchbank Instruments",'Contract Rates'!$G$6,'Contract Rates'!$G$7),0),IF($J9="Cancelled by clinic",IF(OR($H9="",$I9=""),"",IF((($H9+$I9)>(($E9+$F9)-IF($C9="Marchbank Instruments",'Contract Rates'!$I$6,'Contract Rates'!$I$7)/24)),IF($C9="Marchbank Instruments",'Contract Rates'!$G$6,'Contract Rates'!$G$7),0)),IF($J9="Cancelled by vendor",0,""))))) | M9: =IF(OR(OR($C9="",$E9="",$F9="",$G9="",$J9=""),$L9=""),"",IF($L9=0,0,IF($C9="Marchbank Instruments",'Contract Rates'!$E$6,'Contract Rates'!$E$7)*IF(AND(NOT(AND($C9="Slateford Media",$J9="Cancelled by clinic")),IF($C9="Marchbank Instruments",OR(WEEKDAY($E9,2)>5,$F9<TIME(8,0,0),$F9>=TIME(18,0,0)),OR(WEEKDAY($E9,2)>5,$F9<TIME(7,30,0),$F9>=TIME(18,30,0)))),IF($C9="Marchbank Instruments",'Contract Rates'!$F$6,'Contract Rates'!$F$7),1))) | N9: =IF(OR($L9="",$M9=""),"",$L9*$M9*IF(AND($C9="Slateford Media",$J9="Cancelled by clinic",$L9>0),0.5,1)) | O9: =IF(OR($K9="",$N9=""),"",$K9-$N9) | P9: =IF(OR($C9="",$E9="",$F9="",$G9="",$J9=""),"",IF($J9="Completed",IF($C9="Marchbank Instruments",'Contract Rates'!$L$6,'Contract Rates'!$L$7)&" + "&IF($C9="Marchbank Instruments",'Contract Rates'!$M$6,'Contract Rates'!$M$7)&IF(IF($C9="Marchbank Instruments",OR(WEEKDAY($E9,2)>5,$F9<TIME(8,0,0),$F9>=TIME(18,0,0)),OR(WEEKDAY($E9,2)>5,$F9<TIME(7,30,0),$F9>=TIME(18,30,0)))," + "&IF($C9="Marchbank Instruments",'Contract Rates'!$N$6,'Contract Rates'!$N$7),""),IF($J9="Patient no-show",IF($C9="Marchbank Instruments",IF($C9="Marchbank Instruments",'Contract Rates'!$L$6,'Contract Rates'!$L$7)&" + "&IF($C9="Marchbank Instruments",'Contract Rates'!$M$6,'Contract Rates'!$M$7)&IF(IF($C9="Marchbank Instruments",OR(WEEKDAY($E9,2)>5,$F9<TIME(8,0,0),$F9>=TIME(18,0,0)),OR(WEEKDAY($E9,2)>5,$F9<TIME(7,30,0),$F9>=TIME(18,30,0)))," + "&IF($C9="Marchbank Instruments",'Contract Rates'!$N$6,'Contract Rates'!$N$7),"")&" + "&IF($C9="Marchbank Instruments",'Contract Rates'!$P$6,'Contract Rates'!$P$7),IF($C9="Marchbank Instruments",'Contract Rates'!$P$6,'Contract Rates'!$P$7)),IF($J9="Cancelled by clinic",IF(OR($H9="",$I9=""),"",IF((($H9+$I9)>(($E9+$F9)-IF($C9="Marchbank Instruments",'Contract Rates'!$I$6,'Contract Rates'!$I$7)/24)),IF($C9="Marchbank Instruments",IF($C9="Marchbank Instruments",'Contract Rates'!$L$6,'Contract Rates'!$L$7)&" + "&IF($C9="Marchbank Instruments",'Contract Rates'!$M$6,'Contract Rates'!$M$7)&IF(IF($C9="Marchbank Instruments",OR(WEEKDAY($E9,2)>5,$F9<TIME(8,0,0),$F9>=TIME(18,0,0)),OR(WEEKDAY($E9,2)>5,$F9<TIME(7,30,0),$F9>=TIME(18,30,0)))," + "&IF($C9="Marchbank Instruments",'Contract Rates'!$N$6,'Contract Rates'!$N$7),"")&" + "&IF($C9="Marchbank Instruments",'Contract Rates'!$O$6,'Contract Rates'!$O$7),IF($C9="Marchbank Instruments",'Contract Rates'!$O$6,'Contract Rates'!$O$7)),IF($C9="Marchbank Instruments",'Contract Rates'!$O$6,'Contract Rates'!$O$7))),IF($J9="Cancelled by vendor",IF($C9="Marchbank Instruments",'Contract Rates'!$O$6,'Contract Rates'!$O$7),""))))) | Q9: =IF(COUNTA($A9:$K9,$R9)=0,"",IF(OR(AND($C9<>"Marchbank Instruments",$C9<>"Slateford Media"),AND($D9<>"Somali",$D9<>"Pashto"),AND($J9<>"Completed",$J9<>"Patient no-show",$J9<>"Cancelled by clinic",$J9<>"Cancelled by vendor")),"OUT OF SCOPE",IF(OR($A9="",$B9="",$C9="",$D9="",$E9="",$F9="",$G9="",$J9="",$K9="",AND(OR($J9="Cancelled by clinic",$J9="Cancelled by vendor"),OR($H9="",$I9=""))),"REVIEW",IF(ABS($O9)>0.01,"REVIEW","OK"))))
L10: =IF(OR($C10="",$E10="",$F10="",$G10="",$J10=""),"",IF($J10="Completed",MAX(IF($C10="Marchbank Instruments",'Contract Rates'!$G$6,'Contract Rates'!$G$7),CEILING(($G10-$F10)*1440,IF($C10="Marchbank Instruments",'Contract Rates'!$H$6,'Contract Rates'!$H$7))),IF($J10="Patient no-show",IF($C10="Marchbank Instruments",IF($C10="Marchbank Instruments",'Contract Rates'!$G$6,'Contract Rates'!$G$7),0),IF($J10="Cancelled by clinic",IF(OR($H10="",$I10=""),"",IF((($H10+$I10)>(($E10+$F10)-IF($C10="Marchbank Instruments",'Contract Rates'!$I$6,'Contract Rates'!$I$7)/24)),IF($C10="Marchbank Instruments",'Contract Rates'!$G$6,'Contract Rates'!$G$7),0)),IF($J10="Cancelled by vendor",0,""))))) | M10: =IF(OR(OR($C10="",$E10="",$F10="",$G10="",$J10=""),$L10=""),"",IF($L10=0,0,IF($C10="Marchbank Instruments",'Contract Rates'!$E$6,'Contract Rates'!$E$7)*IF(AND(NOT(AND($C10="Slateford Media",$J10="Cancelled by clinic")),IF($C10="Marchbank Instruments",OR(WEEKDAY($E10,2)>5,$F10<TIME(8,0,0),$F10>=TIME(18,0,0)),OR(WEEKDAY($E10,2)>5,$F10<TIME(7,30,0),$F10>=TIME(18,30,0)))),IF($C10="Marchbank Instruments",'Contract Rates'!$F$6,'Contract Rates'!$F$7),1))) | N10: =IF(OR($L10="",$M10=""),"",$L10*$M10*IF(AND($C10="Slateford Media",$J10="Cancelled by clinic",$L10>0),0.5,1)) | O10: =IF(OR($K10="",$N10=""),"",$K10-$N10) | P10: =IF(OR($C10="",$E10="",$F10="",$G10="",$J10=""),"",IF($J10="Completed",IF($C10="Marchbank Instruments",'Contract Rates'!$L$6,'Contract Rates'!$L$7)&" + "&IF($C10="Marchbank Instruments",'Contract Rates'!$M$6,'Contract Rates'!$M$7)&IF(IF($C10="Marchbank Instruments",OR(WEEKDAY($E10,2)>5,$F10<TIME(8,0,0),$F10>=TIME(18,0,0)),OR(WEEKDAY($E10,2)>5,$F10<TIME(7,30,0),$F10>=TIME(18,30,0)))," + "&IF($C10="Marchbank Instruments",'Contract Rates'!$N$6,'Contract Rates'!$N$7),""),IF($J10="Patient no-show",IF($C10="Marchbank Instruments",IF($C10="Marchbank Instruments",'Contract Rates'!$L$6,'Contract Rates'!$L$7)&" + "&IF($C10="Marchbank Instruments",'Contract Rates'!$M$6,'Contract Rates'!$M$7)&IF(IF($C10="Marchbank Instruments",OR(WEEKDAY($E10,2)>5,$F10<TIME(8,0,0),$F10>=TIME(18,0,0)),OR(WEEKDAY($E10,2)>5,$F10<TIME(7,30,0),$F10>=TIME(18,30,0)))," + "&IF($C10="Marchbank Instruments",'Contract Rates'!$N$6,'Contract Rates'!$N$7),"")&" + "&IF($C10="Marchbank Instruments",'Contract Rates'!$P$6,'Contract Rates'!$P$7),IF($C10="Marchbank Instruments",'Contract Rates'!$P$6,'Contract Rates'!$P$7)),IF($J10="Cancelled by clinic",IF(OR($H10="",$I10=""),"",IF((($H10+$I10)>(($E10+$F10)-IF($C10="Marchbank Instruments",'Contract Rates'!$I$6,'Contract Rates'!$I$7)/24)),IF($C10="Marchbank Instruments",IF($C10="Marchbank Instruments",'Contract Rates'!$L$6,'Contract Rates'!$L$7)&" + "&IF($C10="Marchbank Instruments",'Contract Rates'!$M$6,'Contract Rates'!$M$7)&IF(IF($C10="Marchbank Instruments",OR(WEEKDAY($E10,2)>5,$F10<TIME(8,0,0),$F10>=TIME(18,0,0)),OR(WEEKDAY($E10,2)>5,$F10<TIME(7,30,0),$F10>=TIME(18,30,0)))," + "&IF($C10="Marchbank Instruments",'Contract Rates'!$N$6,'Contract Rates'!$N$7),"")&" + "&IF($C10="Marchbank Instruments",'Contract Rates'!$O$6,'Contract Rates'!$O$7),IF($C10="Marchbank Instruments",'Contract Rates'!$O$6,'Contract Rates'!$O$7)),IF($C10="Marchbank Instruments",'Contract Rates'!$O$6,'Contract Rates'!$O$7))),IF($J10="Cancelled by vendor",IF($C10="Marchbank Instruments",'Contract Rates'!$O$6,'Contract Rates'!$O$7),""))))) | Q10: =IF(COUNTA($A10:$K10,$R10)=0,"",IF(OR(AND($C10<>"Marchbank Instruments",$C10<>"Slateford Media"),AND($D10<>"Somali",$D10<>"Pashto"),AND($J10<>"Completed",$J10<>"Patient no-show",$J10<>"Cancelled by clinic",$J10<>"Cancelled by vendor")),"OUT OF SCOPE",IF(OR($A10="",$B10="",$C10="",$D10="",$E10="",$F10="",$G10="",$J10="",$K10="",AND(OR($J10="Cancelled by clinic",$J10="Cancelled by vendor"),OR($H10="",$I10=""))),"REVIEW",IF(ABS($O10)>0.01,"REVIEW","OK"))))
L11: =IF(OR($C11="",$E11="",$F11="",$G11="",$J11=""),"",IF($J11="Completed",MAX(IF($C11="Marchbank Instruments",'Contract Rates'!$G$6,'Contract Rates'!$G$7),CEILING(($G11-$F11)*1440,IF($C11="Marchbank Instruments",'Contract Rates'!$H$6,'Contract Rates'!$H$7))),IF($J11="Patient no-show",IF($C11="Marchbank Instruments",IF($C11="Marchbank Instruments",'Contract Rates'!$G$6,'Contract Rates'!$G$7),0),IF($J11="Cancelled by clinic",IF(OR($H11="",$I11=""),"",IF((($H11+$I11)>(($E11+$F11)-IF($C11="Marchbank Instruments",'Contract Rates'!$I$6,'Contract Rates'!$I$7)/24)),IF($C11="Marchbank Instruments",'Contract Rates'!$G$6,'Contract Rates'!$G$7),0)),IF($J11="Cancelled by vendor",0,""))))) | M11: =IF(OR(OR($C11="",$E11="",$F11="",$G11="",$J11=""),$L11=""),"",IF($L11=0,0,IF($C11="Marchbank Instruments",'Contract Rates'!$E$6,'Contract Rates'!$E$7)*IF(AND(NOT(AND($C11="Slateford Media",$J11="Cancelled by clinic")),IF($C11="Marchbank Instruments",OR(WEEKDAY($E11,2)>5,$F11<TIME(8,0,0),$F11>=TIME(18,0,0)),OR(WEEKDAY($E11,2)>5,$F11<TIME(7,30,0),$F11>=TIME(18,30,0)))),IF($C11="Marchbank Instruments",'Contract Rates'!$F$6,'Contract Rates'!$F$7),1))) | N11: =IF(OR($L11="",$M11=""),"",$L11*$M11*IF(AND($C11="Slateford Media",$J11="Cancelled by clinic",$L11>0),0.5,1)) | O11: =IF(OR($K11="",$N11=""),"",$K11-$N11) | P11: =IF(OR($C11="",$E11="",$F11="",$G11="",$J11=""),"",IF($J11="Completed",IF($C11="Marchbank Instruments",'Contract Rates'!$L$6,'Contract Rates'!$L$7)&" + "&IF($C11="Marchbank Instruments",'Contract Rates'!$M$6,'Contract Rates'!$M$7)&IF(IF($C11="Marchbank Instruments",OR(WEEKDAY($E11,2)>5,$F11<TIME(8,0,0),$F11>=TIME(18,0,0)),OR(WEEKDAY($E11,2)>5,$F11<TIME(7,30,0),$F11>=TIME(18,30,0)))," + "&IF($C11="Marchbank Instruments",'Contract Rates'!$N$6,'Contract Rates'!$N$7),""),IF($J11="Patient no-show",IF($C11="Marchbank Instruments",IF($C11="Marchbank Instruments",'Contract Rates'!$L$6,'Contract Rates'!$L$7)&" + "&IF($C11="Marchbank Instruments",'Contract Rates'!$M$6,'Contract Rates'!$M$7)&IF(IF($C11="Marchbank Instruments",OR(WEEKDAY($E11,2)>5,$F11<TIME(8,0,0),$F11>=TIME(18,0,0)),OR(WEEKDAY($E11,2)>5,$F11<TIME(7,30,0),$F11>=TIME(18,30,0)))," + "&IF($C11="Marchbank Instruments",'Contract Rates'!$N$6,'Contract Rates'!$N$7),"")&" + "&IF($C11="Marchbank Instruments",'Contract Rates'!$P$6,'Contract Rates'!$P$7),IF($C11="Marchbank Instruments",'Contract Rates'!$P$6,'Contract Rates'!$P$7)),IF($J11="Cancelled by clinic",IF(OR($H11="",$I11=""),"",IF((($H11+$I11)>(($E11+$F11)-IF($C11="Marchbank Instruments",'Contract Rates'!$I$6,'Contract Rates'!$I$7)/24)),IF($C11="Marchbank Instruments",IF($C11="Marchbank Instruments",'Contract Rates'!$L$6,'Contract Rates'!$L$7)&" + "&IF($C11="Marchbank Instruments",'Contract Rates'!$M$6,'Contract Rates'!$M$7)&IF(IF($C11="Marchbank Instruments",OR(WEEKDAY($E11,2)>5,$F11<TIME(8,0,0),$F11>=TIME(18,0,0)),OR(WEEKDAY($E11,2)>5,$F11<TIME(7,30,0),$F11>=TIME(18,30,0)))," + "&IF($C11="Marchbank Instruments",'Contract Rates'!$N$6,'Contract Rates'!$N$7),"")&" + "&IF($C11="Marchbank Instruments",'Contract Rates'!$O$6,'Contract Rates'!$O$7),IF($C11="Marchbank Instruments",'Contract Rates'!$O$6,'Contract Rates'!$O$7)),IF($C11="Marchbank Instruments",'Contract Rates'!$O$6,'Contract Rates'!$O$7))),IF($J11="Cancelled by vendor",IF($C11="Marchbank Instruments",'Contract Rates'!$O$6,'Contract Rates'!$O$7),""))))) | Q11: =IF(COUNTA($A11:$K11,$R11)=0,"",IF(OR(AND($C11<>"Marchbank Instruments",$C11<>"Slateford Media"),AND($D11<>"Somali",$D11<>"Pashto"),AND($J11<>"Completed",$J11<>"Patient no-show",$J11<>"Cancelled by clinic",$J11<>"Cancelled by vendor")),"OUT OF SCOPE",IF(OR($A11="",$B11="",$C11="",$D11="",$E11="",$F11="",$G11="",$J11="",$K11="",AND(OR($J11="Cancelled by clinic",$J11="Cancelled by vendor"),OR($H11="",$I11=""))),"REVIEW",IF(ABS($O11)>0.01,"REVIEW","OK"))))
L12: =IF(OR($C12="",$E12="",$F12="",$G12="",$J12=""),"",IF($J12="Completed",MAX(IF($C12="Marchbank Instruments",'Contract Rates'!$G$6,'Contract Rates'!$G$7),CEILING(($G12-$F12)*1440,IF($C12="Marchbank Instruments",'Contract Rates'!$H$6,'Contract Rates'!$H$7))),IF($J12="Patient no-show",IF($C12="Marchbank Instruments",IF($C12="Marchbank Instruments",'Contract Rates'!$G$6,'Contract Rates'!$G$7),0),IF($J12="Cancelled by clinic",IF(OR($H12="",$I12=""),"",IF((($H12+$I12)>(($E12+$F12)-IF($C12="Marchbank Instruments",'Contract Rates'!$I$6,'Contract Rates'!$I$7)/24)),IF($C12="Marchbank Instruments",'Contract Rates'!$G$6,'Contract Rates'!$G$7),0)),IF($J12="Cancelled by vendor",0,""))))) | M12: =IF(OR(OR($C12="",$E12="",$F12="",$G12="",$J12=""),$L12=""),"",IF($L12=0,0,IF($C12="Marchbank Instruments",'Contract Rates'!$E$6,'Contract Rates'!$E$7)*IF(AND(NOT(AND($C12="Slateford Media",$J12="Cancelled by clinic")),IF($C12="Marchbank Instruments",OR(WEEKDAY($E12,2)>5,$F12<TIME(8,0,0),$F12>=TIME(18,0,0)),OR(WEEKDAY($E12,2)>5,$F12<TIME(7,30,0),$F12>=TIME(18,30,0)))),IF($C12="Marchbank Instruments",'Contract Rates'!$F$6,'Contract Rates'!$F$7),1))) | N12: =IF(OR($L12="",$M12=""),"",$L12*$M12*IF(AND($C12="Slateford Media",$J12="Cancelled by clinic",$L12>0),0.5,1)) | O12: =IF(OR($K12="",$N12=""),"",$K12-$N12) | P12: =IF(OR($C12="",$E12="",$F12="",$G12="",$J12=""),"",IF($J12="Completed",IF($C12="Marchbank Instruments",'Contract Rates'!$L$6,'Contract Rates'!$L$7)&" + "&IF($C12="Marchbank Instruments",'Contract Rates'!$M$6,'Contract Rates'!$M$7)&IF(IF($C12="Marchbank Instruments",OR(WEEKDAY($E12,2)>5,$F12<TIME(8,0,0),$F12>=TIME(18,0,0)),OR(WEEKDAY($E12,2)>5,$F12<TIME(7,30,0),$F12>=TIME(18,30,0)))," + "&IF($C12="Marchbank Instruments",'Contract Rates'!$N$6,'Contract Rates'!$N$7),""),IF($J12="Patient no-show",IF($C12="Marchbank Instruments",IF($C12="Marchbank Instruments",'Contract Rates'!$L$6,'Contract Rates'!$L$7)&" + "&IF($C12="Marchbank Instruments",'Contract Rates'!$M$6,'Contract Rates'!$M$7)&IF(IF($C12="Marchbank Instruments",OR(WEEKDAY($E12,2)>5,$F12<TIME(8,0,0),$F12>=TIME(18,0,0)),OR(WEEKDAY($E12,2)>5,$F12<TIME(7,30,0),$F12>=TIME(18,30,0)))," + "&IF($C12="Marchbank Instruments",'Contract Rates'!$N$6,'Contract Rates'!$N$7),"")&" + "&IF($C12="Marchbank Instruments",'Contract Rates'!$P$6,'Contract Rates'!$P$7),IF($C12="Marchbank Instruments",'Contract Rates'!$P$6,'Contract Rates'!$P$7)),IF($J12="Cancelled by clinic",IF(OR($H12="",$I12=""),"",IF((($H12+$I12)>(($E12+$F12)-IF($C12="Marchbank Instruments",'Contract Rates'!$I$6,'Contract Rates'!$I$7)/24)),IF($C12="Marchbank Instruments",IF($C12="Marchbank Instruments",'Contract Rates'!$L$6,'Contract Rates'!$L$7)&" + "&IF($C12="Marchbank Instruments",'Contract Rates'!$M$6,'Contract Rates'!$M$7)&IF(IF($C12="Marchbank Instruments",OR(WEEKDAY($E12,2)>5,$F12<TIME(8,0,0),$F12>=TIME(18,0,0)),OR(WEEKDAY($E12,2)>5,$F12<TIME(7,30,0),$F12>=TIME(18,30,0)))," + "&IF($C12="Marchbank Instruments",'Contract Rates'!$N$6,'Contract Rates'!$N$7),"")&" + "&IF($C12="Marchbank Instruments",'Contract Rates'!$O$6,'Contract Rates'!$O$7),IF($C12="Marchbank Instruments",'Contract Rates'!$O$6,'Contract Rates'!$O$7)),IF($C12="Marchbank Instruments",'Contract Rates'!$O$6,'Contract Rates'!$O$7))),IF($J12="Cancelled by vendor",IF($C12="Marchbank Instruments",'Contract Rates'!$O$6,'Contract Rates'!$O$7),""))))) | Q12: =IF(COUNTA($A12:$K12,$R12)=0,"",IF(OR(AND($C12<>"Marchbank Instruments",$C12<>"Slateford Media"),AND($D12<>"Somali",$D12<>"Pashto"),AND($J12<>"Completed",$J12<>"Patient no-show",$J12<>"Cancelled by clinic",$J12<>"Cancelled by vendor")),"OUT OF SCOPE",IF(OR($A12="",$B12="",$C12="",$D12="",$E12="",$F12="",$G12="",$J12="",$K12="",AND(OR($J12="Cancelled by clinic",$J12="Cancelled by vendor"),OR($H12="",$I12=""))),"REVIEW",IF(ABS($O12)>0.01,"REVIEW","OK"))))
L13: =IF(OR($C13="",$E13="",$F13="",$G13="",$J13=""),"",IF($J13="Completed",MAX(IF($C13="Marchbank Instruments",'Contract Rates'!$G$6,'Contract Rates'!$G$7),CEILING(($G13-$F13)*1440,IF($C13="Marchbank Instruments",'Contract Rates'!$H$6,'Contract Rates'!$H$7))),IF($J13="Patient no-show",IF($C13="Marchbank Instruments",IF($C13="Marchbank Instruments",'Contract Rates'!$G$6,'Contract Rates'!$G$7),0),IF($J13="Cancelled by clinic",IF(OR($H13="",$I13=""),"",IF((($H13+$I13)>(($E13+$F13)-IF($C13="Marchbank Instruments",'Contract Rates'!$I$6,'Contract Rates'!$I$7)/24)),IF($C13="Marchbank Instruments",'Contract Rates'!$G$6,'Contract Rates'!$G$7),0)),IF($J13="Cancelled by vendor",0,""))))) | M13: =IF(OR(OR($C13="",$E13="",$F13="",$G13="",$J13=""),$L13=""),"",IF($L13=0,0,IF($C13="Marchbank Instruments",'Contract Rates'!$E$6,'Contract Rates'!$E$7)*IF(AND(NOT(AND($C13="Slateford Media",$J13="Cancelled by clinic")),IF($C13="Marchbank Instruments",OR(WEEKDAY($E13,2)>5,$F13<TIME(8,0,0),$F13>=TIME(18,0,0)),OR(WEEKDAY($E13,2)>5,$F13<TIME(7,30,0),$F13>=TIME(18,30,0)))),IF($C13="Marchbank Instruments",'Contract Rates'!$F$6,'Contract Rates'!$F$7),1))) | N13: =IF(OR($L13="",$M13=""),"",$L13*$M13*IF(AND($C13="Slateford Media",$J13="Cancelled by clinic",$L13>0),0.5,1)) | O13: =IF(OR($K13="",$N13=""),"",$K13-$N13) | P13: =IF(OR($C13="",$E13="",$F13="",$G13="",$J13=""),"",IF($J13="Completed",IF($C13="Marchbank Instruments",'Contract Rates'!$L$6,'Contract Rates'!$L$7)&" + "&IF($C13="Marchbank Instruments",'Contract Rates'!$M$6,'Contract Rates'!$M$7)&IF(IF($C13="Marchbank Instruments",OR(WEEKDAY($E13,2)>5,$F13<TIME(8,0,0),$F13>=TIME(18,0,0)),OR(WEEKDAY($E13,2)>5,$F13<TIME(7,30,0),$F13>=TIME(18,30,0)))," + "&IF($C13="Marchbank Instruments",'Contract Rates'!$N$6,'Contract Rates'!$N$7),""),IF($J13="Patient no-show",IF($C13="Marchbank Instruments",IF($C13="Marchbank Instruments",'Contract Rates'!$L$6,'Contract Rates'!$L$7)&" + "&IF($C13="Marchbank Instruments",'Contract Rates'!$M$6,'Contract Rates'!$M$7)&IF(IF($C13="Marchbank Instruments",OR(WEEKDAY($E13,2)>5,$F13<TIME(8,0,0),$F13>=TIME(18,0,0)),OR(WEEKDAY($E13,2)>5,$F13<TIME(7,30,0),$F13>=TIME(18,30,0)))," + "&IF($C13="Marchbank Instruments",'Contract Rates'!$N$6,'Contract Rates'!$N$7),"")&" + "&IF($C13="Marchbank Instruments",'Contract Rates'!$P$6,'Contract Rates'!$P$7),IF($C13="Marchbank Instruments",'Contract Rates'!$P$6,'Contract Rates'!$P$7)),IF($J13="Cancelled by clinic",IF(OR($H13="",$I13=""),"",IF((($H13+$I13)>(($E13+$F13)-IF($C13="Marchbank Instruments",'Contract Rates'!$I$6,'Contract Rates'!$I$7)/24)),IF($C13="Marchbank Instruments",IF($C13="Marchbank Instruments",'Contract Rates'!$L$6,'Contract Rates'!$L$7)&" + "&IF($C13="Marchbank Instruments",'Contract Rates'!$M$6,'Contract Rates'!$M$7)&IF(IF($C13="Marchbank Instruments",OR(WEEKDAY($E13,2)>5,$F13<TIME(8,0,0),$F13>=TIME(18,0,0)),OR(WEEKDAY($E13,2)>5,$F13<TIME(7,30,0),$F13>=TIME(18,30,0)))," + "&IF($C13="Marchbank Instruments",'Contract Rates'!$N$6,'Contract Rates'!$N$7),"")&" + "&IF($C13="Marchbank Instruments",'Contract Rates'!$O$6,'Contract Rates'!$O$7),IF($C13="Marchbank Instruments",'Contract Rates'!$O$6,'Contract Rates'!$O$7)),IF($C13="Marchbank Instruments",'Contract Rates'!$O$6,'Contract Rates'!$O$7))),IF($J13="Cancelled by vendor",IF($C13="Marchbank Instruments",'Contract Rates'!$O$6,'Contract Rates'!$O$7),""))))) | Q13: =IF(COUNTA($A13:$K13,$R13)=0,"",IF(OR(AND($C13<>"Marchbank Instruments",$C13<>"Slateford Media"),AND($D13<>"Somali",$D13<>"Pashto"),AND($J13<>"Completed",$J13<>"Patient no-show",$J13<>"Cancelled by clinic",$J13<>"Cancelled by vendor")),"OUT OF SCOPE",IF(OR($A13="",$B13="",$C13="",$D13="",$E13="",$F13="",$G13="",$J13="",$K13="",AND(OR($J13="Cancelled by clinic",$J13="Cancelled by vendor"),OR($H13="",$I13=""))),"REVIEW",IF(ABS($O13)>0.01,"REVIEW","OK"))))
L14: =IF(OR($C14="",$E14="",$F14="",$G14="",$J14=""),"",IF($J14="Completed",MAX(IF($C14="Marchbank Instruments",'Contract Rates'!$G$6,'Contract Rates'!$G$7),CEILING(($G14-$F14)*1440,IF($C14="Marchbank Instruments",'Contract Rates'!$H$6,'Contract Rates'!$H$7))),IF($J14="Patient no-show",IF($C14="Marchbank Instruments",IF($C14="Marchbank Instruments",'Contract Rates'!$G$6,'Contract Rates'!$G$7),0),IF($J14="Cancelled by clinic",IF(OR($H14="",$I14=""),"",IF((($H14+$I14)>(($E14+$F14)-IF($C14="Marchbank Instruments",'Contract Rates'!$I$6,'Contract Rates'!$I$7)/24)),IF($C14="Marchbank Instruments",'Contract Rates'!$G$6,'Contract Rates'!$G$7),0)),IF($J14="Cancelled by vendor",0,""))))) | M14: =IF(OR(OR($C14="",$E14="",$F14="",$G14="",$J14=""),$L14=""),"",IF($L14=0,0,IF($C14="Marchbank Instruments",'Contract Rates'!$E$6,'Contract Rates'!$E$7)*IF(AND(NOT(AND($C14="Slateford Media",$J14="Cancelled by clinic")),IF($C14="Marchbank Instruments",OR(WEEKDAY($E14,2)>5,$F14<TIME(8,0,0),$F14>=TIME(18,0,0)),OR(WEEKDAY($E14,2)>5,$F14<TIME(7,30,0),$F14>=TIME(18,30,0)))),IF($C14="Marchbank Instruments",'Contract Rates'!$F$6,'Contract Rates'!$F$7),1))) | N14: =IF(OR($L14="",$M14=""),"",$L14*$M14*IF(AND($C14="Slateford Media",$J14="Cancelled by clinic",$L14>0),0.5,1)) | O14: =IF(OR($K14="",$N14=""),"",$K14-$N14) | P14: =IF(OR($C14="",$E14="",$F14="",$G14="",$J14=""),"",IF($J14="Completed",IF($C14="Marchbank Instruments",'Contract Rates'!$L$6,'Contract Rates'!$L$7)&" + "&IF($C14="Marchbank Instruments",'Contract Rates'!$M$6,'Contract Rates'!$M$7)&IF(IF($C14="Marchbank Instruments",OR(WEEKDAY($E14,2)>5,$F14<TIME(8,0,0),$F14>=TIME(18,0,0)),OR(WEEKDAY($E14,2)>5,$F14<TIME(7,30,0),$F14>=TIME(18,30,0)))," + "&IF($C14="Marchbank Instruments",'Contract Rates'!$N$6,'Contract Rates'!$N$7),""),IF($J14="Patient no-show",IF($C14="Marchbank Instruments",IF($C14="Marchbank Instruments",'Contract Rates'!$L$6,'Contract Rates'!$L$7)&" + "&IF($C14="Marchbank Instruments",'Contract Rates'!$M$6,'Contract Rates'!$M$7)&IF(IF($C14="Marchbank Instruments",OR(WEEKDAY($E14,2)>5,$F14<TIME(8,0,0),$F14>=TIME(18,0,0)),OR(WEEKDAY($E14,2)>5,$F14<TIME(7,30,0),$F14>=TIME(18,30,0)))," + "&IF($C14="Marchbank Instruments",'Contract Rates'!$N$6,'Contract Rates'!$N$7),"")&" + "&IF($C14="Marchbank Instruments",'Contract Rates'!$P$6,'Contract Rates'!$P$7),IF($C14="Marchbank Instruments",'Contract Rates'!$P$6,'Contract Rates'!$P$7)),IF($J14="Cancelled by clinic",IF(OR($H14="",$I14=""),"",IF((($H14+$I14)>(($E14+$F14)-IF($C14="Marchbank Instruments",'Contract Rates'!$I$6,'Contract Rates'!$I$7)/24)),IF($C14="Marchbank Instruments",IF($C14="Marchbank Instruments",'Contract Rates'!$L$6,'Contract Rates'!$L$7)&" + "&IF($C14="Marchbank Instruments",'Contract Rates'!$M$6,'Contract Rates'!$M$7)&IF(IF($C14="Marchbank Instruments",OR(WEEKDAY($E14,2)>5,$F14<TIME(8,0,0),$F14>=TIME(18,0,0)),OR(WEEKDAY($E14,2)>5,$F14<TIME(7,30,0),$F14>=TIME(18,30,0)))," + "&IF($C14="Marchbank Instruments",'Contract Rates'!$N$6,'Contract Rates'!$N$7),"")&" + "&IF($C14="Marchbank Instruments",'Contract Rates'!$O$6,'Contract Rates'!$O$7),IF($C14="Marchbank Instruments",'Contract Rates'!$O$6,'Contract Rates'!$O$7)),IF($C14="Marchbank Instruments",'Contract Rates'!$O$6,'Contract Rates'!$O$7))),IF($J14="Cancelled by vendor",IF($C14="Marchbank Instruments",'Contract Rates'!$O$6,'Contract Rates'!$O$7),""))))) | Q14: =IF(COUNTA($A14:$K14,$R14)=0,"",IF(OR(AND($C14<>"Marchbank Instruments",$C14<>"Slateford Media"),AND($D14<>"Somali",$D14<>"Pashto"),AND($J14<>"Completed",$J14<>"Patient no-show",$J14<>"Cancelled by clinic",$J14<>"Cancelled by vendor")),"OUT OF SCOPE",IF(OR($A14="",$B14="",$C14="",$D14="",$E14="",$F14="",$G14="",$J14="",$K14="",AND(OR($J14="Cancelled by clinic",$J14="Cancelled by vendor"),OR($H14="",$I14=""))),"REVIEW",IF(ABS($O14)>0.01,"REVIEW","OK"))))
L15: =IF(OR($C15="",$E15="",$F15="",$G15="",$J15=""),"",IF($J15="Completed",MAX(IF($C15="Marchbank Instruments",'Contract Rates'!$G$6,'Contract Rates'!$G$7),CEILING(($G15-$F15)*1440,IF($C15="Marchbank Instruments",'Contract Rates'!$H$6,'Contract Rates'!$H$7))),IF($J15="Patient no-show",IF($C15="Marchbank Instruments",IF($C15="Marchbank Instruments",'Contract Rates'!$G$6,'Contract Rates'!$G$7),0),IF($J15="Cancelled by clinic",IF(OR($H15="",$I15=""),"",IF((($H15+$I15)>(($E15+$F15)-IF($C15="Marchbank Instruments",'Contract Rates'!$I$6,'Contract Rates'!$I$7)/24)),IF($C15="Marchbank Instruments",'Contract Rates'!$G$6,'Contract Rates'!$G$7),0)),IF($J15="Cancelled by vendor",0,""))))) | M15: =IF(OR(OR($C15="",$E15="",$F15="",$G15="",$J15=""),$L15=""),"",IF($L15=0,0,IF($C15="Marchbank Instruments",'Contract Rates'!$E$6,'Contract Rates'!$E$7)*IF(AND(NOT(AND($C15="Slateford Media",$J15="Cancelled by clinic")),IF($C15="Marchbank Instruments",OR(WEEKDAY($E15,2)>5,$F15<TIME(8,0,0),$F15>=TIME(18,0,0)),OR(WEEKDAY($E15,2)>5,$F15<TIME(7,30,0),$F15>=TIME(18,30,0)))),IF($C15="Marchbank Instruments",'Contract Rates'!$F$6,'Contract Rates'!$F$7),1))) | N15: =IF(OR($L15="",$M15=""),"",$L15*$M15*IF(AND($C15="Slateford Media",$J15="Cancelled by clinic",$L15>0),0.5,1)) | O15: =IF(OR($K15="",$N15=""),"",$K15-$N15) | P15: =IF(OR($C15="",$E15="",$F15="",$G15="",$J15=""),"",IF($J15="Completed",IF($C15="Marchbank Instruments",'Contract Rates'!$L$6,'Contract Rates'!$L$7)&" + "&IF($C15="Marchbank Instruments",'Contract Rates'!$M$6,'Contract Rates'!$M$7)&IF(IF($C15="Marchbank Instruments",OR(WEEKDAY($E15,2)>5,$F15<TIME(8,0,0),$F15>=TIME(18,0,0)),OR(WEEKDAY($E15,2)>5,$F15<TIME(7,30,0),$F15>=TIME(18,30,0)))," + "&IF($C15="Marchbank Instruments",'Contract Rates'!$N$6,'Contract Rates'!$N$7),""),IF($J15="Patient no-show",IF($C15="Marchbank Instruments",IF($C15="Marchbank Instruments",'Contract Rates'!$L$6,'Contract Rates'!$L$7)&" + "&IF($C15="Marchbank Instruments",'Contract Rates'!$M$6,'Contract Rates'!$M$7)&IF(IF($C15="Marchbank Instruments",OR(WEEKDAY($E15,2)>5,$F15<TIME(8,0,0),$F15>=TIME(18,0,0)),OR(WEEKDAY($E15,2)>5,$F15<TIME(7,30,0),$F15>=TIME(18,30,0)))," + "&IF($C15="Marchbank Instruments",'Contract Rates'!$N$6,'Contract Rates'!$N$7),"")&" + "&IF($C15="Marchbank Instruments",'Contract Rates'!$P$6,'Contract Rates'!$P$7),IF($C15="Marchbank Instruments",'Contract Rates'!$P$6,'Contract Rates'!$P$7)),IF($J15="Cancelled by clinic",IF(OR($H15="",$I15=""),"",IF((($H15+$I15)>(($E15+$F15)-IF($C15="Marchbank Instruments",'Contract Rates'!$I$6,'Contract Rates'!$I$7)/24)),IF($C15="Marchbank Instruments",IF($C15="Marchbank Instruments",'Contract Rates'!$L$6,'Contract Rates'!$L$7)&" + "&IF($C15="Marchbank Instruments",'Contract Rates'!$M$6,'Contract Rates'!$M$7)&IF(IF($C15="Marchbank Instruments",OR(WEEKDAY($E15,2)>5,$F15<TIME(8,0,0),$F15>=TIME(18,0,0)),OR(WEEKDAY($E15,2)>5,$F15<TIME(7,30,0),$F15>=TIME(18,30,0)))," + "&IF($C15="Marchbank Instruments",'Contract Rates'!$N$6,'Contract Rates'!$N$7),"")&" + "&IF($C15="Marchbank Instruments",'Contract Rates'!$O$6,'Contract Rates'!$O$7),IF($C15="Marchbank Instruments",'Contract Rates'!$O$6,'Contract Rates'!$O$7)),IF($C15="Marchbank Instruments",'Contract Rates'!$O$6,'Contract Rates'!$O$7))),IF($J15="Cancelled by vendor",IF($C15="Marchbank Instruments",'Contract Rates'!$O$6,'Contract Rates'!$O$7),""))))) | Q15: =IF(COUNTA($A15:$K15,$R15)=0,"",IF(OR(AND($C15<>"Marchbank Instruments",$C15<>"Slateford Media"),AND($D15<>"Somali",$D15<>"Pashto"),AND($J15<>"Completed",$J15<>"Patient no-show",$J15<>"Cancelled by clinic",$J15<>"Cancelled by vendor")),"OUT OF SCOPE",IF(OR($A15="",$B15="",$C15="",$D15="",$E15="",$F15="",$G15="",$J15="",$K15="",AND(OR($J15="Cancelled by clinic",$J15="Cancelled by vendor"),OR($H15="",$I15=""))),"REVIEW",IF(ABS($O15)>0.01,"REVIEW","OK"))))
L16: =IF(OR($C16="",$E16="",$F16="",$G16="",$J16=""),"",IF($J16="Completed",MAX(IF($C16="Marchbank Instruments",'Contract Rates'!$G$6,'Contract Rates'!$G$7),CEILING(($G16-$F16)*1440,IF($C16="Marchbank Instruments",'Contract Rates'!$H$6,'Contract Rates'!$H$7))),IF($J16="Patient no-show",IF($C16="Marchbank Instruments",IF($C16="Marchbank Instruments",'Contract Rates'!$G$6,'Contract Rates'!$G$7),0),IF($J16="Cancelled by clinic",IF(OR($H16="",$I16=""),"",IF((($H16+$I16)>(($E16+$F16)-IF($C16="Marchbank Instruments",'Contract Rates'!$I$6,'Contract Rates'!$I$7)/24)),IF($C16="Marchbank Instruments",'Contract Rates'!$G$6,'Contract Rates'!$G$7),0)),IF($J16="Cancelled by vendor",0,""))))) | M16: =IF(OR(OR($C16="",$E16="",$F16="",$G16="",$J16=""),$L16=""),"",IF($L16=0,0,IF($C16="Marchbank Instruments",'Contract Rates'!$E$6,'Contract Rates'!$E$7)*IF(AND(NOT(AND($C16="Slateford Media",$J16="Cancelled by clinic")),IF($C16="Marchbank Instruments",OR(WEEKDAY($E16,2)>5,$F16<TIME(8,0,0),$F16>=TIME(18,0,0)),OR(WEEKDAY($E16,2)>5,$F16<TIME(7,30,0),$F16>=TIME(18,30,0)))),IF($C16="Marchbank Instruments",'Contract Rates'!$F$6,'Contract Rates'!$F$7),1))) | N16: =IF(OR($L16="",$M16=""),"",$L16*$M16*IF(AND($C16="Slateford Media",$J16="Cancelled by clinic",$L16>0),0.5,1)) | O16: =IF(OR($K16="",$N16=""),"",$K16-$N16) | P16: =IF(OR($C16="",$E16="",$F16="",$G16="",$J16=""),"",IF($J16="Completed",IF($C16="Marchbank Instruments",'Contract Rates'!$L$6,'Contract Rates'!$L$7)&" + "&IF($C16="Marchbank Instruments",'Contract Rates'!$M$6,'Contract Rates'!$M$7)&IF(IF($C16="Marchbank Instruments",OR(WEEKDAY($E16,2)>5,$F16<TIME(8,0,0),$F16>=TIME(18,0,0)),OR(WEEKDAY($E16,2)>5,$F16<TIME(7,30,0),$F16>=TIME(18,30,0)))," + "&IF($C16="Marchbank Instruments",'Contract Rates'!$N$6,'Contract Rates'!$N$7),""),IF($J16="Patient no-show",IF($C16="Marchbank Instruments",IF($C16="Marchbank Instruments",'Contract Rates'!$L$6,'Contract Rates'!$L$7)&" + "&IF($C16="Marchbank Instruments",'Contract Rates'!$M$6,'Contract Rates'!$M$7)&IF(IF($C16="Marchbank Instruments",OR(WEEKDAY($E16,2)>5,$F16<TIME(8,0,0),$F16>=TIME(18,0,0)),OR(WEEKDAY($E16,2)>5,$F16<TIME(7,30,0),$F16>=TIME(18,30,0)))," + "&IF($C16="Marchbank Instruments",'Contract Rates'!$N$6,'Contract Rates'!$N$7),"")&" + "&IF($C16="Marchbank Instruments",'Contract Rates'!$P$6,'Contract Rates'!$P$7),IF($C16="Marchbank Instruments",'Contract Rates'!$P$6,'Contract Rates'!$P$7)),IF($J16="Cancelled by clinic",IF(OR($H16="",$I16=""),"",IF((($H16+$I16)>(($E16+$F16)-IF($C16="Marchbank Instruments",'Contract Rates'!$I$6,'Contract Rates'!$I$7)/24)),IF($C16="Marchbank Instruments",IF($C16="Marchbank Instruments",'Contract Rates'!$L$6,'Contract Rates'!$L$7)&" + "&IF($C16="Marchbank Instruments",'Contract Rates'!$M$6,'Contract Rates'!$M$7)&IF(IF($C16="Marchbank Instruments",OR(WEEKDAY($E16,2)>5,$F16<TIME(8,0,0),$F16>=TIME(18,0,0)),OR(WEEKDAY($E16,2)>5,$F16<TIME(7,30,0),$F16>=TIME(18,30,0)))," + "&IF($C16="Marchbank Instruments",'Contract Rates'!$N$6,'Contract Rates'!$N$7),"")&" + "&IF($C16="Marchbank Instruments",'Contract Rates'!$O$6,'Contract Rates'!$O$7),IF($C16="Marchbank Instruments",'Contract Rates'!$O$6,'Contract Rates'!$O$7)),IF($C16="Marchbank Instruments",'Contract Rates'!$O$6,'Contract Rates'!$O$7))),IF($J16="Cancelled by vendor",IF($C16="Marchbank Instruments",'Contract Rates'!$O$6,'Contract Rates'!$O$7),""))))) | Q16: =IF(COUNTA($A16:$K16,$R16)=0,"",IF(OR(AND($C16<>"Marchbank Instruments",$C16<>"Slateford Media"),AND($D16<>"Somali",$D16<>"Pashto"),AND($J16<>"Completed",$J16<>"Patient no-show",$J16<>"Cancelled by clinic",$J16<>"Cancelled by vendor")),"OUT OF SCOPE",IF(OR($A16="",$B16="",$C16="",$D16="",$E16="",$F16="",$G16="",$J16="",$K16="",AND(OR($J16="Cancelled by clinic",$J16="Cancelled by vendor"),OR($H16="",$I16=""))),"REVIEW",IF(ABS($O16)>0.01,"REVIEW","OK"))))
A17: Totals | K17: =SUBTOTAL(109,VerificationTable[Invoiced Amount]) | N17: =SUBTOTAL(109,VerificationTable[Expected Charge])

Sheet Clause Key
A1: Clause Key and Decision Rationale
A2: Every clause label returned by Verification is defined below. This sheet is retained with the invoice for audit traceability.
A4: Source clauses used by the calculation
A5: Clause label | B5: Plain-language meaning | C5: Verification fields affected | D5: Deterministic calculation or decision | E5: Review rationale
A6: M-01 Daytime rate | B6: $1.90 per billable minute for Marchbank daytime service. | C6: Applied Rate; Expected Charge; Applied Clause | D6: Base per-minute rate comes from Contract Rates. | E6: Use with M-02 and, if relevant, M-03.
A7: M-02 Minimum and increments | B7: Marchbank bills at least 30 minutes; above that, round up in 15-minute blocks. | C7: Expected Minutes; Expected Charge; Applied Clause | D7: Completed minutes = max(30, rounded-up elapsed duration to 15 minutes). | E7: A 45-minute completion remains 45 minutes.
A8: M-03 After-hours | B8: Marchbank uses 1.50× from 6:00 p.m.–8:00 a.m. weekdays and all weekend. | C8: Applied Rate; Expected Charge; Applied Clause | D8: Service Date plus Scheduled Start decides after-hours automatically. | E8: Saturday 6:50 p.m. is after-hours.
A9: M-04 Cancellation | B9: Marchbank clinic cancellation inside 24 hours bills 30 minutes at scheduled-time rate; otherwise, and for vendor cancellation, $0. | C9: Expected Minutes; Applied Rate; Expected Charge; Applied Clause | D9: Cancellation timestamp is compared to scheduled start minus 24 hours. | E9: Cancellation facts are required; a missing fact is REVIEW.
A10: M-05 Patient no-show | B10: Marchbank patient no-show bills 30 minutes at scheduled-time rate. | C10: Expected Minutes; Applied Rate; Expected Charge; Applied Clause | D10: No-show replaces completed duration rule with 30 minutes. | E10: A variance against this provision is REVIEW.
A11: S-01 Daytime rate | B11: $2.20 per billable minute for Slateford daytime service. | C11: Applied Rate; Expected Charge; Applied Clause | D11: Base per-minute rate comes from Contract Rates. | E11: Use with S-02 and, if relevant, S-03.
A12: S-02 Minimum and increments | B12: Slateford bills at least 30 minutes; above that, round up in 15-minute blocks. | C12: Expected Minutes; Expected Charge; Applied Clause | D12: Completed minutes = max(30, rounded-up elapsed duration to 15 minutes). | E12: A 45-minute completion remains 45 minutes.
A13: S-03 After-hours | B13: Slateford uses 1.25× from 6:30 p.m.–7:30 a.m. weekdays and all weekend. | C13: Applied Rate; Expected Charge; Applied Clause | D13: Service Date plus Scheduled Start decides after-hours automatically. | E13: Saturday 6:50 p.m. is after-hours.
A14: S-04 Cancellation | B14: Slateford clinic cancellation inside 24 hours bills 50% of 30-minute daytime minimum; otherwise, and for vendor cancellation, $0. | C14: Expected Minutes; Applied Rate; Expected Charge; Applied Clause | D14: The formula uses 30 minutes × daytime rate × 50% for a timely clinic cancellation. | E14: Cancellation facts are required; a missing fact is REVIEW.
A15: S-05 Patient no-show | B15: Slateford patient no-show is not billable. | C15: Expected Minutes; Applied Rate; Expected Charge; Applied Clause | D15: Expected Minutes, Applied Rate, and Expected Charge are $0. | E15: Any positive invoice amount creates REVIEW.
A17: Disposition key — use with the formula result
A18: Completed calls | B18: Enter scheduled date/start/end; the formula calculates minimum/increment minutes and any after-hours rate. A matching invoice is OK.
A19: Patient no-shows | B19: Marchbank is a 30-minute scheduled-time charge; Slateford is $0. The vendor-specific no-show clause is returned.
A20: Cancellation inside 24 hours | B20: Enter cancellation date/time. Marchbank bills 30 minutes at scheduled-time rate; Slateford bills half of a 30-minute daytime minimum.
A21: Cancellation at or outside 24 hours | B21: Expected Charge is $0 under both contracts. A nonzero invoice amount is REVIEW.
A22: OK | B22: All required fields are complete, the controlled terms are supported, and absolute variance is no more than $0.01.
A23: REVIEW | B23: Missing required facts or an absolute variance above $0.01. Resolve with Noor and invoice evidence before AP.
A24: OUT OF SCOPE | B24: Vendor, language, or outcome is outside the controlled list. This workbook cannot approve it without an authorised contract review.
