Workbook
Name ProductList: 'Hand-off Guide'!$J$3:$J$8
Name PackList: 'Hand-off Guide'!$K$3:$K$8

Sheet Buyer Order
A1: Tallow Creek Foods | Buyer Order
A3: Please enter quantities as CASES. Check the pack size (the number and selling unit in each case) before confirmation.
A5: Order date | D5: Buyer / business name
A6: Contact detail | D6: Collection reference
A8: Product | B8: Pack size (selling unit / case pack) | C8: Quantity of cases | D8: Unit price | E8: Line total | F8: Buyer confirmation
D9: =IFERROR(VLOOKUP(A9,'Hand-off Guide'!$J$3:$M$8,4,FALSE),"") | E9: =IF(OR(A9="",B9="",C9="",D9=""),"",C9*D9)
D10: =IFERROR(VLOOKUP(A10,'Hand-off Guide'!$J$3:$M$8,4,FALSE),"") | E10: =IF(OR(A10="",B10="",C10="",D10=""),"",C10*D10)
D11: =IFERROR(VLOOKUP(A11,'Hand-off Guide'!$J$3:$M$8,4,FALSE),"") | E11: =IF(OR(A11="",B11="",C11="",D11=""),"",C11*D11)
D12: =IFERROR(VLOOKUP(A12,'Hand-off Guide'!$J$3:$M$8,4,FALSE),"") | E12: =IF(OR(A12="",B12="",C12="",D12=""),"",C12*D12)
D13: =IFERROR(VLOOKUP(A13,'Hand-off Guide'!$J$3:$M$8,4,FALSE),"") | E13: =IF(OR(A13="",B13="",C13="",D13=""),"",C13*D13)
D14: =IFERROR(VLOOKUP(A14,'Hand-off Guide'!$J$3:$M$8,4,FALSE),"") | E14: =IF(OR(A14="",B14="",C14="",D14=""),"",C14*D14)
D15: =IFERROR(VLOOKUP(A15,'Hand-off Guide'!$J$3:$M$8,4,FALSE),"") | E15: =IF(OR(A15="",B15="",C15="",D15=""),"",C15*D15)
D16: =IFERROR(VLOOKUP(A16,'Hand-off Guide'!$J$3:$M$8,4,FALSE),"") | E16: =IF(OR(A16="",B16="",C16="",D16=""),"",C16*D16)
D17: =IFERROR(VLOOKUP(A17,'Hand-off Guide'!$J$3:$M$8,4,FALSE),"") | E17: =IF(OR(A17="",B17="",C17="",D17=""),"",C17*D17)
D18: =IFERROR(VLOOKUP(A18,'Hand-off Guide'!$J$3:$M$8,4,FALSE),"") | E18: =IF(OR(A18="",B18="",C18="",D18=""),"",C18*D18)
D20: Order total | E20: =IF(COUNT(E9:E18)=0,"",SUM(E9:E18))
A21: Buyer confirmation (sign after pack size and total are checked):
A23: Legend: yellow = enter / select; green = calculated; peach = incomplete or needs checking.
A25: Later completion — local convention for recording collection timing (leave blank until Fenella’s open decision is made).

Sheet Desk Control
A1: Tallow Creek Foods | Desk Control
A3: Retained desk copy: confirm product and case pack before collection; keep this sheet with the buyer order.
A5: Collection status | D5: Pack-size checked | G5: Desk confirmation
A6: Collection date / time | D6: Exception / correction note | G6: Desk total | H6: ='Buyer Order'!E20
A8: Control check | B8: =IF(OR(B5="",E5="",H5="",E6="",'Buyer Order'!E20="",'Buyer Order'!D21=""),"INCOMPLETE — check required fields",IF(E5="Not checked","CHECK PACK SIZE",IF(H5<>"Confirmed","DESK CONFIRMATION NEEDED","READY")))
A10: Variance to buyer order | B10: =IF(OR(H6="",'Buyer Order'!E20=""),"",H6-'Buyer Order'!E20)
A12: Legend: yellow = desk entry; green = linked/calculated; peach = incomplete, unchecked, or exception.

Sheet Hand-off Guide
A1: Hand-off Guide
J2: Product | K2: Pack size | L2: Selling unit | M2: Price per case
A3: Purpose | B3: Use Buyer Order at the counter; retain Desk Control to confirm the case pack and manage collection. | J3: Riverside Basmati Rice | K3: 10 x 1 kg bags | L3: bag | M3: 28.5
A4: Buyer Order | B4: Enter yellow cells: order date, buyer/business, contact, collection reference, product, pack size, cases, and confirmation. Green cells calculate unit price, line totals, and order total. | J4: North Quay Tomato Passata | K4: 12 x 700 ml bottles | L4: bottle | M4: 24
A5: Desk Control | B5: Enter yellow status, pack-size check, desk confirmation, collection timing, and any exception/correction note. Desk total links to Buyer Order. | J5: Harbour Chickpeas | K5: 24 x 400 g tins | L5: tin | M5: 19.2
A6: Controlled choices | B6: Collection status: Awaiting confirmation; Confirmed; Ready for collection; Collected. Pack-size checked: Not checked or Checked. | J6: Meadow Sunflower Oil | K6: 6 x 2 litre bottles | L6: bottle | M6: 31.5
A7: Pack-size check | B7: Quantities are cases. Before confirmation, compare the selected pack size (selling unit and case pack) with what the buyer means. Peach flags show missing or unchecked information. | J7: Old Mill Plain Flour | K7: 5 x 5 kg bags | L7: bag | M7: 17.75
A8: Inputs and formulas | B8: Yellow cells are inputs/selections. Green cells are calculated or linked; do not overwrite them. No macros, external links, or online connection are required. | J8: Crown Sugar | K8: 10 x 1 kg bags | L8: bag | M8: 14
A9: Later completion | B9: The shaded Later completion area on Buyer Order is intentionally blank for Fenella’s unresolved local collection-timing convention. Complete only after that decision is made.
A10: Catalog discipline | B10: Use only catalog products and pack sizes. Do not add unsupported catalog facts.
