Workbook

Sheet Committee Memo
A1: Case-Linkage Memo | Furniture Order Review
A2: To: Halvard Bruun and Corvale State Employment Bureau Occupational Health Committee
A3: Prepared by: Dessa Okonjo, Administrative Services Manager | Review date: 01-Dec-2025
A4: Source: corvale_ohs_case_register.xlsx | Scope: six field offices, 14 ergonomic complaints and 3 accommodation requests over 11 months (Jan-Nov 2025), after source-key de-duplication.
A6: Committee conclusion
A7: The records support a bounded, furniture-related connection: 8 distinct cases are at one of the four offices that received Sit-Stand Pro S2 from delivery lot LOT-24-09 and identify that model/lot in the authoritative case fields. The remaining 9 distinct cases are outside that supported office/model/lot population and should not be treated as one incident. The shared model and lot are an observed association, not proof that every linked case has one cause, a mechanical defect, or a medical diagnosis.
A9: Evidence and counts
A10: Distinct source events counted | B10: 17
A11: Ergonomic complaints | B11: 14
A12: Accommodation requests | B12: 3
A13: Linked to Sit-Stand Pro S2 / LOT-24-09 at receiving office | B13: 8
A14: Unlinked / outside supported population | B14: 9
A15: Receiving offices for identified lot | B15: 4
A16: All offices in source population | B16: 6
A18: Linked rate = 8 / 17 = 47.1% of distinct events; denominator is distinct Case ID + Event Date keys.
A20: What the evidence does and does not establish
A21: Supports: a reproducible pattern in the four receiving offices and the identified Sit-Stand Pro S2 / LOT-24-09 fields, including both complaints and accommodation requests. Does not establish: a defect, failure mode, medical diagnosis, or that the other nine cases share the same cause.
A23: Action before the next bulk order
A24: Before release in three weeks, ask procurement and the four receiving offices to confirm the LOT-24-09 workstation inventory and review the 8 linked case records in Case Evidence. Preserve the current evidence, obtain any available installation/adjustment records, and route unresolved cases through the committee’s normal ergonomic review. This is a targeted review, not a finding that the furniture is defective or a basis to characterize all 17 events as one problem.
A26: Method and source-handling note
A27: Authoritative fields used: Case ID, Event Date, Office, Case Type, Body Area / Task or Request, Status / Disposition, Workstation Model, Delivery Lot, and source references. Distinct-event key is the source-stated combination of Case ID + Event Date; overlapping rows C-1005 / 29-May-2025 and C-1011 / 06-Nov-2025 are shown in Case Evidence and counted once. The residual formula error in the source’s retired helper area was ignored and not propagated. The clearly labeled retired helper column was not used; linkage classifications were recomputed from authoritative office, model, lot, and delivery records. Unsupported diagnosis/defect fields are left unfilled.
A29: See Case Evidence for source-level traceability and Office & Delivery for the six-office receiving comparison.

Sheet Case Evidence
A1: Case Evidence | authoritative source fields and linkage treatment
A2: Raw source rows are retained for traceability; headline counts use one row per distinct Case ID + Event Date key.
A4: Case ID | B4: Event Date | C4: Office | D4: Case Type | E4: Body Area / Task or Request | F4: Status / Disposition | G4: Source Note / Record Ref | H4: Workstation Model | I4: Delivery Lot | J4: Source Key | K4: Row Treatment | L4: Linkage Classification | M4: Why linked / why outside pattern
A5: C-1001 | B5: 45671 | C5: Northfield Field Office | D5: Ergonomic complaint | E5: Low back discomfort during seated filing | F5: Open | G5: Intake note 1001 | H5: FixedDesk F1 | I5: LOT-24-07 | J5: C-1001 | 2025-01-14 | K5: Distinct event - counted | L5: Unlinked | M5: Office, model, or lot outside supported four-office LOT-24-09 population
A6: C-1002 | B6: 45691 | C6: Eastgate Field Office | D6: Ergonomic complaint | E6: Shoulder fatigue while adjusting monitor height | F6: Closed - adjustment | G6: Intake note 1002 | H6: Sit-Stand Pro S2 | I6: LOT-24-09 | J6: C-1002 | 2025-02-03 | K6: Distinct event - counted | L6: Linked | M6: Receiving office + authoritative model/lot match
A7: C-1003 | B7: 45734 | C7: Lakeside Field Office | D7: Ergonomic complaint | E7: Wrist strain during keyboarding | F7: Open | G7: Intake note 1003 | H7: FixedDesk F1 | I7: LOT-24-07 | J7: C-1003 | 2025-03-18 | K7: Distinct event - counted | L7: Unlinked | M7: Office, model, or lot outside supported four-office LOT-24-09 population
A8: C-1004 | B8: 45769 | C8: Riverton Field Office | D8: Accommodation request | E8: Request for alternating sit/stand schedule | F8: Pending review | G8: Accommodation form 1004 | H8: Sit-Stand Pro S2 | I8: LOT-24-09 | J8: C-1004 | 2025-04-22 | K8: Distinct event - counted | L8: Linked | M8: Receiving office + authoritative model/lot match
A9: C-1005 | B9: 45806 | C9: Northfield Field Office | D9: Ergonomic complaint | E9: Neck fatigue reported after workstation change | F9: Open | G9: Intake note 1005 | H9: Sit-Stand Pro S2 | I9: LOT-24-09 | J9: C-1005 | 2025-05-29 | K9: Distinct event - counted | L9: Linked | M9: Receiving office + authoritative model/lot match
A10: C-1005 | B10: 45806 | C10: Northfield Field Office | D10: Ergonomic complaint | E10: Neck fatigue reported after workstation change | F10: Open | G10: Follow-up log 1005-B | H10: Sit-Stand Pro S2 | I10: LOT-24-09 | J10: C-1005 | 2025-05-29 | K10: Overlapping row - counted once | L10: Linked | M10: Receiving office + authoritative model/lot match
A11: C-1006 | B11: 45819 | C11: Eastgate Field Office | D11: Ergonomic complaint | E11: Forearm discomfort during extended data entry | F11: Under review | G11: Intake note 1006 | H11: Sit-Stand Pro S2 | I11: LOT-24-09 | J11: C-1006 | 2025-06-11 | K11: Distinct event - counted | L11: Linked | M11: Receiving office + authoritative model/lot match
A12: C-1007 | B12: 45846 | C12: Lakeside Field Office | D12: Accommodation request | E12: Request for monitor arm and sit/stand option | F12: Approved - pending install | G12: Accommodation form 1007 | H12: Sit-Stand Pro S2 | I12: LOT-24-09 | J12: C-1007 | 2025-07-08 | K12: Distinct event - counted | L12: Linked | M12: Receiving office + authoritative model/lot match
A13: C-1008 | B13: 45888 | C13: Riverton Field Office | D13: Ergonomic complaint | E13: Hip discomfort during prolonged sitting | F13: Open | G13: Intake note 1008 | H13: Sit-Stand Pro S2 | I13: LOT-24-09 | J13: C-1008 | 2025-08-19 | K13: Distinct event - counted | L13: Linked | M13: Receiving office + authoritative model/lot match
A14: C-1009 | B14: 45902 | C14: Westhaven Field Office | D14: Ergonomic complaint | E14: Low back discomfort during records work | F14: Closed - local adjustment | G14: Intake note 1009 | H14: FixedDesk F1 | I14: LOT-24-07 | J14: C-1009 | 2025-09-02 | K14: Distinct event - counted | L14: Unlinked | M14: Office, model, or lot outside supported four-office LOT-24-09 population
A15: C-1010 | B15: 45944 | C15: Southridge Field Office | D15: Ergonomic complaint | E15: Shoulder fatigue during counter service | F15: Open | G15: Intake note 1010 | H15: Sit-Stand Pro S1 | I15: LOT-24-06 | J15: C-1010 | 2025-10-14 | K15: Distinct event - counted | L15: Unlinked | M15: Office, model, or lot outside supported four-office LOT-24-09 population
A16: C-1011 | B16: 45967 | C16: Northfield Field Office | D16: Accommodation request | E16: Request for sit/stand schedule and footrest | F16: Pending review | G16: Committee copy 1011 | H16: Sit-Stand Pro S2 | I16: LOT-24-09 | J16: C-1011 | 2025-11-06 | K16: Distinct event - counted | L16: Linked | M16: Receiving office + authoritative model/lot match
... A23: C-1017 | B23: 45868 | C23: Eastgate Field Office | D23: Ergonomic complaint | E23: Shoulder fatigue while changing desk height | F23: Open | G23: Intake note 1017 | H23: Sit-Stand Pro S2 | I23: LOT-24-09 | J23: C-1017 | 2025-07-30 | K23: Distinct event - counted | L23: Linked | M23: Receiving office + authoritative model/lot match

Sheet Office & Delivery
A1: Office & Delivery Summary
A2: Delivery records and office counts are source-derived. Linked/unlinked counts use distinct events only.
A4: Delivery records
A5: Office | B5: Delivery Date | C5: Workstation Model | D5: Delivery Lot | E5: Units Received | F5: Source Record
A6: Northfield Field Office | B6: 45789 | C6: Sit-Stand Pro S2 | D6: LOT-24-09 | E6: 18 | F6: Receiving log DL-2409-NF
A7: Eastgate Field Office | B7: 45791 | C7: Sit-Stand Pro S2 | D7: LOT-24-09 | E7: 21 | F7: Receiving log DL-2409-EG
A8: Lakeside Field Office | B8: 45797 | C8: Sit-Stand Pro S2 | D8: LOT-24-09 | E8: 16 | F8: Receiving log DL-2409-LK
A9: Riverton Field Office | B9: 45799 | C9: Sit-Stand Pro S2 | D9: LOT-24-09 | E9: 19 | F9: Receiving log DL-2409-RV
A10: Westhaven Field Office | B10: 45749 | C10: FixedDesk F1 | D10: LOT-24-07 | E10: 12 | F10: Receiving log DL-2407-WH
A11: Southridge Field Office | B11: 45744 | C11: Sit-Stand Pro S1 | D11: LOT-24-06 | E11: 14 | F11: Receiving log DL-2406-SR
A14: Six-office population and distinct-event counts
A15: Office | B15: Received LOT-24-09? | C15: Delivery Date | D15: Distinct events | E15: Linked events | F15: Unlinked events
A16: Northfield Field Office | B16: Yes | C16: 45789 | D16: =COUNTIFS('Case Evidence'!$C$5:$C$23,A16,'Case Evidence'!$K$5:$K$23,"Distinct event - counted") -> 3 | E16: =COUNTIFS('Case Evidence'!$C$5:$C$23,A16,'Case Evidence'!$K$5:$K$23,"Distinct event - counted",'Case Evidence'!$L$5:$L$23,"Linked") -> 2 | F16: =D16-E16 -> 1
A17: Eastgate Field Office | B17: Yes | C17: 45791 | D17: =COUNTIFS('Case Evidence'!$C$5:$C$23,A17,'Case Evidence'!$K$5:$K$23,"Distinct event - counted") -> 4 | E17: =COUNTIFS('Case Evidence'!$C$5:$C$23,A17,'Case Evidence'!$K$5:$K$23,"Distinct event - counted",'Case Evidence'!$L$5:$L$23,"Linked") -> 3 | F17: =D17-E17 -> 1
A18: Lakeside Field Office | B18: Yes | C18: 45797 | D18: =COUNTIFS('Case Evidence'!$C$5:$C$23,A18,'Case Evidence'!$K$5:$K$23,"Distinct event - counted") -> 3 | E18: =COUNTIFS('Case Evidence'!$C$5:$C$23,A18,'Case Evidence'!$K$5:$K$23,"Distinct event - counted",'Case Evidence'!$L$5:$L$23,"Linked") -> 1 | F18: =D18-E18 -> 2
A19: Riverton Field Office | B19: Yes | C19: 45799 | D19: =COUNTIFS('Case Evidence'!$C$5:$C$23,A19,'Case Evidence'!$K$5:$K$23,"Distinct event - counted") -> 3 | E19: =COUNTIFS('Case Evidence'!$C$5:$C$23,A19,'Case Evidence'!$K$5:$K$23,"Distinct event - counted",'Case Evidence'!$L$5:$L$23,"Linked") -> 2 | F19: =D19-E19 -> 1
A20: Westhaven Field Office | B20: No | C20: 45749 | D20: =COUNTIFS('Case Evidence'!$C$5:$C$23,A20,'Case Evidence'!$K$5:$K$23,"Distinct event - counted") -> 2 | E20: =COUNTIFS('Case Evidence'!$C$5:$C$23,A20,'Case Evidence'!$K$5:$K$23,"Distinct event - counted",'Case Evidence'!$L$5:$L$23,"Linked") -> 0 | F20: =D20-E20 -> 2
A21: Southridge Field Office | B21: No | C21: 45744 | D21: =COUNTIFS('Case Evidence'!$C$5:$C$23,A21,'Case Evidence'!$K$5:$K$23,"Distinct event - counted") -> 2 | E21: =COUNTIFS('Case Evidence'!$C$5:$C$23,A21,'Case Evidence'!$K$5:$K$23,"Distinct event - counted",'Case Evidence'!$L$5:$L$23,"Linked") -> 0 | F21: =D21-E21 -> 2
A24: Period comparison (distinct events)
A25: Period (event date) | B25: Distinct events | C25: Linked events | D25: Unlinked events
A26: Earlier: 14-Jan-2025 to 31-May-2025 | B26: =COUNTIFS('Case Evidence'!$B$5:$B$23,">="&DATE(2025,1,1),'Case Evidence'!$B$5:$B$23,"<="&DATE(2025,5,31),'Case Evidence'!$K$5:$K$23,"Distinct event - counted") -> 9 | C26: =COUNTIFS('Case Evidence'!$B$5:$B$23,">="&DATE(2025,1,1),'Case Evidence'!$B$5:$B$23,"<="&DATE(2025,5,31),'Case Evidence'!$K$5:$K$23,"Distinct event - counted",'Case Evidence'!$L$5:$L$23,"Linked") -> 3 | D26: =B26-C26 -> 6
A27: Later: 01-Jun-2025 to 06-Nov-2025 | B27: =COUNTIFS('Case Evidence'!$B$5:$B$23,">="&DATE(2025,6,1),'Case Evidence'!$B$5:$B$23,"<="&DATE(2025,12,31),'Case Evidence'!$K$5:$K$23,"Distinct event - counted") -> 8 | C27: =COUNTIFS('Case Evidence'!$B$5:$B$23,">="&DATE(2025,6,1),'Case Evidence'!$B$5:$B$23,"<="&DATE(2025,12,31),'Case Evidence'!$K$5:$K$23,"Distinct event - counted",'Case Evidence'!$L$5:$L$23,"Linked") -> 5 | D27: =B27-C27 -> 3
A29: Interpretation: later-period events are more concentrated in the identified model/lot receiving offices, but the source does not establish causation.
