Workbook
Name DietaryProfiles: 'Reference Data'!$A$26:$A$28
Name Suppliers: 'Reference Data'!$B$26:$B$28
Name PreparationStatuses: 'Reference Data'!$C$26:$C$29
Name ApprovalStatuses: 'Reference Data'!$D$26:$D$28
Name BookingStatuses: 'Reference Data'!$E$26:$E$28
Name ItemCodes: 'Reference Data'!$A$5:$A$14

Sheet Instructions
A1: Aldwin House Residence Club | Welcome Amenity Build Sheet
A3: Purpose | B3: Blank per-arrival instrument for Stonebridge Partners corporate arrivals; complete only when an arrival is being prepared.
A4: How to use | B4: Enter blue cells on Build Sheet. Select controlled values from drop-downs, choose every item explicitly, and record quantities in units per set. Formula cells are shaded grey.
A5: Alerts | B5: Green = feasible/acceptable. Amber = review (near best or threshold). Red = over allowance, late, dietary-incompatible, or exception; escalate before approval.
A6: Allowance | B6: £35.00 per set. Variance is running cost less allowance (negative means room remains). Discounts apply only when the relevant weekly minimum is met.
A7: Dietary alternatives | B7: Dietary alternatives are approved equivalent choices, not inferior gifts. Never silently replace a selected item; choose an approved equivalent and document the decision.
A8: Blank convention | B8: Blank input cells are intentional until staff prepare an arrival. Blank inputs produce neutral calculated outputs and no implied approval.
A9: Comparison | B9: Best achievable score uses the highest-scoring feasible catalogue candidate under allowance, dietary profile, lead-time window, and the applicable weekly discount threshold.
A11: Legend | B11: Blue input | C11: Grey formula/reference | D11: Green acceptable | E11: Amber review | F11: Red exception

Sheet Reference Data
A1: Reference Data | Catalogue, Terms, Lists & Forecast
A3: CATALOGUE
A4: Item Code | B4: Amenity Name | C4: Category | D4: Supplier | E4: Pack Size | F4: Unit Cost | G4: Dietary Tags | H4: Qty Unit | I4: Lead Days | J4: Notes | K4: Std Suit | L4: NF Suit | M4: Halal Suit | N4: Std Score | O4: NF Score | P4: Halal Score
A5: HP-TEA | B5: Breakfast Tea Selection | C5: Beverage | D5: Harbour Pantry | E5: 20 | F5: 12 | G5: Standard;Nut-free;Halal | H5: pack | I5: 2 | K5: =IF(ISNUMBER(SEARCH("Standard",G5)),"Y","N") | L5: =IF(ISNUMBER(SEARCH("Nut-free",G5)),"Y","N") | M5: =IF(ISNUMBER(SEARCH("Halal",G5)),"Y","N") | N5: =IF(K5="Y",MAX(0,1-ABS($B$29-F5)/$B$29),0) | O5: =IF(L5="Y",MAX(0,1-ABS($B$29-F5)/$B$29),0) | P5: =IF(M5="Y",MAX(0,1-ABS($B$29-F5)/$B$29),0)
A6: HP-BIS | B6: Oat & Cocoa Biscuit | C6: Sweet Bite | D6: Harbour Pantry | E6: 12 | F6: 18 | G6: Standard;Nut-free | H6: pack | I6: 2 | K6: =IF(ISNUMBER(SEARCH("Standard",G6)),"Y","N") | L6: =IF(ISNUMBER(SEARCH("Nut-free",G6)),"Y","N") | M6: =IF(ISNUMBER(SEARCH("Halal",G6)),"Y","N") | N6: =IF(K6="Y",MAX(0,1-ABS($B$29-F6)/$B$29),0) | O6: =IF(L6="Y",MAX(0,1-ABS($B$29-F6)/$B$29),0) | P6: =IF(M6="Y",MAX(0,1-ABS($B$29-F6)/$B$29),0)
A7: NQP-MAC | B7: Hand-finished Macaron Box | C7: Patisserie | D7: North Quay Patisserie | E7: 6 | F7: 24 | G7: Standard | H7: pack | I7: 5 | K7: =IF(ISNUMBER(SEARCH("Standard",G7)),"Y","N") | L7: =IF(ISNUMBER(SEARCH("Nut-free",G7)),"Y","N") | M7: =IF(ISNUMBER(SEARCH("Halal",G7)),"Y","N") | N7: =IF(K7="Y",MAX(0,1-ABS($B$29-F7)/$B$29),0) | O7: =IF(L7="Y",MAX(0,1-ABS($B$29-F7)/$B$29),0) | P7: =IF(M7="Y",MAX(0,1-ABS($B$29-F7)/$B$29),0)
A8: NQP-FRI | B8: Fruit Financier Box | C8: Patisserie | D8: North Quay Patisserie | E8: 6 | F8: 22 | G8: Standard;Nut-free | H8: pack | I8: 5 | K8: =IF(ISNUMBER(SEARCH("Standard",G8)),"Y","N") | L8: =IF(ISNUMBER(SEARCH("Nut-free",G8)),"Y","N") | M8: =IF(ISNUMBER(SEARCH("Halal",G8)),"Y","N") | N8: =IF(K8="Y",MAX(0,1-ABS($B$29-F8)/$B$29),0) | O8: =IF(L8="Y",MAX(0,1-ABS($B$29-F8)/$B$29),0) | P8: =IF(M8="Y",MAX(0,1-ABS($B$29-F8)/$B$29),0)
A9: HS-FRT | B9: Seasonal Fruit Pair | C9: Fresh | D9: House Stock | E9: 1 | F9: 3 | G9: Standard;Nut-free;Halal | H9: each | I9: 1 | K9: =IF(ISNUMBER(SEARCH("Standard",G9)),"Y","N") | L9: =IF(ISNUMBER(SEARCH("Nut-free",G9)),"Y","N") | M9: =IF(ISNUMBER(SEARCH("Halal",G9)),"Y","N") | N9: =IF(K9="Y",MAX(0,1-ABS($B$29-F9)/$B$29),0) | O9: =IF(L9="Y",MAX(0,1-ABS($B$29-F9)/$B$29),0) | P9: =IF(M9="Y",MAX(0,1-ABS($B$29-F9)/$B$29),0)
A10: HS-DAT | B10: Medjool Date Pair | C10: Fresh | D10: House Stock | E10: 1 | F10: 4.5 | G10: Standard;Nut-free;Halal | H10: each | I10: 1 | K10: =IF(ISNUMBER(SEARCH("Standard",G10)),"Y","N") | L10: =IF(ISNUMBER(SEARCH("Nut-free",G10)),"Y","N") | M10: =IF(ISNUMBER(SEARCH("Halal",G10)),"Y","N") | N10: =IF(K10="Y",MAX(0,1-ABS($B$29-F10)/$B$29),0) | O10: =IF(L10="Y",MAX(0,1-ABS($B$29-F10)/$B$29),0) | P10: =IF(M10="Y",MAX(0,1-ABS($B$29-F10)/$B$29),0)
A11: HP-HAL | B11: Date & Sesame Treat | C11: Sweet Bite | D11: Harbour Pantry | E11: 10 | F11: 15 | G11: Nut-free;Halal | H11: pack | I11: 2 | K11: =IF(ISNUMBER(SEARCH("Standard",G11)),"Y","N") | L11: =IF(ISNUMBER(SEARCH("Nut-free",G11)),"Y","N") | M11: =IF(ISNUMBER(SEARCH("Halal",G11)),"Y","N") | N11: =IF(K11="Y",MAX(0,1-ABS($B$29-F11)/$B$29),0) | O11: =IF(L11="Y",MAX(0,1-ABS($B$29-F11)/$B$29),0) | P11: =IF(M11="Y",MAX(0,1-ABS($B$29-F11)/$B$29),0)
A12: NQP-VEG | B12: Coconut Shortbread Box | C12: Patisserie | D12: North Quay Patisserie | E12: 6 | F12: 20 | G12: Nut-free;Halal | H12: pack | I12: 5 | K12: =IF(ISNUMBER(SEARCH("Standard",G12)),"Y","N") | L12: =IF(ISNUMBER(SEARCH("Nut-free",G12)),"Y","N") | M12: =IF(ISNUMBER(SEARCH("Halal",G12)),"Y","N") | N12: =IF(K12="Y",MAX(0,1-ABS($B$29-F12)/$B$29),0) | O12: =IF(L12="Y",MAX(0,1-ABS($B$29-F12)/$B$29),0) | P12: =IF(M12="Y",MAX(0,1-ABS($B$29-F12)/$B$29),0)
A13: HP-CB | B13: Chocolate Biscuit Selection | C13: Sweet Bite | D13: Harbour Pantry | E13: 12 | F13: 17 | G13: Standard | H13: pack | I13: 2 | K13: =IF(ISNUMBER(SEARCH("Standard",G13)),"Y","N") | L13: =IF(ISNUMBER(SEARCH("Nut-free",G13)),"Y","N") | M13: =IF(ISNUMBER(SEARCH("Halal",G13)),"Y","N") | N13: =IF(K13="Y",MAX(0,1-ABS($B$29-F13)/$B$29),0) | O13: =IF(L13="Y",MAX(0,1-ABS($B$29-F13)/$B$29),0) | P13: =IF(M13="Y",MAX(0,1-ABS($B$29-F13)/$B$29),0)
A14: HS-CB | B14: Chocolate Biscuit Selection | C14: Sweet Bite | D14: House Stock | E14: 6 | F14: 9 | G14: Standard | H14: pack | I14: 1 | K14: =IF(ISNUMBER(SEARCH("Standard",G14)),"Y","N") | L14: =IF(ISNUMBER(SEARCH("Nut-free",G14)),"Y","N") | M14: =IF(ISNUMBER(SEARCH("Halal",G14)),"Y","N") | N14: =IF(K14="Y",MAX(0,1-ABS($B$29-F14)/$B$29),0) | O14: =IF(L14="Y",MAX(0,1-ABS($B$29-F14)/$B$29),0) | P14: =IF(M14="Y",MAX(0,1-ABS($B$29-F14)/$B$29),0)
A17: SUPPLIER TERMS
A18: Supplier | B18: Weekly Minimum Sets | C18: Discount Threshold Sets | D18: Discount Rate | E18: Lead Days
A19: Harbour Pantry | B19: 20 | C19: 20 | D19: 0.1 | E19: 2
A20: North Quay Patisserie | B20: 8 | C20: 8 | D20: 0.05 | E20: 5
A21: House Stock | B21: 0 | C21: 0 | D21: 0 | E21: 1
A24: CONTROLLED LISTS
A25: Dietary Profiles | B25: Suppliers | C25: Preparation Status | D25: Approval Status | E25: Booking Status
A26: Standard | B26: Harbour Pantry | C26: Not started | D26: Pending | E26: Confirmed
A27: Nut-free | B27: North Quay Patisserie | C27: In preparation | D27: Reviewed | E27: Pending
A28: Halal | B28: House Stock | C28: Ready | D28: Approved | E28: Cancelled
A29: Allowance used by catalogue score | B29: 35 | C29: Exception
A33: FORECAST CONTEXT
A34: Arrival Date | B34: Corporate Account | C34: Sets | D34: Dietary Profile | E34: Booking Status
A35: 46297 | B35: Stonebridge Partners | C35: 6 | D35: Standard | E35: Confirmed
A36: 46303 | B36: Stonebridge Partners | C36: 4 | D36: Nut-free | E36: Confirmed
A37: 46310 | B37: Stonebridge Partners | C37: 12 | D37: Halal | E37: Pending
A38: 46317 | B38: Stonebridge Partners | C38: 3 | D38: Standard | E38: Confirmed
A41: Allowance per set | B41: 35
A42: Comparison objective | B42: Highest-scoring feasible candidate; no silent substitutions
A43: Same-week patisserie rule | B43: Fewer than 5 days before arrival is not feasible
A44: Prepared context | B44: Forecast is context only; never copy it into Build Sheet entry cells.

Sheet Build Sheet
A1: Build Sheet | One Arrival / One Approval Trail
A3: ARRIVAL CONTEXT
A5: Arrival date | D5: Calculated controls
A6: Corporate account | D6: Allowance (£) | E6: ='Reference Data'!$B$41
A7: Number of sets | D7: Running total (£) | E7: =IF(OR($B$7="",COUNTIF($B$21:$B$30,"<>")=0),"",SUM($J$21:$J$30))
A8: Dietary profile | D8: Allowance variance (£) | E8: =IF(OR($B$7="",$E$7=""),"",$E$7-$E$6*$B$7)
A9: Supplier / pack choice | D9: Weekly sets incl. arrival | E9: =IF(OR($B$5="",$B$7=""),"",'Weekly Check'!$B$10)
A10: Preparation status | D10: Discount eligibility | E10: =IF(OR($E$9="",$B$9=""),"",IF($E$9>=MAXIFS('Reference Data'!$B$19:$B$21,'Reference Data'!$A$19:$A$21,$B$9),"Eligible","Below minimum"))
A11: Approval status | D11: Lead-time status | E11: =IF(OR($B$5="",$B$9=""),"",IF($B$5-TODAY()<MAXIFS('Reference Data'!$E$19:$E$21,'Reference Data'!$A$19:$A$21,$B$9),"LATE / lead time", "On time"))
A12: Staff notes | D12: Dietary status | E12: =IF(OR($B$8="",COUNTIF($H$21:$H$30,"Dietary exception")>0),IF($B$8="","", "Dietary exception"),"Suitable")
D13: Feasibility | E13: =IF($B$7="","",IF(OR($E$8>0,$E$11="LATE / lead time",$E$12="Dietary exception",$B$10="Exception"),"Exception","Feasible"))
D14: Proposed score | E14: =IF(OR($B$7="",$E$7=""),"",MIN($E$7/($E$6*$B$7),1))
D15: Best achievable score | E15: =IF(OR($B$8="",$B$5=""),"",IF($B$8="Standard",MAXIFS('Reference Data'!$N$5:$N$14,'Reference Data'!$K$5:$K$14,"Y",'Reference Data'!$I$5:$I$14,"<="&MAX(0,$B$5-TODAY())),IF($B$8="Nut-free",MAXIFS('Reference Data'!$O$5:$O$14,'Reference Data'!$L$5:$L$14,"Y",'Reference Data'!$I$5:$I$14,"<="&MAX(0,$B$5-TODAY())),MAXIFS('Reference Data'!$P$5:$P$14,'Reference Data'!$M$5:$M$14,"Y",'Reference Data'!$I$5:$I$14,"<="&MAX(0,$B$5-TODAY())))))
D16: Comparison status | E16: =IF($E$13="","",IF($E$13="Exception","EXCEPTION",IF($E$14>=$E$15-0.1,"Acceptable / near best","Review proposed envelope")))
A18: AMENITY SELECTION — enter item code and units per set; every choice remains explicit
A20: Line | B20: Item code | C20: Amenity name | D20: Units / set | E20: Supplier / pack | F20: Pack size | G20: Unit cost | H20: Dietary suitability | I20: Packs / set | J20: Line cost (£) | K20: Lead days | L20: Line status
A21: 1 | C21: =IFERROR(INDEX('Reference Data'!$B$5:$B$14,MATCH(B21,'Reference Data'!$A$5:$A$14,0)),"") | F21: =IFERROR(INDEX('Reference Data'!$E$5:$E$14,MATCH(B21,'Reference Data'!$A$5:$A$14,0)),"") | G21: =IFERROR(INDEX('Reference Data'!$F$5:$F$14,MATCH(B21,'Reference Data'!$A$5:$A$14,0)),"") | H21: =IF(OR(B21="",$B$8=""),"",IF(ISNUMBER(SEARCH($B$8,IFERROR(INDEX('Reference Data'!$G$5:$G$14,MATCH(B21,'Reference Data'!$A$5:$A$14,0)),""))),"Suitable","Dietary exception")) | I21: =IF(OR(D21="",F21=""),"",CEILING(D21/F21,1)) | J21: =IF(OR(B21="",D21="",$B$7=""),"",I21*G21*$B$7*IF($E$10="Eligible",1-IFERROR(MAXIFS('Reference Data'!$D$19:$D$21,'Reference Data'!$A$19:$A$21,E21),0),1)) | K21: =IFERROR(INDEX('Reference Data'!$I$5:$I$14,MATCH(B21,'Reference Data'!$A$5:$A$14,0)),"") | L21: =IF(B21="","",IF(E21<>IFERROR(INDEX('Reference Data'!$D$5:$D$14,MATCH(B21,'Reference Data'!$A$5:$A$14,0)),""),"Supplier mismatch",IF(H21="Dietary exception","Dietary exception",IF(AND($B$5<>"",B21<>"",$B$5-TODAY()<K21),"Late preparation","Selected"))))
A22: 2 | C22: =IFERROR(INDEX('Reference Data'!$B$5:$B$14,MATCH(B22,'Reference Data'!$A$5:$A$14,0)),"") | F22: =IFERROR(INDEX('Reference Data'!$E$5:$E$14,MATCH(B22,'Reference Data'!$A$5:$A$14,0)),"") | G22: =IFERROR(INDEX('Reference Data'!$F$5:$F$14,MATCH(B22,'Reference Data'!$A$5:$A$14,0)),"") | H22: =IF(OR(B22="",$B$8=""),"",IF(ISNUMBER(SEARCH($B$8,IFERROR(INDEX('Reference Data'!$G$5:$G$14,MATCH(B22,'Reference Data'!$A$5:$A$14,0)),""))),"Suitable","Dietary exception")) | I22: =IF(OR(D22="",F22=""),"",CEILING(D22/F22,1)) | J22: =IF(OR(B22="",D22="",$B$7=""),"",I22*G22*$B$7*IF($E$10="Eligible",1-IFERROR(MAXIFS('Reference Data'!$D$19:$D$21,'Reference Data'!$A$19:$A$21,E22),0),1)) | K22: =IFERROR(INDEX('Reference Data'!$I$5:$I$14,MATCH(B22,'Reference Data'!$A$5:$A$14,0)),"") | L22: =IF(B22="","",IF(E22<>IFERROR(INDEX('Reference Data'!$D$5:$D$14,MATCH(B22,'Reference Data'!$A$5:$A$14,0)),""),"Supplier mismatch",IF(H22="Dietary exception","Dietary exception",IF(AND($B$5<>"",B22<>"",$B$5-TODAY()<K22),"Late preparation","Selected"))))
A23: 3 | C23: =IFERROR(INDEX('Reference Data'!$B$5:$B$14,MATCH(B23,'Reference Data'!$A$5:$A$14,0)),"") | F23: =IFERROR(INDEX('Reference Data'!$E$5:$E$14,MATCH(B23,'Reference Data'!$A$5:$A$14,0)),"") | G23: =IFERROR(INDEX('Reference Data'!$F$5:$F$14,MATCH(B23,'Reference Data'!$A$5:$A$14,0)),"") | H23: =IF(OR(B23="",$B$8=""),"",IF(ISNUMBER(SEARCH($B$8,IFERROR(INDEX('Reference Data'!$G$5:$G$14,MATCH(B23,'Reference Data'!$A$5:$A$14,0)),""))),"Suitable","Dietary exception")) | I23: =IF(OR(D23="",F23=""),"",CEILING(D23/F23,1)) | J23: =IF(OR(B23="",D23="",$B$7=""),"",I23*G23*$B$7*IF($E$10="Eligible",1-IFERROR(MAXIFS('Reference Data'!$D$19:$D$21,'Reference Data'!$A$19:$A$21,E23),0),1)) | K23: =IFERROR(INDEX('Reference Data'!$I$5:$I$14,MATCH(B23,'Reference Data'!$A$5:$A$14,0)),"") | L23: =IF(B23="","",IF(E23<>IFERROR(INDEX('Reference Data'!$D$5:$D$14,MATCH(B23,'Reference Data'!$A$5:$A$14,0)),""),"Supplier mismatch",IF(H23="Dietary exception","Dietary exception",IF(AND($B$5<>"",B23<>"",$B$5-TODAY()<K23),"Late preparation","Selected"))))
A24: 4 | C24: =IFERROR(INDEX('Reference Data'!$B$5:$B$14,MATCH(B24,'Reference Data'!$A$5:$A$14,0)),"") | F24: =IFERROR(INDEX('Reference Data'!$E$5:$E$14,MATCH(B24,'Reference Data'!$A$5:$A$14,0)),"") | G24: =IFERROR(INDEX('Reference Data'!$F$5:$F$14,MATCH(B24,'Reference Data'!$A$5:$A$14,0)),"") | H24: =IF(OR(B24="",$B$8=""),"",IF(ISNUMBER(SEARCH($B$8,IFERROR(INDEX('Reference Data'!$G$5:$G$14,MATCH(B24,'Reference Data'!$A$5:$A$14,0)),""))),"Suitable","Dietary exception")) | I24: =IF(OR(D24="",F24=""),"",CEILING(D24/F24,1)) | J24: =IF(OR(B24="",D24="",$B$7=""),"",I24*G24*$B$7*IF($E$10="Eligible",1-IFERROR(MAXIFS('Reference Data'!$D$19:$D$21,'Reference Data'!$A$19:$A$21,E24),0),1)) | K24: =IFERROR(INDEX('Reference Data'!$I$5:$I$14,MATCH(B24,'Reference Data'!$A$5:$A$14,0)),"") | L24: =IF(B24="","",IF(E24<>IFERROR(INDEX('Reference Data'!$D$5:$D$14,MATCH(B24,'Reference Data'!$A$5:$A$14,0)),""),"Supplier mismatch",IF(H24="Dietary exception","Dietary exception",IF(AND($B$5<>"",B24<>"",$B$5-TODAY()<K24),"Late preparation","Selected"))))
A25: 5 | C25: =IFERROR(INDEX('Reference Data'!$B$5:$B$14,MATCH(B25,'Reference Data'!$A$5:$A$14,0)),"") | F25: =IFERROR(INDEX('Reference Data'!$E$5:$E$14,MATCH(B25,'Reference Data'!$A$5:$A$14,0)),"") | G25: =IFERROR(INDEX('Reference Data'!$F$5:$F$14,MATCH(B25,'Reference Data'!$A$5:$A$14,0)),"") | H25: =IF(OR(B25="",$B$8=""),"",IF(ISNUMBER(SEARCH($B$8,IFERROR(INDEX('Reference Data'!$G$5:$G$14,MATCH(B25,'Reference Data'!$A$5:$A$14,0)),""))),"Suitable","Dietary exception")) | I25: =IF(OR(D25="",F25=""),"",CEILING(D25/F25,1)) | J25: =IF(OR(B25="",D25="",$B$7=""),"",I25*G25*$B$7*IF($E$10="Eligible",1-IFERROR(MAXIFS('Reference Data'!$D$19:$D$21,'Reference Data'!$A$19:$A$21,E25),0),1)) | K25: =IFERROR(INDEX('Reference Data'!$I$5:$I$14,MATCH(B25,'Reference Data'!$A$5:$A$14,0)),"") | L25: =IF(B25="","",IF(E25<>IFERROR(INDEX('Reference Data'!$D$5:$D$14,MATCH(B25,'Reference Data'!$A$5:$A$14,0)),""),"Supplier mismatch",IF(H25="Dietary exception","Dietary exception",IF(AND($B$5<>"",B25<>"",$B$5-TODAY()<K25),"Late preparation","Selected"))))
A26: 6 | C26: =IFERROR(INDEX('Reference Data'!$B$5:$B$14,MATCH(B26,'Reference Data'!$A$5:$A$14,0)),"") | F26: =IFERROR(INDEX('Reference Data'!$E$5:$E$14,MATCH(B26,'Reference Data'!$A$5:$A$14,0)),"") | G26: =IFERROR(INDEX('Reference Data'!$F$5:$F$14,MATCH(B26,'Reference Data'!$A$5:$A$14,0)),"") | H26: =IF(OR(B26="",$B$8=""),"",IF(ISNUMBER(SEARCH($B$8,IFERROR(INDEX('Reference Data'!$G$5:$G$14,MATCH(B26,'Reference Data'!$A$5:$A$14,0)),""))),"Suitable","Dietary exception")) | I26: =IF(OR(D26="",F26=""),"",CEILING(D26/F26,1)) | J26: =IF(OR(B26="",D26="",$B$7=""),"",I26*G26*$B$7*IF($E$10="Eligible",1-IFERROR(MAXIFS('Reference Data'!$D$19:$D$21,'Reference Data'!$A$19:$A$21,E26),0),1)) | K26: =IFERROR(INDEX('Reference Data'!$I$5:$I$14,MATCH(B26,'Reference Data'!$A$5:$A$14,0)),"") | L26: =IF(B26="","",IF(E26<>IFERROR(INDEX('Reference Data'!$D$5:$D$14,MATCH(B26,'Reference Data'!$A$5:$A$14,0)),""),"Supplier mismatch",IF(H26="Dietary exception","Dietary exception",IF(AND($B$5<>"",B26<>"",$B$5-TODAY()<K26),"Late preparation","Selected"))))
A27: 7 | C27: =IFERROR(INDEX('Reference Data'!$B$5:$B$14,MATCH(B27,'Reference Data'!$A$5:$A$14,0)),"") | F27: =IFERROR(INDEX('Reference Data'!$E$5:$E$14,MATCH(B27,'Reference Data'!$A$5:$A$14,0)),"") | G27: =IFERROR(INDEX('Reference Data'!$F$5:$F$14,MATCH(B27,'Reference Data'!$A$5:$A$14,0)),"") | H27: =IF(OR(B27="",$B$8=""),"",IF(ISNUMBER(SEARCH($B$8,IFERROR(INDEX('Reference Data'!$G$5:$G$14,MATCH(B27,'Reference Data'!$A$5:$A$14,0)),""))),"Suitable","Dietary exception")) | I27: =IF(OR(D27="",F27=""),"",CEILING(D27/F27,1)) | J27: =IF(OR(B27="",D27="",$B$7=""),"",I27*G27*$B$7*IF($E$10="Eligible",1-IFERROR(MAXIFS('Reference Data'!$D$19:$D$21,'Reference Data'!$A$19:$A$21,E27),0),1)) | K27: =IFERROR(INDEX('Reference Data'!$I$5:$I$14,MATCH(B27,'Reference Data'!$A$5:$A$14,0)),"") | L27: =IF(B27="","",IF(E27<>IFERROR(INDEX('Reference Data'!$D$5:$D$14,MATCH(B27,'Reference Data'!$A$5:$A$14,0)),""),"Supplier mismatch",IF(H27="Dietary exception","Dietary exception",IF(AND($B$5<>"",B27<>"",$B$5-TODAY()<K27),"Late preparation","Selected"))))
A28: 8 | C28: =IFERROR(INDEX('Reference Data'!$B$5:$B$14,MATCH(B28,'Reference Data'!$A$5:$A$14,0)),"") | F28: =IFERROR(INDEX('Reference Data'!$E$5:$E$14,MATCH(B28,'Reference Data'!$A$5:$A$14,0)),"") | G28: =IFERROR(INDEX('Reference Data'!$F$5:$F$14,MATCH(B28,'Reference Data'!$A$5:$A$14,0)),"") | H28: =IF(OR(B28="",$B$8=""),"",IF(ISNUMBER(SEARCH($B$8,IFERROR(INDEX('Reference Data'!$G$5:$G$14,MATCH(B28,'Reference Data'!$A$5:$A$14,0)),""))),"Suitable","Dietary exception")) | I28: =IF(OR(D28="",F28=""),"",CEILING(D28/F28,1)) | J28: =IF(OR(B28="",D28="",$B$7=""),"",I28*G28*$B$7*IF($E$10="Eligible",1-IFERROR(MAXIFS('Reference Data'!$D$19:$D$21,'Reference Data'!$A$19:$A$21,E28),0),1)) | K28: =IFERROR(INDEX('Reference Data'!$I$5:$I$14,MATCH(B28,'Reference Data'!$A$5:$A$14,0)),"") | L28: =IF(B28="","",IF(E28<>IFERROR(INDEX('Reference Data'!$D$5:$D$14,MATCH(B28,'Reference Data'!$A$5:$A$14,0)),""),"Supplier mismatch",IF(H28="Dietary exception","Dietary exception",IF(AND($B$5<>"",B28<>"",$B$5-TODAY()<K28),"Late preparation","Selected"))))
A29: 9 | C29: =IFERROR(INDEX('Reference Data'!$B$5:$B$14,MATCH(B29,'Reference Data'!$A$5:$A$14,0)),"") | F29: =IFERROR(INDEX('Reference Data'!$E$5:$E$14,MATCH(B29,'Reference Data'!$A$5:$A$14,0)),"") | G29: =IFERROR(INDEX('Reference Data'!$F$5:$F$14,MATCH(B29,'Reference Data'!$A$5:$A$14,0)),"") | H29: =IF(OR(B29="",$B$8=""),"",IF(ISNUMBER(SEARCH($B$8,IFERROR(INDEX('Reference Data'!$G$5:$G$14,MATCH(B29,'Reference Data'!$A$5:$A$14,0)),""))),"Suitable","Dietary exception")) | I29: =IF(OR(D29="",F29=""),"",CEILING(D29/F29,1)) | J29: =IF(OR(B29="",D29="",$B$7=""),"",I29*G29*$B$7*IF($E$10="Eligible",1-IFERROR(MAXIFS('Reference Data'!$D$19:$D$21,'Reference Data'!$A$19:$A$21,E29),0),1)) | K29: =IFERROR(INDEX('Reference Data'!$I$5:$I$14,MATCH(B29,'Reference Data'!$A$5:$A$14,0)),"") | L29: =IF(B29="","",IF(E29<>IFERROR(INDEX('Reference Data'!$D$5:$D$14,MATCH(B29,'Reference Data'!$A$5:$A$14,0)),""),"Supplier mismatch",IF(H29="Dietary exception","Dietary exception",IF(AND($B$5<>"",B29<>"",$B$5-TODAY()<K29),"Late preparation","Selected"))))
A30: 10 | C30: =IFERROR(INDEX('Reference Data'!$B$5:$B$14,MATCH(B30,'Reference Data'!$A$5:$A$14,0)),"") | F30: =IFERROR(INDEX('Reference Data'!$E$5:$E$14,MATCH(B30,'Reference Data'!$A$5:$A$14,0)),"") | G30: =IFERROR(INDEX('Reference Data'!$F$5:$F$14,MATCH(B30,'Reference Data'!$A$5:$A$14,0)),"") | H30: =IF(OR(B30="",$B$8=""),"",IF(ISNUMBER(SEARCH($B$8,IFERROR(INDEX('Reference Data'!$G$5:$G$14,MATCH(B30,'Reference Data'!$A$5:$A$14,0)),""))),"Suitable","Dietary exception")) | I30: =IF(OR(D30="",F30=""),"",CEILING(D30/F30,1)) | J30: =IF(OR(B30="",D30="",$B$7=""),"",I30*G30*$B$7*IF($E$10="Eligible",1-IFERROR(MAXIFS('Reference Data'!$D$19:$D$21,'Reference Data'!$A$19:$A$21,E30),0),1)) | K30: =IFERROR(INDEX('Reference Data'!$I$5:$I$14,MATCH(B30,'Reference Data'!$A$5:$A$14,0)),"") | L30: =IF(B30="","",IF(E30<>IFERROR(INDEX('Reference Data'!$D$5:$D$14,MATCH(B30,'Reference Data'!$A$5:$A$14,0)),""),"Supplier mismatch",IF(H30="Dietary exception","Dietary exception",IF(AND($B$5<>"",B30<>"",$B$5-TODAY()<K30),"Late preparation","Selected"))))
I31: TOTAL | J31: =IF(COUNTIF(B21:B30,"<>")=0,"",SUM(J21:J30))
A33: APPROVAL / SIGN-OFF
A35: Prepared by | D35: Reviewed by | G35: Approval reference
A36: Prepared date | D36: Review date

Sheet Weekly Check
A1: Weekly Check | Oversight View
A3: Select week commencing
A4: Linked Build Sheet sets | B4: =IF('Build Sheet'!$B$7="","",'Build Sheet'!$B$7)
A5: Forecast sets in selected week | B5: =IF($B$3="","",SUMIFS('Reference Data'!$C$35:$C$38,'Reference Data'!$A$35:$A$38,">="&$B$3,'Reference Data'!$A$35:$A$38,"<"&$B$3+7))
A6: Weekly set count | B6: =IF(AND($B$3="",$B$4=""),"",N($B$4)+N($B$5))
A7: Projected spend (£) | B7: =IF($B$6="","",IF('Build Sheet'!$E$7="","",'Build Sheet'!$E$7+N($B$5)*IFERROR('Build Sheet'!$E$7/'Build Sheet'!$B$7,0)))
A8: Harbour Pantry threshold | B8: =IF($B$6="","",IF($B$6>=MAXIFS('Reference Data'!$B$19:$B$21,'Reference Data'!$A$19:$A$21,"Harbour Pantry"),"Met","Below minimum"))
A9: North Quay threshold | B9: =IF($B$6="","",IF($B$6>=MAXIFS('Reference Data'!$B$19:$B$21,'Reference Data'!$A$19:$A$21,"North Quay Patisserie"),"Met","Below minimum"))
A10: Arrival quantity used by Build Sheet | B10: =IF('Build Sheet'!$B$7="","",'Build Sheet'!$B$7)
A11: Lead-time exception count | B11: =IF($B$3="","",COUNTIFS('Reference Data'!$A$35:$A$38,">="&$B$3,'Reference Data'!$A$35:$A$38,"<"&$B$3+7,'Reference Data'!$E$35:$E$38,"<>Confirmed"))
A13: Review note | B13: Use the linked Build Sheet quantity as the only arrival source. Forecast rows are context; blank week yields blank/neutral checks.
