Workbook
Name FreightBasisList: 'Method & QA'!$M$5:$M$6
Name JurisdictionList: 'Method & QA'!$N$5:$N$6
Name IncludeList: 'Method & QA'!$O$5:$O$6
Name UOMList: 'Method & QA'!$P$5:$P$7
Name TermsEarnedList: 'Method & QA'!$Q$5:$Q$6
Name QuoteTermsRate: 'Method & QA'!$B$5
Name QuoteCompPAThreshold: 'Method & QA'!$B$6
Name QuoteCompPACharge: 'Method & QA'!$B$7
Name QuoteCompNJThreshold: 'Method & QA'!$B$8
Name QuoteCompNJCharge: 'Method & QA'!$B$9
Name QuoteCompNJComponent: 'Method & QA'!$B$10
Name StonePAThreshold: 'Method & QA'!$B$11
Name StonePACharge: 'Method & QA'!$B$12
Name StoneNJThreshold: 'Method & QA'!$B$13
Name StoneNJCharge: 'Method & QA'!$B$14
Name StoneNJComponent: 'Method & QA'!$B$15
Name TotalRequestedUnits: Comparison!$B$13

Sheet Comparison
A1: Stonebridge Health Network | Competitive PVF Price Normalization
A2: Yellow = enter / select Blue = calculated Gray = controlled
A3: Quote ID
A4: Account
A5: Quote Date
A6: Destination Jurisdiction
A7: Freight Basis
A8: Competitor Representative Order Subtotal
A9: Stonebridge Representative Order Subtotal
A10: Freight Basis Rationale
A12: Active Line Count | B12: =COUNTIFS(A19:A30,"YES",M19:M30,">0") | D12: Stonebridge Gross Summary | E12: =IF(B12=0,"",SUM(W19:W30))
A13: Total Requested Units | B13: =IF(B12=0,"",SUMIFS(F19:F30,A19:A30,"YES",M19:M30,">0")) | D13: Stonebridge Freight Total | E13: =IF(B12=0,"",IF(B6="PA",IF(IF(B7="QUOTE_ORDER",E12,B9)>=StonePAThreshold,0,StonePACharge),IF(IF(B7="QUOTE_ORDER",E12,B9)>=StoneNJThreshold,0,StoneNJCharge+StoneNJComponent)))
A14: Competitor Gross Summary | B14: =IF(B12=0,"",SUM(O19:O30)) | D14: Stonebridge Net Summary | E14: =IF(B12=0,"",E12+E13)
A15: Competitor Terms Summary | B15: =IF(B12=0,"",SUM(Q19:Q30)) | D15: Overall Difference | E15: =IF(B12=0,"",E14-B17)
A16: Competitor Freight Total | B16: =IF(B12=0,"",IF(B6="PA",IF(IF(B7="QUOTE_ORDER",B14,B8)>=QuoteCompPAThreshold,0,QuoteCompPACharge),IF(IF(B7="QUOTE_ORDER",B14,B8)>=QuoteCompNJThreshold,0,QuoteCompNJCharge+QuoteCompNJComponent)))
A17: Competitor Net Summary | B17: =IF(B12=0,"",B14-B15+B16)
A18: Include | B18: Stonebridge SKU | C18: Competitor Item | D18: Description | E18: Comparison UOM | F18: Requested Units | G18: Competitor Case Pack | H18: Competitor Case Price | I18: Competitor Terms Earned | J18: Stonebridge Pack Quantity | K18: Stonebridge Pack Price | L18: Notes | M18: Competitor Cases Required | N18: Competitor Delivered Units | O18: Competitor Gross | P18: Competitor Terms Rate | Q18: Competitor Terms Credit | R18: Competitor Freight Share | S18: Competitor Net Delivered Total | T18: Competitor Delivered Unit Cost | U18: Stonebridge Packs Required | V18: Stonebridge Delivered Units | W18: Stonebridge Gross | X18: Stonebridge Freight Share | Y18: Stonebridge Net Delivered Total | Z18: Stonebridge Delivered Unit Cost | AA18: Unit Difference | AB18: Unit Difference Percent | AC18: Result
M19: =IF(AND($A19="YES",$B19<>"",$C19<>"",$D19<>"",$E19<>"",$F19<>"",$G19<>"",$H19<>"",$I19<>"",$J19<>"",$K19<>""),ROUNDUP($F19/$G19,0),"") | N19: =IF(M19="","",M19*$G19) | O19: =IF(M19="","",M19*$H19) | P19: =IF(M19="","",IF($I19="YES",QuoteTermsRate,0)) | Q19: =IF(M19="","",O19*P19) | R19: =IF(M19="","",IFERROR($B$16*O19/$B$14,0)) | S19: =IF(M19="","",O19-Q19+R19) | T19: =IFERROR(IF(M19="","",S19/N19),"") | U19: =IF(AND($A19="YES",$B19<>"",$C19<>"",$D19<>"",$E19<>"",$F19<>"",$G19<>"",$H19<>"",$I19<>"",$J19<>"",$K19<>""),ROUNDUP($F19/$J19,0),"") | V19: =IF(U19="","",U19*$J19) | W19: =IF(U19="","",U19*$K19) | X19: =IF(U19="","",IFERROR($E$13*W19/$E$12,0)) | Y19: =IF(U19="","",W19+X19) | Z19: =IFERROR(IF(U19="","",Y19/V19),"") | AA19: =IF(OR(T19="",Z19=""),"",Z19-T19) | AB19: =IFERROR(IF(AA19="","",AA19/T19),"") | AC19: =IF(AA19="","",IF(AA19<0,"LOWER",IF(AA19=0,"EQUAL","HIGHER")))
M20: =IF(AND($A20="YES",$B20<>"",$C20<>"",$D20<>"",$E20<>"",$F20<>"",$G20<>"",$H20<>"",$I20<>"",$J20<>"",$K20<>""),ROUNDUP($F20/$G20,0),"") | N20: =IF(M20="","",M20*$G20) | O20: =IF(M20="","",M20*$H20) | P20: =IF(M20="","",IF($I20="YES",QuoteTermsRate,0)) | Q20: =IF(M20="","",O20*P20) | R20: =IF(M20="","",IFERROR($B$16*O20/$B$14,0)) | S20: =IF(M20="","",O20-Q20+R20) | T20: =IFERROR(IF(M20="","",S20/N20),"") | U20: =IF(AND($A20="YES",$B20<>"",$C20<>"",$D20<>"",$E20<>"",$F20<>"",$G20<>"",$H20<>"",$I20<>"",$J20<>"",$K20<>""),ROUNDUP($F20/$J20,0),"") | V20: =IF(U20="","",U20*$J20) | W20: =IF(U20="","",U20*$K20) | X20: =IF(U20="","",IFERROR($E$13*W20/$E$12,0)) | Y20: =IF(U20="","",W20+X20) | Z20: =IFERROR(IF(U20="","",Y20/V20),"") | AA20: =IF(OR(T20="",Z20=""),"",Z20-T20) | AB20: =IFERROR(IF(AA20="","",AA20/T20),"") | AC20: =IF(AA20="","",IF(AA20<0,"LOWER",IF(AA20=0,"EQUAL","HIGHER")))
M21: =IF(AND($A21="YES",$B21<>"",$C21<>"",$D21<>"",$E21<>"",$F21<>"",$G21<>"",$H21<>"",$I21<>"",$J21<>"",$K21<>""),ROUNDUP($F21/$G21,0),"") | N21: =IF(M21="","",M21*$G21) | O21: =IF(M21="","",M21*$H21) | P21: =IF(M21="","",IF($I21="YES",QuoteTermsRate,0)) | Q21: =IF(M21="","",O21*P21) | R21: =IF(M21="","",IFERROR($B$16*O21/$B$14,0)) | S21: =IF(M21="","",O21-Q21+R21) | T21: =IFERROR(IF(M21="","",S21/N21),"") | U21: =IF(AND($A21="YES",$B21<>"",$C21<>"",$D21<>"",$E21<>"",$F21<>"",$G21<>"",$H21<>"",$I21<>"",$J21<>"",$K21<>""),ROUNDUP($F21/$J21,0),"") | V21: =IF(U21="","",U21*$J21) | W21: =IF(U21="","",U21*$K21) | X21: =IF(U21="","",IFERROR($E$13*W21/$E$12,0)) | Y21: =IF(U21="","",W21+X21) | Z21: =IFERROR(IF(U21="","",Y21/V21),"") | AA21: =IF(OR(T21="",Z21=""),"",Z21-T21) | AB21: =IFERROR(IF(AA21="","",AA21/T21),"") | AC21: =IF(AA21="","",IF(AA21<0,"LOWER",IF(AA21=0,"EQUAL","HIGHER")))
M22: =IF(AND($A22="YES",$B22<>"",$C22<>"",$D22<>"",$E22<>"",$F22<>"",$G22<>"",$H22<>"",$I22<>"",$J22<>"",$K22<>""),ROUNDUP($F22/$G22,0),"") | N22: =IF(M22="","",M22*$G22) | O22: =IF(M22="","",M22*$H22) | P22: =IF(M22="","",IF($I22="YES",QuoteTermsRate,0)) | Q22: =IF(M22="","",O22*P22) | R22: =IF(M22="","",IFERROR($B$16*O22/$B$14,0)) | S22: =IF(M22="","",O22-Q22+R22) | T22: =IFERROR(IF(M22="","",S22/N22),"") | U22: =IF(AND($A22="YES",$B22<>"",$C22<>"",$D22<>"",$E22<>"",$F22<>"",$G22<>"",$H22<>"",$I22<>"",$J22<>"",$K22<>""),ROUNDUP($F22/$J22,0),"") | V22: =IF(U22="","",U22*$J22) | W22: =IF(U22="","",U22*$K22) | X22: =IF(U22="","",IFERROR($E$13*W22/$E$12,0)) | Y22: =IF(U22="","",W22+X22) | Z22: =IFERROR(IF(U22="","",Y22/V22),"") | AA22: =IF(OR(T22="",Z22=""),"",Z22-T22) | AB22: =IFERROR(IF(AA22="","",AA22/T22),"") | AC22: =IF(AA22="","",IF(AA22<0,"LOWER",IF(AA22=0,"EQUAL","HIGHER")))
M23: =IF(AND($A23="YES",$B23<>"",$C23<>"",$D23<>"",$E23<>"",$F23<>"",$G23<>"",$H23<>"",$I23<>"",$J23<>"",$K23<>""),ROUNDUP($F23/$G23,0),"") | N23: =IF(M23="","",M23*$G23) | O23: =IF(M23="","",M23*$H23) | P23: =IF(M23="","",IF($I23="YES",QuoteTermsRate,0)) | Q23: =IF(M23="","",O23*P23) | R23: =IF(M23="","",IFERROR($B$16*O23/$B$14,0)) | S23: =IF(M23="","",O23-Q23+R23) | T23: =IFERROR(IF(M23="","",S23/N23),"") | U23: =IF(AND($A23="YES",$B23<>"",$C23<>"",$D23<>"",$E23<>"",$F23<>"",$G23<>"",$H23<>"",$I23<>"",$J23<>"",$K23<>""),ROUNDUP($F23/$J23,0),"") | V23: =IF(U23="","",U23*$J23) | W23: =IF(U23="","",U23*$K23) | X23: =IF(U23="","",IFERROR($E$13*W23/$E$12,0)) | Y23: =IF(U23="","",W23+X23) | Z23: =IFERROR(IF(U23="","",Y23/V23),"") | AA23: =IF(OR(T23="",Z23=""),"",Z23-T23) | AB23: =IFERROR(IF(AA23="","",AA23/T23),"") | AC23: =IF(AA23="","",IF(AA23<0,"LOWER",IF(AA23=0,"EQUAL","HIGHER")))
M24: =IF(AND($A24="YES",$B24<>"",$C24<>"",$D24<>"",$E24<>"",$F24<>"",$G24<>"",$H24<>"",$I24<>"",$J24<>"",$K24<>""),ROUNDUP($F24/$G24,0),"") | N24: =IF(M24="","",M24*$G24) | O24: =IF(M24="","",M24*$H24) | P24: =IF(M24="","",IF($I24="YES",QuoteTermsRate,0)) | Q24: =IF(M24="","",O24*P24) | R24: =IF(M24="","",IFERROR($B$16*O24/$B$14,0)) | S24: =IF(M24="","",O24-Q24+R24) | T24: =IFERROR(IF(M24="","",S24/N24),"") | U24: =IF(AND($A24="YES",$B24<>"",$C24<>"",$D24<>"",$E24<>"",$F24<>"",$G24<>"",$H24<>"",$I24<>"",$J24<>"",$K24<>""),ROUNDUP($F24/$J24,0),"") | V24: =IF(U24="","",U24*$J24) | W24: =IF(U24="","",U24*$K24) | X24: =IF(U24="","",IFERROR($E$13*W24/$E$12,0)) | Y24: =IF(U24="","",W24+X24) | Z24: =IFERROR(IF(U24="","",Y24/V24),"") | AA24: =IF(OR(T24="",Z24=""),"",Z24-T24) | AB24: =IFERROR(IF(AA24="","",AA24/T24),"") | AC24: =IF(AA24="","",IF(AA24<0,"LOWER",IF(AA24=0,"EQUAL","HIGHER")))
M25: =IF(AND($A25="YES",$B25<>"",$C25<>"",$D25<>"",$E25<>"",$F25<>"",$G25<>"",$H25<>"",$I25<>"",$J25<>"",$K25<>""),ROUNDUP($F25/$G25,0),"") | N25: =IF(M25="","",M25*$G25) | O25: =IF(M25="","",M25*$H25) | P25: =IF(M25="","",IF($I25="YES",QuoteTermsRate,0)) | Q25: =IF(M25="","",O25*P25) | R25: =IF(M25="","",IFERROR($B$16*O25/$B$14,0)) | S25: =IF(M25="","",O25-Q25+R25) | T25: =IFERROR(IF(M25="","",S25/N25),"") | U25: =IF(AND($A25="YES",$B25<>"",$C25<>"",$D25<>"",$E25<>"",$F25<>"",$G25<>"",$H25<>"",$I25<>"",$J25<>"",$K25<>""),ROUNDUP($F25/$J25,0),"") | V25: =IF(U25="","",U25*$J25) | W25: =IF(U25="","",U25*$K25) | X25: =IF(U25="","",IFERROR($E$13*W25/$E$12,0)) | Y25: =IF(U25="","",W25+X25) | Z25: =IFERROR(IF(U25="","",Y25/V25),"") | AA25: =IF(OR(T25="",Z25=""),"",Z25-T25) | AB25: =IFERROR(IF(AA25="","",AA25/T25),"") | AC25: =IF(AA25="","",IF(AA25<0,"LOWER",IF(AA25=0,"EQUAL","HIGHER")))
M26: =IF(AND($A26="YES",$B26<>"",$C26<>"",$D26<>"",$E26<>"",$F26<>"",$G26<>"",$H26<>"",$I26<>"",$J26<>"",$K26<>""),ROUNDUP($F26/$G26,0),"") | N26: =IF(M26="","",M26*$G26) | O26: =IF(M26="","",M26*$H26) | P26: =IF(M26="","",IF($I26="YES",QuoteTermsRate,0)) | Q26: =IF(M26="","",O26*P26) | R26: =IF(M26="","",IFERROR($B$16*O26/$B$14,0)) | S26: =IF(M26="","",O26-Q26+R26) | T26: =IFERROR(IF(M26="","",S26/N26),"") | U26: =IF(AND($A26="YES",$B26<>"",$C26<>"",$D26<>"",$E26<>"",$F26<>"",$G26<>"",$H26<>"",$I26<>"",$J26<>"",$K26<>""),ROUNDUP($F26/$J26,0),"") | V26: =IF(U26="","",U26*$J26) | W26: =IF(U26="","",U26*$K26) | X26: =IF(U26="","",IFERROR($E$13*W26/$E$12,0)) | Y26: =IF(U26="","",W26+X26) | Z26: =IFERROR(IF(U26="","",Y26/V26),"") | AA26: =IF(OR(T26="",Z26=""),"",Z26-T26) | AB26: =IFERROR(IF(AA26="","",AA26/T26),"") | AC26: =IF(AA26="","",IF(AA26<0,"LOWER",IF(AA26=0,"EQUAL","HIGHER")))
M27: =IF(AND($A27="YES",$B27<>"",$C27<>"",$D27<>"",$E27<>"",$F27<>"",$G27<>"",$H27<>"",$I27<>"",$J27<>"",$K27<>""),ROUNDUP($F27/$G27,0),"") | N27: =IF(M27="","",M27*$G27) | O27: =IF(M27="","",M27*$H27) | P27: =IF(M27="","",IF($I27="YES",QuoteTermsRate,0)) | Q27: =IF(M27="","",O27*P27) | R27: =IF(M27="","",IFERROR($B$16*O27/$B$14,0)) | S27: =IF(M27="","",O27-Q27+R27) | T27: =IFERROR(IF(M27="","",S27/N27),"") | U27: =IF(AND($A27="YES",$B27<>"",$C27<>"",$D27<>"",$E27<>"",$F27<>"",$G27<>"",$H27<>"",$I27<>"",$J27<>"",$K27<>""),ROUNDUP($F27/$J27,0),"") | V27: =IF(U27="","",U27*$J27) | W27: =IF(U27="","",U27*$K27) | X27: =IF(U27="","",IFERROR($E$13*W27/$E$12,0)) | Y27: =IF(U27="","",W27+X27) | Z27: =IFERROR(IF(U27="","",Y27/V27),"") | AA27: =IF(OR(T27="",Z27=""),"",Z27-T27) | AB27: =IFERROR(IF(AA27="","",AA27/T27),"") | AC27: =IF(AA27="","",IF(AA27<0,"LOWER",IF(AA27=0,"EQUAL","HIGHER")))
M28: =IF(AND($A28="YES",$B28<>"",$C28<>"",$D28<>"",$E28<>"",$F28<>"",$G28<>"",$H28<>"",$I28<>"",$J28<>"",$K28<>""),ROUNDUP($F28/$G28,0),"") | N28: =IF(M28="","",M28*$G28) | O28: =IF(M28="","",M28*$H28) | P28: =IF(M28="","",IF($I28="YES",QuoteTermsRate,0)) | Q28: =IF(M28="","",O28*P28) | R28: =IF(M28="","",IFERROR($B$16*O28/$B$14,0)) | S28: =IF(M28="","",O28-Q28+R28) | T28: =IFERROR(IF(M28="","",S28/N28),"") | U28: =IF(AND($A28="YES",$B28<>"",$C28<>"",$D28<>"",$E28<>"",$F28<>"",$G28<>"",$H28<>"",$I28<>"",$J28<>"",$K28<>""),ROUNDUP($F28/$J28,0),"") | V28: =IF(U28="","",U28*$J28) | W28: =IF(U28="","",U28*$K28) | X28: =IF(U28="","",IFERROR($E$13*W28/$E$12,0)) | Y28: =IF(U28="","",W28+X28) | Z28: =IFERROR(IF(U28="","",Y28/V28),"") | AA28: =IF(OR(T28="",Z28=""),"",Z28-T28) | AB28: =IFERROR(IF(AA28="","",AA28/T28),"") | AC28: =IF(AA28="","",IF(AA28<0,"LOWER",IF(AA28=0,"EQUAL","HIGHER")))
M29: =IF(AND($A29="YES",$B29<>"",$C29<>"",$D29<>"",$E29<>"",$F29<>"",$G29<>"",$H29<>"",$I29<>"",$J29<>"",$K29<>""),ROUNDUP($F29/$G29,0),"") | N29: =IF(M29="","",M29*$G29) | O29: =IF(M29="","",M29*$H29) | P29: =IF(M29="","",IF($I29="YES",QuoteTermsRate,0)) | Q29: =IF(M29="","",O29*P29) | R29: =IF(M29="","",IFERROR($B$16*O29/$B$14,0)) | S29: =IF(M29="","",O29-Q29+R29) | T29: =IFERROR(IF(M29="","",S29/N29),"") | U29: =IF(AND($A29="YES",$B29<>"",$C29<>"",$D29<>"",$E29<>"",$F29<>"",$G29<>"",$H29<>"",$I29<>"",$J29<>"",$K29<>""),ROUNDUP($F29/$J29,0),"") | V29: =IF(U29="","",U29*$J29) | W29: =IF(U29="","",U29*$K29) | X29: =IF(U29="","",IFERROR($E$13*W29/$E$12,0)) | Y29: =IF(U29="","",W29+X29) | Z29: =IFERROR(IF(U29="","",Y29/V29),"") | AA29: =IF(OR(T29="",Z29=""),"",Z29-T29) | AB29: =IFERROR(IF(AA29="","",AA29/T29),"") | AC29: =IF(AA29="","",IF(AA29<0,"LOWER",IF(AA29=0,"EQUAL","HIGHER")))
M30: =IF(AND($A30="YES",$B30<>"",$C30<>"",$D30<>"",$E30<>"",$F30<>"",$G30<>"",$H30<>"",$I30<>"",$J30<>"",$K30<>""),ROUNDUP($F30/$G30,0),"") | N30: =IF(M30="","",M30*$G30) | O30: =IF(M30="","",M30*$H30) | P30: =IF(M30="","",IF($I30="YES",QuoteTermsRate,0)) | Q30: =IF(M30="","",O30*P30) | R30: =IF(M30="","",IFERROR($B$16*O30/$B$14,0)) | S30: =IF(M30="","",O30-Q30+R30) | T30: =IFERROR(IF(M30="","",S30/N30),"") | U30: =IF(AND($A30="YES",$B30<>"",$C30<>"",$D30<>"",$E30<>"",$F30<>"",$G30<>"",$H30<>"",$I30<>"",$J30<>"",$K30<>""),ROUNDUP($F30/$J30,0),"") | V30: =IF(U30="","",U30*$J30) | W30: =IF(U30="","",U30*$K30) | X30: =IF(U30="","",IFERROR($E$13*W30/$E$12,0)) | Y30: =IF(U30="","",W30+X30) | Z30: =IFERROR(IF(U30="","",Y30/V30),"") | AA30: =IF(OR(T30="",Z30=""),"",Z30-T30) | AB30: =IFERROR(IF(AA30="","",AA30/T30),"") | AC30: =IF(AA30="","",IF(AA30<0,"LOWER",IF(AA30=0,"EQUAL","HIGHER")))

Sheet Method & QA
A1: Method, Policy Map & Verification
A2: Controlled cells are gray; yellow cells are keyed verification inputs; blue cells calculate.
A4: Controlled policy values | D4: Linked review snapshot
A5: QuoteTermsRate | B5: 0.02 | D5: Freight Basis | E5: =Comparison!B7 | M5: QUOTE_ORDER | N5: PA | O5: YES | P5: EA | Q5: YES
A6: QuoteCompPAThreshold | B6: 1500 | D6: Destination Jurisdiction | E6: =Comparison!B6 | M6: REPLENISHMENT_ORDER | N6: NJ | O6: NO | P6: FT | Q6: NO
A7: QuoteCompPACharge | B7: 145 | D7: Total Requested Units | E7: =Comparison!B13 | P7: KIT
A8: QuoteCompNJThreshold | B8: 1800 | D8: Freight Basis Rationale | E8: =Comparison!B10
A9: QuoteCompNJCharge | B9: 175 | D9: Overall QA Status
A10: QuoteCompNJComponent | B10: 25
A11: StonePAThreshold | B11: 1000
A12: StonePACharge | B12: 95
A13: StoneNJThreshold | B13: 1200
A14: StoneNJCharge | B14: 125
A15: StoneNJComponent | B15: 25
A18: Method guide
A19: Purpose: compare competitor and Stonebridge offers on a delivered per-unit basis for a selected destination and freight view.
A20: QUOTE_ORDER uses each party’s included-line quote subtotal. It best reflects the economics of this specific contested quote, but can overstate freight when the quote is unusually small.
A21: REPLENISHMENT_ORDER uses the entered representative replenishment subtotals. It can better reflect normal ordering behavior, but is less specific to the present quote and requires a defensible replenishment estimate.
A22: Reviewer standard: accept the selected basis when the rationale names the ordering pattern, explains why the basis fits Foxhollow’s situation, and acknowledges its limitation. Reject unsupported or blank rationale.
A23: Enter requested units in the approved Comparison UOM. Case/pack rounding is upward; delivered units expose overage. Competitor terms credit is 2% only when documented and marked YES. Stonebridge receives no prompt-payment credit.
A24: Select PA or NJ; minimums are inclusive. Freight is calculated once per party and allocated across active lines by line gross, preserving cents only for display. Unit Difference is Stonebridge minus competitor: negative means LOWER.
A25: Reference map: Foxhollow_competitor_quote.pdf controls competitor packs, prices, freight minimum and terms; Stonebridge_price_export.xlsx controls Stonebridge SKU, selling unit, packs and prices; PA_NJ_delivery_policy.pdf controls jurisdictional thresholds, charges and NJ handling; customer_terms_policy.docx controls terms eligibility; PVF_item_crosswalk.xlsx controls item/SKU/UOM mapping; Normalization_control_catalog.xlsx controls labels, lists, named ranges and QA cases.
A28: Field guide
A29: Inputs: Quote ID, Account, Quote Date, destination, freight basis, representative subtotals, rationale, Include, SKU/item, description, UOM, requested units, case/pack quantities and prices, terms earned, notes. Outputs: required cases/packs, delivered units, gross, terms rate/credit, freight share, net delivered total, delivered unit cost, Unit Difference, Unit Difference Percent and Result.
A32: Scoring guide
A33: Control | B33: Status | C33: Reviewer cue
A34: Decision fields complete | B34: =IF(AND(Comparison!B6<>"",Comparison!B7<>""),"PASS","FAIL") | C34: Jurisdiction and freight basis selected
A35: Rationale usable | B35: =IF(LEN(Comparison!B10)>=20,"PASS","FAIL") | C35: Explain commercial fit and limitation
A36: Active lines / commercial inputs | B36: =IF(Comparison!B12>0,"PASS","FAIL") | C36: At least one complete included line
A37: QA status | B37: =K80 | C37: All keyed assertions pass
A40: Keyed verification cases
A41: Case ID | B41: Scenario | C41: Jurisdiction | D41: Basis | E41: Requested | F41: Comp Pack | G41: Comp Price | H41: SB Pack | I41: SB Price | J41: Terms Earned | K41: Comp Rep Subtotal | L41: SB Rep Subtotal | M41: Expected 1 | N41: Actual 1 | O41: Expected 2 | P41: Actual 2 | Q41: Expected 3 | R41: Actual 3 | S41: Status
A42: QA-1 | B42: Pack rounding and delivered-unit overage | C42: PA | D42: QUOTE_ORDER | E42: 13 | F42: 8 | G42: 84 | H42: 10 | I42: 72 | J42: NO | K42: 1000 | L42: 1000 | M42: 2 | N42: =ROUNDUP(E42/F42,0) | O42: 2 | P42: =ROUNDUP(E42/H42,0) | R42: =ROUND(G42*0%,2) | S42: =IF(AND(ABS(N42-M42)<0.01,ABS(P42-O42)<0.01,ABS(R42-Q42)<0.01),"PASS","FAIL")
A43: QA-2 | B43: Freight boundary: below versus at minimum | C43: PA | D43: QUOTE_ORDER | E43: 12 | F43: 12 | G43: 100 | H43: 10 | I43: 80 | J43: NO | K43: 1499.99 | L43: 1000 | M43: 145 | N43: =IF(K43<QuoteCompPAThreshold,QuoteCompPACharge,0) | O43: 0 | P43: =IF(K43+0.01>=QuoteCompPAThreshold,0,QuoteCompPACharge) | R43: =0 | S43: =IF(AND(ABS(N43-M43)<0.01,ABS(P43-O43)<0.01,ABS(R43-Q43)<0.01),"PASS","FAIL")
A44: QA-3 | B44: PA versus NJ jurisdiction treatment | C44: PA | D44: QUOTE_ORDER | E44: 10 | F44: 10 | G44: 160 | H44: 10 | I44: 80 | J44: NO | K44: 1600 | L44: 1600 | M44: 0 | N44: =IF(C44="PA",IF(K44>=QuoteCompPAThreshold,0,QuoteCompPACharge),IF(K44>=QuoteCompNJThreshold,0,QuoteCompNJCharge+QuoteCompNJComponent)) | O44: 0 | P44: =IF(C44="PA",IF(K44>=StonePAThreshold,0,StonePACharge),IF(K44>=StoneNJThreshold,0,StoneNJCharge+StoneNJComponent)) | Q44: 200 | R44: =IF(K44<QuoteCompNJThreshold,QuoteCompNJCharge+QuoteCompNJComponent,0) | S44: =IF(AND(ABS(N44-M44)<0.01,ABS(P44-O44)<0.01,ABS(R44-Q44)<0.01),"PASS","FAIL")
A45: QA-4 | B45: Competitor terms earned versus not earned | C45: PA | D45: QUOTE_ORDER | E45: 10 | F45: 10 | G45: 100 | H45: 10 | I45: 80 | J45: YES | K45: 1000 | L45: 1000 | M45: 2 | N45: =G45*IF(J45="YES",QuoteTermsRate,0) | O45: 0 | P45: =G45*IF("NO"="YES",QuoteTermsRate,0) | R45: =G45*0% | S45: =IF(AND(ABS(N45-M45)<0.01,ABS(P45-O45)<0.01,ABS(R45-Q45)<0.01),"PASS","FAIL")
A48: QA notes: Actual columns are formulas; Expected columns are controlled key values. Change an expected value to confirm its assertion fails.
A80: Overall QA Status | K80: =IF(COUNTIF(S42:S45,"FAIL")=0,"PASS","FAIL")
