Workbook
Name ServiceTypes: 'Lists'!$F$2:$F$6
Name ReviewStatuses: 'Lists'!$H$2:$H$8

Sheet Instructions
A1: Windrose Community Supports — Billable-Unit Verification
A3: Purpose | B3: Clerks complete this workbook on screen before a Medicaid waiver claim is released. Print the Verification sheet for Javier Magnusson, the downstream reviewer and decision maker.
A4: Timing | B4: Use it against one claim’s visit-log service lines before submission. The current review deadline is 3 p.m. Friday.
A5: Enter | B5: In the yellow cells, enter service date, participant ID, staff ID, start/end times, service type, observed group size, and any exception note. The ten rows are intentionally blank for a reusable claim.
A6: Do not overwrite | B6: Blue cells are formulas: duration, billable units, and review status/rule reference. They calculate after a complete row is entered and are protected from ordinary editing.
A7: Unusual lines | B7: Keep every observed line in its original row, including a cap-limited or out-of-range group-size line. Use the unrestricted Exception note field to explain why it remains for review.
A8: Selections | B8: Use the Service type dropdown. Review statuses are calculated; their controlled meanings and the service-type vocabulary are on Lists. Group-size validation warns outside 1–6 but allows the observed value to remain.
A9: Rules | B9: The Verification page contains the working rule legend. Ashgrove Press_unit_rules.docx is the governing memo; its R1–R6 codes match each calculated review status.
A10: Review | B10: Javier records a blank-on-delivery disposition and initials after checking totals, flagged lines, rule code, and exception notes. “Review required” means do not assume release without his decision.

Sheet Verification
A1: Billable-Unit Verification Instrument
A2: Complete from one claim’s visit log before release • Yellow = clerk input • Blue = calculated / do not overwrite
A3: Retain unusual service lines. “Review required” identifies the rule basis; use Exception note for the observed circumstance.
A4: Claim / batch reference (optional): ________________________________________________
A5: Service-line entry grid — enter only yellow cells; all ten rows stay available, including exceptions.
A6: Service date | B6: Participant ID | C6: Staff ID | D6: Start time | E6: End time | F6: Service type | G6: Group size | H6: Duration minutes | I6: Billable units | J6: Review status / rule reference | K6: Exception note (unrestricted)
H7: =IF(OR(D7="",E7=""),"",ROUND(MOD(E7-D7,1)*1440,0)) | I7: =IF(OR(H7="",F7="",G7="",A7="",B7="",C7=""),"",MIN(ROUNDUP(ROUNDUP(H7/Lists!$B$2,0)/IF(COUNTIF(Lists!$D$2:$D$3,F7)>0,G7,1)/COUNTIFS($A$7:$A$16,A7,$C$7:$C$16,C7,$D$7:$D$16,D7,$E$7:$E$16,E7),0),MAX(0,Lists!$B$3-0))) | J7: =IF(COUNTA(A7:G7)=0,"",IF(COUNTA(A7:G7)<7,"Review required — missing input",IF((--(E7<D7)+--(COUNTIF(Lists!$D$2:$D$3,F7)>0)+--(COUNTIFS($A$7:$A$16,A7,$C$7:$C$16,C7,$D$7:$D$16,D7,$E$7:$E$16,E7)>1)+--(I7<ROUNDUP(ROUNDUP(H7/Lists!$B$2,0)/IF(COUNTIF(Lists!$D$2:$D$3,F7)>0,G7,1)/COUNTIFS($A$7:$A$16,A7,$C$7:$C$16,C7,$D$7:$D$16,D7,$E$7:$E$16,E7),0)))>1,"Review required — R6 collision",IF(I7<ROUNDUP(ROUNDUP(H7/Lists!$B$2,0)/IF(COUNTIF(Lists!$D$2:$D$3,F7)>0,G7,1)/COUNTIFS($A$7:$A$16,A7,$C$7:$C$16,C7,$D$7:$D$16,D7,$E$7:$E$16,E7),0),"Review required — R3 daily cap",IF(COUNTIFS($A$7:$A$16,A7,$C$7:$C$16,C7,$D$7:$D$16,D7,$E$7:$E$16,E7)>1,"Review required — R4 shared staff",IF(E7<D7,"Review required — R5 overnight",IF(COUNTIF(Lists!$D$2:$D$3,F7)>0,"Review required — R2 group session","Ready for review — R1 ordinary")))))))
H8: =IF(OR(D8="",E8=""),"",ROUND(MOD(E8-D8,1)*1440,0)) | I8: =IF(OR(H8="",F8="",G8="",A8="",B8="",C8=""),"",MIN(ROUNDUP(ROUNDUP(H8/Lists!$B$2,0)/IF(COUNTIF(Lists!$D$2:$D$3,F8)>0,G8,1)/COUNTIFS($A$7:$A$16,A8,$C$7:$C$16,C8,$D$7:$D$16,D8,$E$7:$E$16,E8),0),MAX(0,Lists!$B$3-SUM(IF(AND($A$7=A8,$B$7=B8),$I$7,0))))) | J8: =IF(COUNTA(A8:G8)=0,"",IF(COUNTA(A8:G8)<7,"Review required — missing input",IF((--(E8<D8)+--(COUNTIF(Lists!$D$2:$D$3,F8)>0)+--(COUNTIFS($A$7:$A$16,A8,$C$7:$C$16,C8,$D$7:$D$16,D8,$E$7:$E$16,E8)>1)+--(I8<ROUNDUP(ROUNDUP(H8/Lists!$B$2,0)/IF(COUNTIF(Lists!$D$2:$D$3,F8)>0,G8,1)/COUNTIFS($A$7:$A$16,A8,$C$7:$C$16,C8,$D$7:$D$16,D8,$E$7:$E$16,E8),0)))>1,"Review required — R6 collision",IF(I8<ROUNDUP(ROUNDUP(H8/Lists!$B$2,0)/IF(COUNTIF(Lists!$D$2:$D$3,F8)>0,G8,1)/COUNTIFS($A$7:$A$16,A8,$C$7:$C$16,C8,$D$7:$D$16,D8,$E$7:$E$16,E8),0),"Review required — R3 daily cap",IF(COUNTIFS($A$7:$A$16,A8,$C$7:$C$16,C8,$D$7:$D$16,D8,$E$7:$E$16,E8)>1,"Review required — R4 shared staff",IF(E8<D8,"Review required — R5 overnight",IF(COUNTIF(Lists!$D$2:$D$3,F8)>0,"Review required — R2 group session","Ready for review — R1 ordinary")))))))
H9: =IF(OR(D9="",E9=""),"",ROUND(MOD(E9-D9,1)*1440,0)) | I9: =IF(OR(H9="",F9="",G9="",A9="",B9="",C9=""),"",MIN(ROUNDUP(ROUNDUP(H9/Lists!$B$2,0)/IF(COUNTIF(Lists!$D$2:$D$3,F9)>0,G9,1)/COUNTIFS($A$7:$A$16,A9,$C$7:$C$16,C9,$D$7:$D$16,D9,$E$7:$E$16,E9),0),MAX(0,Lists!$B$3-SUM(IF(AND($A$7=A9,$B$7=B9),$I$7,0),IF(AND($A$8=A9,$B$8=B9),$I$8,0))))) | J9: =IF(COUNTA(A9:G9)=0,"",IF(COUNTA(A9:G9)<7,"Review required — missing input",IF((--(E9<D9)+--(COUNTIF(Lists!$D$2:$D$3,F9)>0)+--(COUNTIFS($A$7:$A$16,A9,$C$7:$C$16,C9,$D$7:$D$16,D9,$E$7:$E$16,E9)>1)+--(I9<ROUNDUP(ROUNDUP(H9/Lists!$B$2,0)/IF(COUNTIF(Lists!$D$2:$D$3,F9)>0,G9,1)/COUNTIFS($A$7:$A$16,A9,$C$7:$C$16,C9,$D$7:$D$16,D9,$E$7:$E$16,E9),0)))>1,"Review required — R6 collision",IF(I9<ROUNDUP(ROUNDUP(H9/Lists!$B$2,0)/IF(COUNTIF(Lists!$D$2:$D$3,F9)>0,G9,1)/COUNTIFS($A$7:$A$16,A9,$C$7:$C$16,C9,$D$7:$D$16,D9,$E$7:$E$16,E9),0),"Review required — R3 daily cap",IF(COUNTIFS($A$7:$A$16,A9,$C$7:$C$16,C9,$D$7:$D$16,D9,$E$7:$E$16,E9)>1,"Review required — R4 shared staff",IF(E9<D9,"Review required — R5 overnight",IF(COUNTIF(Lists!$D$2:$D$3,F9)>0,"Review required — R2 group session","Ready for review — R1 ordinary")))))))
H10: =IF(OR(D10="",E10=""),"",ROUND(MOD(E10-D10,1)*1440,0)) | I10: =IF(OR(H10="",F10="",G10="",A10="",B10="",C10=""),"",MIN(ROUNDUP(ROUNDUP(H10/Lists!$B$2,0)/IF(COUNTIF(Lists!$D$2:$D$3,F10)>0,G10,1)/COUNTIFS($A$7:$A$16,A10,$C$7:$C$16,C10,$D$7:$D$16,D10,$E$7:$E$16,E10),0),MAX(0,Lists!$B$3-SUM(IF(AND($A$7=A10,$B$7=B10),$I$7,0),IF(AND($A$8=A10,$B$8=B10),$I$8,0),IF(AND($A$9=A10,$B$9=B10),$I$9,0))))) | J10: =IF(COUNTA(A10:G10)=0,"",IF(COUNTA(A10:G10)<7,"Review required — missing input",IF((--(E10<D10)+--(COUNTIF(Lists!$D$2:$D$3,F10)>0)+--(COUNTIFS($A$7:$A$16,A10,$C$7:$C$16,C10,$D$7:$D$16,D10,$E$7:$E$16,E10)>1)+--(I10<ROUNDUP(ROUNDUP(H10/Lists!$B$2,0)/IF(COUNTIF(Lists!$D$2:$D$3,F10)>0,G10,1)/COUNTIFS($A$7:$A$16,A10,$C$7:$C$16,C10,$D$7:$D$16,D10,$E$7:$E$16,E10),0)))>1,"Review required — R6 collision",IF(I10<ROUNDUP(ROUNDUP(H10/Lists!$B$2,0)/IF(COUNTIF(Lists!$D$2:$D$3,F10)>0,G10,1)/COUNTIFS($A$7:$A$16,A10,$C$7:$C$16,C10,$D$7:$D$16,D10,$E$7:$E$16,E10),0),"Review required — R3 daily cap",IF(COUNTIFS($A$7:$A$16,A10,$C$7:$C$16,C10,$D$7:$D$16,D10,$E$7:$E$16,E10)>1,"Review required — R4 shared staff",IF(E10<D10,"Review required — R5 overnight",IF(COUNTIF(Lists!$D$2:$D$3,F10)>0,"Review required — R2 group session","Ready for review — R1 ordinary")))))))
H11: =IF(OR(D11="",E11=""),"",ROUND(MOD(E11-D11,1)*1440,0)) | I11: =IF(OR(H11="",F11="",G11="",A11="",B11="",C11=""),"",MIN(ROUNDUP(ROUNDUP(H11/Lists!$B$2,0)/IF(COUNTIF(Lists!$D$2:$D$3,F11)>0,G11,1)/COUNTIFS($A$7:$A$16,A11,$C$7:$C$16,C11,$D$7:$D$16,D11,$E$7:$E$16,E11),0),MAX(0,Lists!$B$3-SUM(IF(AND($A$7=A11,$B$7=B11),$I$7,0),IF(AND($A$8=A11,$B$8=B11),$I$8,0),IF(AND($A$9=A11,$B$9=B11),$I$9,0),IF(AND($A$10=A11,$B$10=B11),$I$10,0))))) | J11: =IF(COUNTA(A11:G11)=0,"",IF(COUNTA(A11:G11)<7,"Review required — missing input",IF((--(E11<D11)+--(COUNTIF(Lists!$D$2:$D$3,F11)>0)+--(COUNTIFS($A$7:$A$16,A11,$C$7:$C$16,C11,$D$7:$D$16,D11,$E$7:$E$16,E11)>1)+--(I11<ROUNDUP(ROUNDUP(H11/Lists!$B$2,0)/IF(COUNTIF(Lists!$D$2:$D$3,F11)>0,G11,1)/COUNTIFS($A$7:$A$16,A11,$C$7:$C$16,C11,$D$7:$D$16,D11,$E$7:$E$16,E11),0)))>1,"Review required — R6 collision",IF(I11<ROUNDUP(ROUNDUP(H11/Lists!$B$2,0)/IF(COUNTIF(Lists!$D$2:$D$3,F11)>0,G11,1)/COUNTIFS($A$7:$A$16,A11,$C$7:$C$16,C11,$D$7:$D$16,D11,$E$7:$E$16,E11),0),"Review required — R3 daily cap",IF(COUNTIFS($A$7:$A$16,A11,$C$7:$C$16,C11,$D$7:$D$16,D11,$E$7:$E$16,E11)>1,"Review required — R4 shared staff",IF(E11<D11,"Review required — R5 overnight",IF(COUNTIF(Lists!$D$2:$D$3,F11)>0,"Review required — R2 group session","Ready for review — R1 ordinary")))))))
H12: =IF(OR(D12="",E12=""),"",ROUND(MOD(E12-D12,1)*1440,0)) | I12: =IF(OR(H12="",F12="",G12="",A12="",B12="",C12=""),"",MIN(ROUNDUP(ROUNDUP(H12/Lists!$B$2,0)/IF(COUNTIF(Lists!$D$2:$D$3,F12)>0,G12,1)/COUNTIFS($A$7:$A$16,A12,$C$7:$C$16,C12,$D$7:$D$16,D12,$E$7:$E$16,E12),0),MAX(0,Lists!$B$3-SUM(IF(AND($A$7=A12,$B$7=B12),$I$7,0),IF(AND($A$8=A12,$B$8=B12),$I$8,0),IF(AND($A$9=A12,$B$9=B12),$I$9,0),IF(AND($A$10=A12,$B$10=B12),$I$10,0),IF(AND($A$11=A12,$B$11=B12),$I$11,0))))) | J12: =IF(COUNTA(A12:G12)=0,"",IF(COUNTA(A12:G12)<7,"Review required — missing input",IF((--(E12<D12)+--(COUNTIF(Lists!$D$2:$D$3,F12)>0)+--(COUNTIFS($A$7:$A$16,A12,$C$7:$C$16,C12,$D$7:$D$16,D12,$E$7:$E$16,E12)>1)+--(I12<ROUNDUP(ROUNDUP(H12/Lists!$B$2,0)/IF(COUNTIF(Lists!$D$2:$D$3,F12)>0,G12,1)/COUNTIFS($A$7:$A$16,A12,$C$7:$C$16,C12,$D$7:$D$16,D12,$E$7:$E$16,E12),0)))>1,"Review required — R6 collision",IF(I12<ROUNDUP(ROUNDUP(H12/Lists!$B$2,0)/IF(COUNTIF(Lists!$D$2:$D$3,F12)>0,G12,1)/COUNTIFS($A$7:$A$16,A12,$C$7:$C$16,C12,$D$7:$D$16,D12,$E$7:$E$16,E12),0),"Review required — R3 daily cap",IF(COUNTIFS($A$7:$A$16,A12,$C$7:$C$16,C12,$D$7:$D$16,D12,$E$7:$E$16,E12)>1,"Review required — R4 shared staff",IF(E12<D12,"Review required — R5 overnight",IF(COUNTIF(Lists!$D$2:$D$3,F12)>0,"Review required — R2 group session","Ready for review — R1 ordinary")))))))
H13: =IF(OR(D13="",E13=""),"",ROUND(MOD(E13-D13,1)*1440,0)) | I13: =IF(OR(H13="",F13="",G13="",A13="",B13="",C13=""),"",MIN(ROUNDUP(ROUNDUP(H13/Lists!$B$2,0)/IF(COUNTIF(Lists!$D$2:$D$3,F13)>0,G13,1)/COUNTIFS($A$7:$A$16,A13,$C$7:$C$16,C13,$D$7:$D$16,D13,$E$7:$E$16,E13),0),MAX(0,Lists!$B$3-SUM(IF(AND($A$7=A13,$B$7=B13),$I$7,0),IF(AND($A$8=A13,$B$8=B13),$I$8,0),IF(AND($A$9=A13,$B$9=B13),$I$9,0),IF(AND($A$10=A13,$B$10=B13),$I$10,0),IF(AND($A$11=A13,$B$11=B13),$I$11,0),IF(AND($A$12=A13,$B$12=B13),$I$12,0))))) | J13: =IF(COUNTA(A13:G13)=0,"",IF(COUNTA(A13:G13)<7,"Review required — missing input",IF((--(E13<D13)+--(COUNTIF(Lists!$D$2:$D$3,F13)>0)+--(COUNTIFS($A$7:$A$16,A13,$C$7:$C$16,C13,$D$7:$D$16,D13,$E$7:$E$16,E13)>1)+--(I13<ROUNDUP(ROUNDUP(H13/Lists!$B$2,0)/IF(COUNTIF(Lists!$D$2:$D$3,F13)>0,G13,1)/COUNTIFS($A$7:$A$16,A13,$C$7:$C$16,C13,$D$7:$D$16,D13,$E$7:$E$16,E13),0)))>1,"Review required — R6 collision",IF(I13<ROUNDUP(ROUNDUP(H13/Lists!$B$2,0)/IF(COUNTIF(Lists!$D$2:$D$3,F13)>0,G13,1)/COUNTIFS($A$7:$A$16,A13,$C$7:$C$16,C13,$D$7:$D$16,D13,$E$7:$E$16,E13),0),"Review required — R3 daily cap",IF(COUNTIFS($A$7:$A$16,A13,$C$7:$C$16,C13,$D$7:$D$16,D13,$E$7:$E$16,E13)>1,"Review required — R4 shared staff",IF(E13<D13,"Review required — R5 overnight",IF(COUNTIF(Lists!$D$2:$D$3,F13)>0,"Review required — R2 group session","Ready for review — R1 ordinary")))))))
H14: =IF(OR(D14="",E14=""),"",ROUND(MOD(E14-D14,1)*1440,0)) | I14: =IF(OR(H14="",F14="",G14="",A14="",B14="",C14=""),"",MIN(ROUNDUP(ROUNDUP(H14/Lists!$B$2,0)/IF(COUNTIF(Lists!$D$2:$D$3,F14)>0,G14,1)/COUNTIFS($A$7:$A$16,A14,$C$7:$C$16,C14,$D$7:$D$16,D14,$E$7:$E$16,E14),0),MAX(0,Lists!$B$3-SUM(IF(AND($A$7=A14,$B$7=B14),$I$7,0),IF(AND($A$8=A14,$B$8=B14),$I$8,0),IF(AND($A$9=A14,$B$9=B14),$I$9,0),IF(AND($A$10=A14,$B$10=B14),$I$10,0),IF(AND($A$11=A14,$B$11=B14),$I$11,0),IF(AND($A$12=A14,$B$12=B14),$I$12,0),IF(AND($A$13=A14,$B$13=B14),$I$13,0))))) | J14: =IF(COUNTA(A14:G14)=0,"",IF(COUNTA(A14:G14)<7,"Review required — missing input",IF((--(E14<D14)+--(COUNTIF(Lists!$D$2:$D$3,F14)>0)+--(COUNTIFS($A$7:$A$16,A14,$C$7:$C$16,C14,$D$7:$D$16,D14,$E$7:$E$16,E14)>1)+--(I14<ROUNDUP(ROUNDUP(H14/Lists!$B$2,0)/IF(COUNTIF(Lists!$D$2:$D$3,F14)>0,G14,1)/COUNTIFS($A$7:$A$16,A14,$C$7:$C$16,C14,$D$7:$D$16,D14,$E$7:$E$16,E14),0)))>1,"Review required — R6 collision",IF(I14<ROUNDUP(ROUNDUP(H14/Lists!$B$2,0)/IF(COUNTIF(Lists!$D$2:$D$3,F14)>0,G14,1)/COUNTIFS($A$7:$A$16,A14,$C$7:$C$16,C14,$D$7:$D$16,D14,$E$7:$E$16,E14),0),"Review required — R3 daily cap",IF(COUNTIFS($A$7:$A$16,A14,$C$7:$C$16,C14,$D$7:$D$16,D14,$E$7:$E$16,E14)>1,"Review required — R4 shared staff",IF(E14<D14,"Review required — R5 overnight",IF(COUNTIF(Lists!$D$2:$D$3,F14)>0,"Review required — R2 group session","Ready for review — R1 ordinary")))))))
H15: =IF(OR(D15="",E15=""),"",ROUND(MOD(E15-D15,1)*1440,0)) | I15: =IF(OR(H15="",F15="",G15="",A15="",B15="",C15=""),"",MIN(ROUNDUP(ROUNDUP(H15/Lists!$B$2,0)/IF(COUNTIF(Lists!$D$2:$D$3,F15)>0,G15,1)/COUNTIFS($A$7:$A$16,A15,$C$7:$C$16,C15,$D$7:$D$16,D15,$E$7:$E$16,E15),0),MAX(0,Lists!$B$3-SUM(IF(AND($A$7=A15,$B$7=B15),$I$7,0),IF(AND($A$8=A15,$B$8=B15),$I$8,0),IF(AND($A$9=A15,$B$9=B15),$I$9,0),IF(AND($A$10=A15,$B$10=B15),$I$10,0),IF(AND($A$11=A15,$B$11=B15),$I$11,0),IF(AND($A$12=A15,$B$12=B15),$I$12,0),IF(AND($A$13=A15,$B$13=B15),$I$13,0),IF(AND($A$14=A15,$B$14=B15),$I$14,0))))) | J15: =IF(COUNTA(A15:G15)=0,"",IF(COUNTA(A15:G15)<7,"Review required — missing input",IF((--(E15<D15)+--(COUNTIF(Lists!$D$2:$D$3,F15)>0)+--(COUNTIFS($A$7:$A$16,A15,$C$7:$C$16,C15,$D$7:$D$16,D15,$E$7:$E$16,E15)>1)+--(I15<ROUNDUP(ROUNDUP(H15/Lists!$B$2,0)/IF(COUNTIF(Lists!$D$2:$D$3,F15)>0,G15,1)/COUNTIFS($A$7:$A$16,A15,$C$7:$C$16,C15,$D$7:$D$16,D15,$E$7:$E$16,E15),0)))>1,"Review required — R6 collision",IF(I15<ROUNDUP(ROUNDUP(H15/Lists!$B$2,0)/IF(COUNTIF(Lists!$D$2:$D$3,F15)>0,G15,1)/COUNTIFS($A$7:$A$16,A15,$C$7:$C$16,C15,$D$7:$D$16,D15,$E$7:$E$16,E15),0),"Review required — R3 daily cap",IF(COUNTIFS($A$7:$A$16,A15,$C$7:$C$16,C15,$D$7:$D$16,D15,$E$7:$E$16,E15)>1,"Review required — R4 shared staff",IF(E15<D15,"Review required — R5 overnight",IF(COUNTIF(Lists!$D$2:$D$3,F15)>0,"Review required — R2 group session","Ready for review — R1 ordinary")))))))
H16: =IF(OR(D16="",E16=""),"",ROUND(MOD(E16-D16,1)*1440,0)) | I16: =IF(OR(H16="",F16="",G16="",A16="",B16="",C16=""),"",MIN(ROUNDUP(ROUNDUP(H16/Lists!$B$2,0)/IF(COUNTIF(Lists!$D$2:$D$3,F16)>0,G16,1)/COUNTIFS($A$7:$A$16,A16,$C$7:$C$16,C16,$D$7:$D$16,D16,$E$7:$E$16,E16),0),MAX(0,Lists!$B$3-SUM(IF(AND($A$7=A16,$B$7=B16),$I$7,0),IF(AND($A$8=A16,$B$8=B16),$I$8,0),IF(AND($A$9=A16,$B$9=B16),$I$9,0),IF(AND($A$10=A16,$B$10=B16),$I$10,0),IF(AND($A$11=A16,$B$11=B16),$I$11,0),IF(AND($A$12=A16,$B$12=B16),$I$12,0),IF(AND($A$13=A16,$B$13=B16),$I$13,0),IF(AND($A$14=A16,$B$14=B16),$I$14,0),IF(AND($A$15=A16,$B$15=B16),$I$15,0))))) | J16: =IF(COUNTA(A16:G16)=0,"",IF(COUNTA(A16:G16)<7,"Review required — missing input",IF((--(E16<D16)+--(COUNTIF(Lists!$D$2:$D$3,F16)>0)+--(COUNTIFS($A$7:$A$16,A16,$C$7:$C$16,C16,$D$7:$D$16,D16,$E$7:$E$16,E16)>1)+--(I16<ROUNDUP(ROUNDUP(H16/Lists!$B$2,0)/IF(COUNTIF(Lists!$D$2:$D$3,F16)>0,G16,1)/COUNTIFS($A$7:$A$16,A16,$C$7:$C$16,C16,$D$7:$D$16,D16,$E$7:$E$16,E16),0)))>1,"Review required — R6 collision",IF(I16<ROUNDUP(ROUNDUP(H16/Lists!$B$2,0)/IF(COUNTIF(Lists!$D$2:$D$3,F16)>0,G16,1)/COUNTIFS($A$7:$A$16,A16,$C$7:$C$16,C16,$D$7:$D$16,D16,$E$7:$E$16,E16),0),"Review required — R3 daily cap",IF(COUNTIFS($A$7:$A$16,A16,$C$7:$C$16,C16,$D$7:$D$16,D16,$E$7:$E$16,E16)>1,"Review required — R4 shared staff",IF(E16<D16,"Review required — R5 overnight",IF(COUNTIF(Lists!$D$2:$D$3,F16)>0,"Review required — R2 group session","Ready for review — R1 ordinary")))))))
A18: Claim Summary
A19: Completed lines | B19: =COUNTIF(A7:A16,"<>") | C19: Total billable units | D19: =SUM(I7:I16) | F19: Lines needing review | G19: =COUNTIF(J7:J16,"Review required*") | I19: Formula key | J19: Blue cells calculate | K19: Yellow cells accept entry
A20: Review required lines are retained for Javier’s decision; verify the displayed rule code and exception note before claim release.
A21: Javier’s disposition: | H21: Initials / date:
A22: Reviewer comments: __________________________________________________________________________________
A23: Visible Rule Legend — use the displayed review status / rule reference to trace each completed line.
A24: R1 Ordinary — elapsed minutes are rounded up to a 15-minute billable unit.
A25: R2 Group session — Community Participation or Day Habilitation units are divided by observed group size, then rounded up.
A26: R3 Daily cap — maximum 24 units per participant and service date; retain the observed line and use an exception note.
A27: R4 Shared staff — identical staff / start / end lines share units; each retained line is divided by the matching line count.
A28: R5 Overnight / R6 Collision — an end time earlier than start time crosses midnight; when special conditions collide, apply overnight → 15-minute rounding → group division → shared-staff division → daily cap.

Sheet Lists
A1: Rule values | B1: Value | D1: Group-session service types | F1: Service types | H1: Review statuses
A2: Minutes per billable unit | B2: 15 | D2: Community Participation | F2: Individual Supports | H2: Ready for review — R1 ordinary
A3: Daily cap per participant/date | B3: 24 | D3: Day Habilitation | F3: Community Participation | H3: Review required — R2 group session
A4: Valid group size minimum | B4: 1 | F4: Day Habilitation | H4: Review required — R3 daily cap
A5: Valid group size maximum | B5: 6 | F5: Respite | H5: Review required — R4 shared staff
F6: Supported Employment | H6: Review required — R5 overnight
H7: Review required — R6 collision
H8: Review required — missing input
