Workbook

Sheet Exposure Summary
A1: Dalefield Industries | Coupling failure exposure review
A2: Existing review workbook | Ontario and Michigan Friday run
A3: Run ID | B3: FRI-ONT-MI-2026-08-21 | D3: Run date | E3: 46255 | G3: Pieces/carton | H3: 43 | J3: Review threshold (%) | K3: 20
A4: Rate comparison precision | B4: 2 decimal percentage points | D4: Exposure basis | E4: Dispatched cartons (pending correction) | G4: Key treatment | H4: Source presentation | J4: Analyst decision / recommendation
A5: Current summary uses dispatched cartons and prior residual values pending reconciliation. Source rate is shown as recorded.
A7: Current exposure | Friday run
A8: Run ID | B8: Jurisdiction | C8: Exposure basis | D8: Population cartons | E8: Pieces/carton | F8: Population coupling pieces | G8: Source rate (%) raw | H8: Normalised rate (%) | I8: Threshold (%) | J8: Rate status | K8: Expected exposed coupling-equivalent | L8: Matched record count
A9: FRI-ONT-MI-2026-08-21 | B9: Ontario | C9: ='Dispatch Source'!E5 -> Ontario | D9: =SUMIF('Dispatch Source'!E$5:E$12,B9,'Dispatch Source'!F$5:F$12) -> 38 | E9: =1 -> 1 | F9: =D9*E9 -> 38 | G9: =AVERAGEIF('Inspection Source'!E$5:E$12,B9,'Inspection Source'!H$5:H$12) -> 22.6 | H9: =ROUND(G9,1) -> 22.6 | I9: =$K$3 -> 20 | J9: =IF(H9>I9,"Above threshold","Below threshold") -> Above threshold | K9: ='Residual Calc'!D5 -> 56.9 | L9: =COUNTIF('Dispatch Source'!E$5:E$12,B9) -> 3
A10: FRI-ONT-MI-2026-08-21 | B10: Michigan | C10: ='Dispatch Source'!E8 -> Michigan | D10: =SUMIF('Dispatch Source'!E$5:E$12,B10,'Dispatch Source'!F$5:F$12) -> 34 | E10: =1 -> 1 | F10: =D10*E10 -> 34 | G10: =AVERAGEIF('Inspection Source'!E$5:E$12,B10,'Inspection Source'!H$5:H$12) -> 18.4 | H10: =ROUND(G10,1) -> 18.4 | I10: =$K$3 -> 20 | J10: =IF(H10>I10,"Above threshold","Below threshold") -> Below threshold | K10: ='Residual Calc'!D8 -> 25.3 | L10: =COUNTIF('Dispatch Source'!E$5:E$12,B10) -> 3
A11: FRI-ONT-MI-2026-08-21 | B11: Combined | C11: Mixed legacy view | D11: =SUM(D9:D10) -> 72 | E11: =1 -> 1 | F11: =SUM(F9:F10) -> 72 | J11: n/a | K11: =SUM(K9:K10) -> 82.2 | L11: =SUM(L9:L10) -> 6
A14: Friday scenario projection | supplied cartons and rate assumptions
A15: Scenario | B15: Jurisdiction | C15: Supplied cartons | D15: Pieces/carton | E15: Projected coupling pieces | F15: Scenario rate (%) raw | G15: Normalised rate (%) | H15: Threshold (%) | I15: Rate status | J15: Expected exposed coupling-equivalent | K15: Calculation logic
A16: Steady release | B16: Ontario | C16: 40 | D16: 43 | E16: =C16 -> 40 | F16: 21.25 | G16: =ROUND(F16,1) -> 21.3 | H16: =$K$3 -> 20 | I16: =IF(G16>H16,"Above threshold","Below threshold") -> Above threshold | J16: =E16*G16/100 -> 8.52 | K16: Cartons x rate
A17: Steady release | B17: Michigan | C17: 36 | D17: 43 | E17: =C17 -> 36 | F17: 17.9 | G17: =ROUND(F17,1) -> 17.9 | H17: =$K$3 -> 20 | I17: =IF(G17>H17,"Above threshold","Below threshold") -> Below threshold | J17: =E17*G17/100 -> 6.444 | K17: Cartons x rate
A18: Steady release | B18: Combined | C18: =SUM(C16:C17) -> 76 | D18: 43 | E18: =SUM(E16:E17) -> 76 | I18: n/a | J18: =SUM(J16:J17) -> 14.964 | K18: Sum of jurisdiction rows
A19: Expedited replenishment | B19: Ontario | C19: 52 | D19: 43 | E19: =C19 -> 52 | F19: 24.1 | G19: =ROUND(F19,1) -> 24.1 | H19: =$K$3 -> 20 | I19: =IF(G19>H19,"Above threshold","Below threshold") -> Above threshold | J19: =E19*G19/100 -> 12.532 | K19: Cartons x rate
A20: Expedited replenishment | B20: Michigan | C20: 48 | D20: 43 | E20: =C20 -> 48 | F20: 19.2 | G20: =ROUND(F20,1) -> 19.2 | H20: =$K$3 -> 20 | I20: =IF(G20>H20,"Above threshold","Below threshold") -> Below threshold | J20: =E20*G20/100 -> 9.216 | K20: Cartons x rate
A21: Expedited replenishment | B21: Combined | C21: =SUM(C19:C20) -> 100 | D21: 43 | E21: =SUM(E19:E20) -> 100 | I21: n/a | J21: =SUM(J19:J20) -> 21.748 | K21: Sum of jurisdiction rows
A22: Contained rework | B22: Ontario | C22: 28 | D22: 43 | E22: =C22 -> 28 | F22: 16.75 | G22: =ROUND(F22,1) -> 16.8 | H22: =$K$3 -> 20 | I22: =IF(G22>H22,"Above threshold","Below threshold") -> Below threshold | J22: =E22*G22/100 -> 4.704 | K22: Cartons x rate
A23: Contained rework | B23: Michigan | C23: 24 | D23: 43 | E23: =C23 -> 24 | F23: 14.4 | G23: =ROUND(F23,1) -> 14.4 | H23: =$K$3 -> 20 | I23: =IF(G23>H23,"Above threshold","Below threshold") -> Below threshold | J23: =E23*G23/100 -> 3.456 | K23: Cartons x rate
A24: Contained rework | B24: Combined | C24: =SUM(C22:C23) -> 52 | D24: 43 | E24: =SUM(E22:E23) -> 52 | I24: n/a | J24: =SUM(J22:J23) -> 8.16 | K24: Sum of jurisdiction rows
A28: Reconciliation trail | record grain: one coupling key
A29: Normalised key | B29: Inspection record | C29: Dispatch record | D29: Run ID | E29: Jurisdiction | F29: Disposition | G29: Shipment status | H29: Accepted cartons | I29: Dispatched cartons | J29: Chosen cartons | K29: Chosen coupling pieces | L29: Source rate (%) raw | M29: Normalised rate (%) | N29: Scope / match
A30: DF-ONT-041 | B30: INSP-2401 | D30: FRI-ONT-MI-2026-08-21 | E30: Ontario | F30: Accepted | H30: 12 | L30: 22.6 | N30: Pending reconciliation
A31: df-ont-042 | B31: INSP-2402 | D31: FRI-ONT-MI-2026-08-21 | E31: Ontario | F31: Accepted | H31: 9 | L31: 22.6 | N31: Pending reconciliation
A32: DF-ONT-043 | B32: INSP-2403 | D32: FRI-ONT-MI-2026-08-21 | E32: Ontario | F32: Accepted | H32: 15 | L32: 22.6 | N32: Pending reconciliation
A33: DF-MI-051 | B33: INSP-2404 | D33: FRI-ONT-MI-2026-08-21 | E33: Michigan | F33: Accepted | H33: 10 | L33: 18.4 | N33: Pending reconciliation
A34: df-mi-052 | B34: INSP-2405 | D34: FRI-ONT-MI-2026-08-21 | E34: Michigan | F34: Accepted | H34: 14 | L34: 18.4 | N34: Pending reconciliation
A35: DF-MI-053 | B35: INSP-2406 | D35: FRI-ONT-MI-2026-08-21 | E35: Michigan | F35: Accepted | H35: 8 | L35: 18.4 | N35: Pending reconciliation
A36: DF-QC-061 | B36: INSP-2407 | D36: FRI-ONT-MI-2026-08-21 | E36: Quebec | F36: Accepted | H36: 20 | L36: 7.5 | N36: Pending reconciliation
A37: DF-OH-071 | B37: INSP-2408 | D37: THU-OH-2026-08-20 | E37: Ohio | F37: Accepted | H37: 6 | L37: 11.3 | N37: Pending reconciliation
A41: Authorised change log
A42: Cell / range | B42: Prior value or formula | C42: Replacement value or formula | D42: Source or calculation basis | E42: Authority status

Sheet Inspection Source
A1: Dalefield Industries | Coupling inspection extract
A3: Exported 2026-08-16 14:30 UTC | Quality inspection ledger
A4: Inspection ID | B4: Coupling Key | C4: Run ID | D4: Inspection Date | E4: Jurisdiction | F4: Accepted qty | G4: Disposition | H4: Observed defect rate (%) | I4: Inspector | J4: Workcell
A5: INSP-2401 | B5: DF-ONT-041 | C5: FRI-ONT-MI-2026-08-21 | D5: 46255 | E5: Ontario | F5: 12 | G5: Accepted | H5: 22.6 | I5: A. Patel | J5: Cell 3
A6: INSP-2402 | B6: df-ont-042 | C6: FRI-ONT-MI-2026-08-21 | D6: 46255 | E6: Ontario | F6: 9 | G6: Accepted | H6: 22.6 | I6: A. Patel | J6: Cell 3
A7: INSP-2403 | B7: DF-ONT-043 | C7: FRI-ONT-MI-2026-08-21 | D7: 46255 | E7: Ontario | F7: 15 | G7: Accepted | H7: 22.6 | I7: N. Cho | J7: Cell 5
A8: INSP-2404 | B8: DF-MI-051 | C8: FRI-ONT-MI-2026-08-21 | D8: 46255 | E8: Michigan | F8: 10 | G8: Accepted | H8: 18.4 | I8: N. Cho | J8: Cell 5
A9: INSP-2405 | B9: df-mi-052 | C9: FRI-ONT-MI-2026-08-21 | D9: 46255 | E9: Michigan | F9: 14 | G9: Accepted | H9: 18.4 | I9: R. Bell | J9: Cell 2
A10: INSP-2406 | B10: DF-MI-053 | C10: FRI-ONT-MI-2026-08-21 | D10: 46255 | E10: Michigan | F10: 8 | G10: Accepted | H10: 18.4 | I10: R. Bell | J10: Cell 2
A11: INSP-2407 | B11: DF-QC-061 | C11: FRI-ONT-MI-2026-08-21 | D11: 46255 | E11: Quebec | F11: 20 | G11: Accepted | H11: 7.5 | I11: A. Patel | J11: Cell 3
A12: INSP-2408 | B12: DF-OH-071 | C12: THU-OH-2026-08-20 | D12: 46254 | E12: Ohio | F12: 6 | G12: Accepted | H12: 11.3 | I12: M. Osei | J12: Cell 1

Sheet Dispatch Source
A1: Dalefield Industries | Coupling dispatch extract
A3: Exported 2026-08-16 14:36 UTC | Distribution dispatch ledger
A4: Dispatch No | B4: Coupling Key | C4: Run ID | D4: Dispatch Date | E4: Destination | F4: Qty Shipped | G4: Shipment status | H4: Dock | I4: Customer Ref
A5: DSP-8101 | B5: df-ont-041 | C5: FRI-ONT-MI-2026-08-21 | D5: 46255 | E5: Ontario | F5: 13 | G5: Released | H5: D-04 | I5: ON-P4-118
A6: DSP-8102 | B6: DF-ONT-042 | C6: FRI-ONT-MI-2026-08-21 | D6: 46255 | E6: Ontario | F6: 9 | G6: Released | H6: D-04 | I6: ON-P4-118
A7: DSP-8103 | B7: df-ont-043 | C7: FRI-ONT-MI-2026-08-21 | D7: 46255 | E7: Ontario | F7: 16 | G7: Released | H7: D-06 | I7: ON-P4-119
A8: DSP-8104 | B8: DF-MI-051 | C8: FRI-ONT-MI-2026-08-21 | D8: 46255 | E8: Michigan | F8: 11 | G8: Released | H8: D-02 | I8: MI-A2-404
A9: DSP-8105 | B9: DF-MI-052 | C9: FRI-ONT-MI-2026-08-21 | D9: 46255 | E9: Michigan | F9: 14 | G9: Released | H9: D-02 | I9: MI-A2-404
A10: DSP-8106 | B10: df-mi-053 | C10: FRI-ONT-MI-2026-08-21 | D10: 46255 | E10: Michigan | F10: 9 | G10: Released | H10: D-03 | I10: MI-A2-405
A11: DSP-8107 | B11: DF-QC-061 | C11: FRI-ONT-MI-2026-08-21 | D11: 46255 | E11: Quebec | F11: 20 | G11: Released | H11: D-07 | I11: QC-M8-021
A12: DSP-8108 | B12: DF-OH-071 | C12: THU-OH-2026-08-20 | D12: 46254 | E12: Ohio | F12: 6 | G12: Released | H12: D-01 | I12: OH-R1-077

Sheet Residual Calc
A1: Coupling residual calculation export
A3: Extracted 2026-08-14 17:05 UTC | Prior review calculation
A4: Coupling key | B4: Region | C4: Cartons | D4: Residual helper | E4: Review label
A5: DF-ONT-041 | B5: Ontario | C5: 13 | D5: 56.9 | E5: Run review
A6: DF-ONT-042 | B6: Ontario | C6: 9 | D6: 11.2 | E6: Run review
A7: DF-ONT-043 | B7: Ontario | C7: 16 | D7: 15.7 | E7: Run review
A8: DF-MI-051 | B8: Michigan | C8: 11 | D8: 25.3 | E8: Run review
A9: DF-MI-052 | B9: Michigan | C9: 14 | D9: 18.5 | E9: Run review
A10: DF-MI-053 | B10: Michigan | C10: 9 | D10: 13.8 | E10: Run review
A11: DF-QC-061 | B11: Quebec | C11: 20 | D11: 7.1 | E11: Run review
A12: DF-OH-071 | B12: Ohio | C12: 6 | D12: 3.6 | E12: Run review
