Workbook

Sheet Read Me
A1: Amberfield Works media signals - planning workbook
A3: Working use
A4: This log is the evidence base for internal communications planning around the September announcement. It contains source-level records, not a finished count.
A6: Review notes
A7: Reconcile earned editorial items before using the forecast table. Network copies, owned activity, paid activity, calendars and administrative listings do not necessarily carry the same weight.
A8: A source date or regional tag may only be changed when the source-evidence note supports it. Leave a missing metadata item open when the log does not support a correction.
A9: The model inputs are agreed planning assumptions. Complete the live formula structure in the forecast rather than typing output values.
A10: The Monitoring Register is deliberately empty for use after the announcement. Keep its controlled fields and table structure intact.
A13: Exported from Communications Planning / 14-Aug-26 16:40 UTC
A15: Completed model status
A16: Regional Forecast holds decision-facing formulas and chart outputs. Signal Log and Decision Log retain the audit trail. The Monitoring Register contains no post-announcement records.

Sheet Signal Log
A1: Historical media signal log
A2: Reconciled source-level log. Used fields show only source-supported corrections; Count in model is the canonical eligible-item marker.
A4: Captured 14-Aug-26 | source titles and labels as retained in the planning log
A5: Signal ID | B5: Analogue announcement | C5: Published date (source) | D5: Publication date (used) | E5: Outlet | F5: Region (source) | G5: Region (used) | H5: Headline | I5: Item type | J5: Syndication marker | K5: Audience / relevance | L5: Source-evidence note | M5: Inclusion decision | N5: Group identifier | O5: Canonical record | P5: Count in model | Q5: Decision rationale
A6: SIG-001 | B6: April 2024 intake | C6: 45390 | D6: 45390 | E6: North March Chronicle | F6: North & Borders | G6: North & Borders | H6: Amberfield opens applications for trainee places | I6: Earned editorial | J6: Standalone | K6: Regional business | L6: Article page carries a reporter byline and local workforce context. | M6: Eligible | N6: ED-SIG-001 | O6: Yes | P6: =IF(AND(M6="Eligible",O6="Yes"),1,0) -> 1 | Q6: Distinct earned editorial item with its own reporting context.
A7: SIG-002 | B7: April 2024 intake | C7: 45391 | D7: 45391 | E7: North March Chronicle | F7: North & Borders | G7: North & Borders | H7: Amberfield confirms spring apprenticeship intake | I7: Earned editorial | J7: Network feed A-17 / lead | K7: Regional news | L7: Lead record; copy carries a Network Service byline. | M7: Eligible | N7: NET-A-17 | O7: Yes | P7: =IF(AND(M7="Eligible",O7="Yes"),1,0) -> 1 | Q7: Canonical earned editorial item for the network cluster.
A8: SIG-003 | B8: April 2024 intake | C8: 45391 | D8: 45391 | E8: Rillford Gazette | F8: North & Borders | G8: North & Borders | H8: Amberfield confirms spring apprenticeship intake | I8: Earned editorial | J8: Network feed A-17 / pickup | K8: Community news | L8: Body and wire attribution match Network feed A-17. | M8: Eligible | N8: NET-A-17 | O8: No | P8: =IF(AND(M8="Eligible",O8="Yes"),1,0) -> 0 | Q8: Syndicated pickup grouped with the canonical network item.
A9: SIG-004 | B9: April 2024 intake | C9: 45392 | D9: 45393 | E9: Westbank Evening | F9: North & Borders | G9: North & Borders | H9: Amberfield confirms spring apprenticeship intake | I9: Earned editorial | J9: Network feed A-17 / pickup | K9: Local news | L9: Body and wire attribution match Network feed A-17. Screenshot footer records 11 Apr 2024, 08:11 UTC; use 11 Apr 2024. | M9: Eligible | N9: NET-A-17 | O9: No | P9: =IF(AND(M9="Eligible",O9="Yes"),1,0) -> 0 | Q9: Syndicated pickup grouped with the canonical network item.
A10: SIG-005 | B10: April 2024 intake | C10: 45393 | D10: 45393 | E10: Rivergate Journal | F10: North & Borders | G10: North & Borders | H10: Amberfield spring intake: one workshop's local view | I10: Earned editorial | J10: Local rewrite | K10: Skills and work | L10: Byline follows a Rivergate workshop visit and adds a local training-coordinator comment and site detail absent from Network feed A-17. | M10: Eligible | N10: ED-SIG-005 | O10: Yes | P10: =IF(AND(M10="Eligible",O10="Yes"),1,0) -> 1 | Q10: Retained separately: source note establishes original local reporting.
A11: SIG-006 | B11: April 2024 intake | C11: 45394 | D11: 45394 | E11: North March Business | F11: North & Borders | G11: North & Borders | H11: Employers note Amberfield training route | I11: Earned editorial | J11: Standalone | K11: Business | L11: Short original business report with a separate reporter byline. | M11: Eligible | N11: ED-SIG-006 | O11: Yes | P11: =IF(AND(M11="Eligible",O11="Yes"),1,0) -> 1 | Q11: Distinct earned editorial item with its own reporting context.
A12: SIG-007 | B12: April 2024 intake | C12: 45390 | D12: 45390 | E12: Central Ledger | F12: Central Counties | G12: Central Counties | H12: Career route announced by Amberfield | I12: Earned editorial | J12: Standalone | K12: County news | L12: Original county desk copy. | M12: Eligible | N12: ED-SIG-007 | O12: Yes | P12: =IF(AND(M12="Eligible",O12="Yes"),1,0) -> 1 | Q12: Distinct earned editorial item with its own reporting context.
A13: SIG-008 | B13: April 2024 intake | C13: 45392 | D13: 45392 | E13: Vale Business Ledger | F13: Central Counties | G13: Central Counties | H13: Workshop places open for spring | I13: Earned editorial | J13: Standalone | K13: Business | L13: Original business feature with county labour-market context. | M13: Eligible | N13: ED-SIG-008 | O13: Yes | P13: =IF(AND(M13="Eligible",O13="Yes"),1,0) -> 1 | Q13: Distinct earned editorial item with its own reporting context.
A14: SIG-009 | B14: April 2024 intake | C14: 45395 | D14: 45395 | E14: Bramley Post | F14: Central Counties | G14: Central Counties | H14: Training routes in the weekly education round-up | I14: Earned editorial | J14: Standalone | K14: Education | L14: Editorial round-up; Amberfield item is independently written. | M14: Eligible | N14: ED-SIG-009 | O14: Yes | P14: =IF(AND(M14="Eligible",O14="Yes"),1,0) -> 1 | Q14: Distinct earned editorial item with its own reporting context.
A15: SIG-010 | B15: April 2024 intake | C15: 45390 | D15: 45390 | E15: Amberfield Works newsroom | F15: Central Counties | G15: Central Counties | H15: New intake on Amberfield Works newsdesk | I15: Owned channel | J15: Amberfield owned site | K15: Company update | L15: Company-hosted update. | M15: Excluded | P15: =IF(AND(M15="Eligible",O15="Yes"),1,0) -> 0 | Q15: Excluded: owned company activity is not earned editorial attention.
A16: SIG-011 | B16: April 2024 intake | C16: 45391 | D16: 45391 | E16: Coastal Dispatch | F16: Coastal South | G16: Coastal South | H16: Amberfield programme offers new workshop route | I16: Earned editorial | J16: Standalone | K16: Coastal business | L16: Original dispatch report. | M16: Eligible | N16: ED-SIG-011 | O16: Yes | P16: =IF(AND(M16="Eligible",O16="Yes"),1,0) -> 1 | Q16: Distinct earned editorial item with its own reporting context.
A17: SIG-012 | B17: April 2024 intake | C17: 45396 | D17: 45396 | E17: Southport Times | F17: Coastal South | G17: Coastal South | H17: Placement routes open for applicants | I17: Earned editorial | J17: Standalone | K17: Local news | L17: Original local-news item. | M17: Eligible | N17: ED-SIG-012 | O17: Yes | P17: =IF(AND(M17="Eligible",O17="Yes"),1,0) -> 1 | Q17: Distinct earned editorial item with its own reporting context.
A18: SIG-013 | B18: April 2024 intake | C18: 45397 | D18: 45397 | E18: Harbour Noticeboard | F18: Coastal South | G18: Coastal South | H18: September skills diary | I18: Calendar / administrative | J18: Community listing | K18: Community diary | L18: Community diary entry without editorial reporting. | M18: Excluded | P18: =IF(AND(M18="Eligible",O18="Yes"),1,0) -> 0 | Q18: Excluded: calendar or administrative listing is not earned editorial reporting.
A19: SIG-014 | B19: April 2024 intake | C19: 45398 | D19: 45398 | E19: Vale Business Ledger | F19: Central Counties | G19: Central Counties | H19: Amberfield training route | I19: Paid placement | J19: Advertiser-disclosed slot | K19: Business | L19: Paid content label is visible on the captured page. | M19: Excluded | P19: =IF(AND(M19="Eligible",O19="Yes"),1,0) -> 0 | Q19: Excluded: advertiser-disclosed activity is not earned editorial attention.
A20: SIG-015 | B20: September 2024 workshop intake | C20: 45539 | D20: 45539 | E20: North March Chronicle | F20: North & Borders | G20: North & Borders | H20: Amberfield workshop apprenticeship intake opens | I20: Earned editorial | J20: Standalone | K20: Regional business | L20: Original reporter byline. | M20: Eligible | N20: ED-SIG-015 | O20: Yes | P20: =IF(AND(M20="Eligible",O20="Yes"),1,0) -> 1 | Q20: Distinct earned editorial item with its own reporting context.
A21: SIG-016 | B21: September 2024 workshop intake | C21: 45540 | D21: 45540 | E21: Rillford Gazette | F21: North & Borders | G21: North & Borders | H21: New route brings workshop training places | I21: Earned editorial | J21: Standalone | K21: Community news | L21: Local reporter copy. | M21: Eligible | N21: ED-SIG-016 | O21: Yes | P21: =IF(AND(M21="Eligible",O21="Yes"),1,0) -> 1 | Q21: Distinct earned editorial item with its own reporting context.
A22: SIG-017 | B22: September 2024 workshop intake | C22: 45541 | D22: 45541 | E22: Rivergate Journal | F22: North & Borders | G22: North & Borders | H22: Amberfield adds apprenticeship route | I22: Earned editorial | J22: Standalone | K22: Skills and work | L22: Original local report. | M22: Eligible | N22: ED-SIG-017 | O22: Yes | P22: =IF(AND(M22="Eligible",O22="Yes"),1,0) -> 1 | Q22: Distinct earned editorial item with its own reporting context.
A23: SIG-018 | B23: September 2024 workshop intake | C23: 45543 | D23: 45543 | E23: North March Business | F23: North & Borders | G23: North & Borders | H23: Business brief: Amberfield training intake | I23: Earned editorial | J23: Standalone | K23: Business | L23: Editorial brief with a named reporter. | M23: Eligible | N23: ED-SIG-018 | O23: Yes | P23: =IF(AND(M23="Eligible",O23="Yes"),1,0) -> 1 | Q23: Distinct earned editorial item with its own reporting context.
A24: SIG-019 | B24: September 2024 workshop intake | C24: 45544 | D24: 45544 | E24: North March Journal | F24: Central Counties | G24: North & Borders | H24: Workshop apprenticeships extend at Amberfield | I24: Earned editorial | J24: Standalone | K24: Regional news | L24: Outlet-location record assigns North March Journal to North & Borders; use North & Borders. Article page has no separate location tag. | M24: Eligible | N24: ED-SIG-019 | O24: Yes | P24: =IF(AND(M24="Eligible",O24="Yes"),1,0) -> 1 | Q24: Distinct earned editorial item with its own reporting context.
A25: SIG-020 | B25: September 2024 workshop intake | C25: 45546 | D25: 45546 | E25: Borderline Weekly | F25: North & Borders | G25: North & Borders | H25: Training places draw local interest | I25: Earned editorial | J25: Standalone | K25: Local news | L25: Original weekly report. | M25: Eligible | N25: ED-SIG-020 | O25: Yes | P25: =IF(AND(M25="Eligible",O25="Yes"),1,0) -> 1 | Q25: Distinct earned editorial item with its own reporting context.
A26: SIG-021 | B26: September 2024 workshop intake | C26: 45539 | D26: 45539 | E26: Central Ledger | F26: Central Counties | G26: Central Counties | H26: Amberfield confirms workshop apprenticeship intake | I26: Earned editorial | J26: Network feed S-04 / lead | K26: County news | L26: Lead record; copy carries a Network Service byline. | M26: Eligible | N26: NET-S-04 | O26: Yes | P26: =IF(AND(M26="Eligible",O26="Yes"),1,0) -> 1 | Q26: Canonical earned editorial item for the network cluster.
A27: SIG-022 | B27: September 2024 workshop intake | C27: 45539 | D27: 45539 | E27: Bramley Post | F27: Central Counties | G27: Central Counties | H27: Amberfield confirms workshop apprenticeship intake | I27: Earned editorial | J27: Network feed S-04 / pickup | K27: Community news | L27: Body and wire attribution match Network feed S-04. | M27: Eligible | N27: NET-S-04 | O27: No | P27: =IF(AND(M27="Eligible",O27="Yes"),1,0) -> 0 | Q27: Syndicated pickup grouped with the canonical network item.
A28: SIG-023 | B28: September 2024 workshop intake | C28: 45540 | D28: 45540 | E28: Vale Business Ledger | F28: Central Counties | G28: Central Counties | H28: Amberfield confirms workshop apprenticeship intake | I28: Earned editorial | J28: Network feed S-04 / pickup | K28: Business | L28: Body and wire attribution match Network feed S-04. | M28: Eligible | N28: NET-S-04 | O28: No | P28: =IF(AND(M28="Eligible",O28="Yes"),1,0) -> 0 | Q28: Syndicated pickup grouped with the canonical network item.
A29: SIG-024 | B29: September 2024 workshop intake | C29: 45541 | D29: 45541 | E29: Central Ledger | F29: Central Counties | G29: Central Counties | H29: Training intake makes room for new workshop route | I29: Earned editorial | J29: Standalone | K29: County news | L29: Original desk report. | M29: Eligible | N29: ED-SIG-024 | O29: Yes | P29: =IF(AND(M29="Eligible",O29="Yes"),1,0) -> 1 | Q29: Distinct earned editorial item with its own reporting context.
A30: SIG-025 | B30: September 2024 workshop intake | C30: 45543 | D30: 45543 | E30: Vale Business Ledger | F30: Central Counties | G30: Central Counties | H30: Employers prepare for autumn apprentice intake | I30: Earned editorial | J30: Standalone | K30: Business | L30: Original business report. | M30: Eligible | N30: ED-SIG-025 | O30: Yes | P30: =IF(AND(M30="Eligible",O30="Yes"),1,0) -> 1 | Q30: Distinct earned editorial item with its own reporting context.
A31: SIG-026 | B31: September 2024 workshop intake | C31: 45547 | D31: 45547 | E31: Bramley Post | F31: Central Counties | G31: Central Counties | H31: Local employers discuss apprenticeship pathways | I31: Earned editorial | J31: Standalone | K31: Education | L31: Original education desk report. | M31: Eligible | N31: ED-SIG-026 | O31: Yes | P31: =IF(AND(M31="Eligible",O31="Yes"),1,0) -> 1 | Q31: Distinct earned editorial item with its own reporting context.
A32: SIG-027 | B32: September 2024 workshop intake | C32: 45542 | D32: 45542 | F32: Coastal South | G32: Coastal South | H32: Autumn careers calendar | I32: Calendar / administrative | J32: Archive clipping | K32: Community diary | L32: Archive capture has an event date and partial title only; masthead and original page are unavailable. | M32: Excluded | P32: =IF(AND(M32="Eligible",O32="Yes"),1,0) -> 0 | Q32: Excluded: calendar or administrative listing is not earned editorial reporting.
A33: SIG-028 | B33: September 2024 workshop intake | C33: 45539 | D33: 45539 | E33: Coastal Dispatch | F33: Coastal South | G33: Coastal South | H33: Amberfield apprenticeship route returns for autumn | I33: Earned editorial | J33: Standalone | K33: Coastal business | L33: Original dispatch report. | M33: Eligible | N33: ED-SIG-028 | O33: Yes | P33: =IF(AND(M33="Eligible",O33="Yes"),1,0) -> 1 | Q33: Distinct earned editorial item with its own reporting context.
A34: SIG-029 | B34: September 2024 workshop intake | C34: 45542 | D34: 45542 | E34: Southport Times | F34: Coastal South | G34: Coastal South | H34: Workshop intake offers more local training places | I34: Earned editorial | J34: Standalone | K34: Local news | L34: Original local-news report. | M34: Eligible | N34: ED-SIG-029 | O34: Yes | P34: =IF(AND(M34="Eligible",O34="Yes"),1,0) -> 1 | Q34: Distinct earned editorial item with its own reporting context.
A35: SIG-030 | B35: September 2024 workshop intake | C35: 45545 | D35: 45545 | E35: Harbour Ledger | F35: Coastal South | G35: Coastal South | H35: Apprenticeship route features in work supplement | I35: Earned editorial | J35: Standalone | K35: Work and skills | L35: Original supplement report. | M35: Eligible | N35: ED-SIG-030 | O35: Yes | P35: =IF(AND(M35="Eligible",O35="Yes"),1,0) -> 1 | Q35: Distinct earned editorial item with its own reporting context.
A36: SIG-031 | B36: September 2024 workshop intake | C36: 45546 | D36: 45546 | E36: Coastal Dispatch | F36: Coastal South | G36: Coastal South | H36: Amberfield apprenticeship route | I36: Paid placement | J36: Advertiser-disclosed slot | K36: Coastal business | L36: Paid content label is visible on the captured page. | M36: Excluded | P36: =IF(AND(M36="Eligible",O36="Yes"),1,0) -> 0 | Q36: Excluded: advertiser-disclosed activity is not earned editorial attention.

Sheet Scenario Model
A1: Scenario model - working inputs
A2: Agreed internal planning inputs. Scenario calculations remain live in Regional Forecast; inputs may be adjusted during the meeting.
H3: Controlled values
A4: Planned launch date | B4: 46283 | C4: Planning input | H4: Scenario labels | I4: Review Status | J4: Originality | K4: Region
A5: Delay interval (days) | B5: 14 | C5: Planning input | H5: Baseline | I5: Not reviewed | J5: Original | K5: North & Borders
A6: Delayed attention retention | B6: 0.65 | C6: Planning input | H6: Delayed-launch | I6: Relevant | J6: Syndicated | K6: Central Counties
A7: High-interest uplift | B7: 2.1 | C7: Planning input | H7: High-interest | I7: Duplicate | J7: Unclear | K7: Coastal South
A8: Confirmed-pitch conversion | B8: 0.5 | C8: Planning input | I8: Out of scope
A9: Window lead-in (days) | B9: 1 | C9: Planning input
A10: Intensive window length (days) | B10: 8 | C10: Planning input
A13: Regional planning inputs
A14: Region | B14: Readiness index | C14: Confirmed pitches | D14: Regional-hook increment
A15: North & Borders | B15: 1.2 | C15: 2 | D15: 5
A16: Central Counties | B16: 0.9 | C16: 2 | D16: 2
A17: Coastal South | B17: 1 | C17: 1 | D17: 1
A20: Model convention retained in the live forecast
A21: Baseline = ROUND(median eligible analogue count x regional readiness + confirmed pitches x confirmed-pitch conversion, 0)
A22: Delayed-launch = ROUND(Baseline x delayed attention retention, 0); move the monitoring window by the delay interval.
A23: High-interest = ROUND(Baseline x high-interest uplift + regional-hook increment, 0).

Sheet Regional Forecast
A1: Regional Forecast - internal planning model
A2: Internal planning scenarios derived from reconciled unique earned editorial signals. Planning scenarios, not predictions.
A4: Scenario | B4: Window start | C4: Window end | D4: Package total | E4: Planning use
A5: Baseline | B5: =PlannedLaunchDate-WindowLeadInDays -> 46282 | C5: =B5+WindowLengthDays-1 -> 46289 | D5: =SUM(E12:E14) -> 14 | E5: Primary staffing case
A6: Delayed-launch | B6: =B5+DelayDays -> 46296 | C6: =C5+DelayDays -> 46303 | D6: =SUM(F12:F14) -> 10 | E6: Shift timing; apply retention
A7: High-interest | B7: =B5 -> 46282 | C7: =C5 -> 46289 | D7: =SUM(G12:G14) -> 37 | E7: Capacity case with local hooks
A11: Region | B11: April 2024 eligible | C11: September 2024 eligible | D11: Median eligible | E11: Baseline | F11: Delayed-launch | G11: High-interest | H11: Baseline allocation | I11: Delayed allocation | J11: High-interest allocation
A12: North & Borders | B12: =SUMIFS('Signal Log'!$P$6:$P$36,'Signal Log'!$G$6:$G$36,$A12,'Signal Log'!$B$6:$B$36,"April 2024 intake") -> 4 | C12: =SUMIFS('Signal Log'!$P$6:$P$36,'Signal Log'!$G$6:$G$36,$A12,'Signal Log'!$B$6:$B$36,"September 2024 workshop intake") -> 6 | D12: =MEDIAN(B12:C12) -> 5 | E12: =ROUND(D12*INDEX('Scenario Model'!$B$15:$B$17,MATCH($A12,'Scenario Model'!$A$15:$A$17,0))+INDEX('Scenario Model'!$C$15:$C$17,MATCH($A12,'Scenario Model'!$A$15:$A$17,0))*PitchConversion,0) -> 7 | F12: =ROUND(E12*DelayedRetention,0) -> 5 | G12: =ROUND(E12*HighInterestUplift+INDEX('Scenario Model'!$D$15:$D$17,MATCH($A12,'Scenario Model'!$A$15:$A$17,0)),0) -> 20 | H12: =IFERROR(E12/$D$5,0) -> 0.5 | I12: =IFERROR(F12/$D$6,0) -> 0.5 | J12: =IFERROR(G12/$D$7,0) -> 0.54054054
A13: Central Counties | B13: =SUMIFS('Signal Log'!$P$6:$P$36,'Signal Log'!$G$6:$G$36,$A13,'Signal Log'!$B$6:$B$36,"April 2024 intake") -> 3 | C13: =SUMIFS('Signal Log'!$P$6:$P$36,'Signal Log'!$G$6:$G$36,$A13,'Signal Log'!$B$6:$B$36,"September 2024 workshop intake") -> 4 | D13: =MEDIAN(B13:C13) -> 3.5 | E13: =ROUND(D13*INDEX('Scenario Model'!$B$15:$B$17,MATCH($A13,'Scenario Model'!$A$15:$A$17,0))+INDEX('Scenario Model'!$C$15:$C$17,MATCH($A13,'Scenario Model'!$A$15:$A$17,0))*PitchConversion,0) -> 4 | F13: =ROUND(E13*DelayedRetention,0) -> 3 | G13: =ROUND(E13*HighInterestUplift+INDEX('Scenario Model'!$D$15:$D$17,MATCH($A13,'Scenario Model'!$A$15:$A$17,0)),0) -> 10 | H13: =IFERROR(E13/$D$5,0) -> 0.28571429 | I13: =IFERROR(F13/$D$6,0) -> 0.3 | J13: =IFERROR(G13/$D$7,0) -> 0.27027027
A14: Coastal South | B14: =SUMIFS('Signal Log'!$P$6:$P$36,'Signal Log'!$G$6:$G$36,$A14,'Signal Log'!$B$6:$B$36,"April 2024 intake") -> 2 | C14: =SUMIFS('Signal Log'!$P$6:$P$36,'Signal Log'!$G$6:$G$36,$A14,'Signal Log'!$B$6:$B$36,"September 2024 workshop intake") -> 3 | D14: =MEDIAN(B14:C14) -> 2.5 | E14: =ROUND(D14*INDEX('Scenario Model'!$B$15:$B$17,MATCH($A14,'Scenario Model'!$A$15:$A$17,0))+INDEX('Scenario Model'!$C$15:$C$17,MATCH($A14,'Scenario Model'!$A$15:$A$17,0))*PitchConversion,0) -> 3 | F14: =ROUND(E14*DelayedRetention,0) -> 2 | G14: =ROUND(E14*HighInterestUplift+INDEX('Scenario Model'!$D$15:$D$17,MATCH($A14,'Scenario Model'!$A$15:$A$17,0)),0) -> 7 | H14: =IFERROR(E14/$D$5,0) -> 0.21428571 | I14: =IFERROR(F14/$D$6,0) -> 0.2 | J14: =IFERROR(G14/$D$7,0) -> 0.18918919
A16: Live formula convention: results round to whole mentions; package totals and allocations recalculate from the regional outputs.

Sheet Monitoring Register
A1: Monitoring Register
A2: Enter observed records after the announcement. The blank table is ready for live use; controlled fields and summaries grow with tblMonitoring. | K2: Live summary
K3: Relevant | L3: =COUNTIF(tblMonitoring[Review Status],"Relevant") -> 0
K4: Not reviewed | L4: =COUNTIF(tblMonitoring[Review Status],"Not reviewed") -> 0
A5: Observed date | B5: Outlet | C5: Region | D5: Headline | E5: URL or reference | F5: Scenario Window | G5: Review Status | H5: Originality | I5: Notes | K5: Unclear originality | L5: =COUNTIF(tblMonitoring[Originality],"Unclear") -> 0
K7: Status cues appear only once an observed date is present.

Sheet Decision Log
A1: Decision Log
A2: Auditable record of consequential source, model, timing, and display decisions used in the planning package.
A5: Decision ID | B5: Decision type | C5: Affected ID / model area | D5: Action | E5: Original value | F5: Corrected / applied value | G5: Evidence / rationale | H5: Impact
A6: D-001 | B6: Syndication judgement | C6: SIG-002, SIG-003, SIG-004 / NET-A-17 | D6: Retain one canonical earned editorial item. | E6: Three related records | F6: NET-A-17; SIG-002 canonical | G6: Shared Network Service attribution and matching body identify one editorial item. | H6: April North & Borders eligible count
A7: D-002 | B7: Syndication judgement | C7: SIG-021, SIG-022, SIG-023 / NET-S-04 | D7: Retain one canonical earned editorial item. | E7: Three related records | F7: NET-S-04; SIG-021 canonical | G7: Shared Network Service attribution and matching body identify one editorial item. | H7: September Central Counties eligible count
A8: D-003 | B8: Local rewrite | C8: SIG-005 / ED-SIG-005 | D8: Retain as a separate eligible item. | E8: Similar wording to NET-A-17 | F8: Distinct local earned editorial item | G8: Source note documents a workshop visit, local coordinator comment, and site-specific context absent from the network item. | H8: April North & Borders eligible count
A9: D-004 | B9: Metadata correction | C9: SIG-004 | D9: Apply supported publication-date correction. | E9: 10 Apr 2024 | F9: 11 Apr 2024 | G9: The retained screenshot footer records 11 Apr 2024, 08:11 UTC. | H9: Signal Log used date; audit chronology
A10: D-005 | B10: Metadata correction | C10: SIG-019 | D10: Apply supported regional-label correction. | E10: Central Counties | F10: North & Borders | G10: The retained outlet-location record assigns North March Journal to North & Borders. | H10: September regional count and forecast input
A11: D-006 | B11: Forecast-model assumption | C11: Scenario Model and Regional Forecast | D11: Use live Baseline formula and whole-mention rounding. | E11: Unfinished template | F11: Median x readiness + converted pitches | G11: Agreed planning convention in Scenario Model; input cells remain editable for the meeting. | H11: All Baseline values and linked totals
A12: D-007 | B12: Scenario timing | C12: Delayed-launch window | D12: Shift the intensive window by 14 days; apply 65% retention after the shift. | E12: 17-24 Sep 2026 | F12: 1-8 Oct 2026 | G12: Delay is a planning timing treatment. Retention is a separate scenario input, not observed decline. | H12: Delayed-launch window and estimates
A13: D-008 | B13: Chart range | C13: Regional Forecast chart / North & Borders High-interest | D13: Remove the unfinished fixed maximum and retain the full result. | E13: Draft display maximum 15 | F13: Automatic axis; value 20 | G13: High-interest formula returns 20, so the draft maximum would obscure a material planning case. | H13: Chart readability and High-interest capacity case
A14: D-009 | B14: Unresolved metadata | C14: SIG-027 | D14: Leave outlet field blank; exclude calendar item. | E14: Outlet unavailable | F14: No inferred outlet | G14: Archive capture lacks a masthead and original page; no supported correction is available. | H14: Source integrity and limitations
