Workbook
Name PolicyVersions: 'Policy Register'!$J$6:$J$8
Name InspectionTypes: 'Policy Register'!$K$6:$K$8
Name DecisionTerms: 'Policy Register'!$L$6:$L$8
Name ExceptionCodes: 'Policy Register'!$M$6:$M$8
Name OwnerRoles: 'Policy Register'!$N$6:$N$8

Sheet Review Summary
A1: Silverbrook Analytics | Inspection Reconciliation Review
A2: Anvilcross Cooperative | Ontario policy snapshot frozen 2025-06-30 | legal review control
A3: Enter records on Inspection Log. Figures below are live formulas; use Change Log for authorized corrections and sign-off.
A5: Review controls
A6: Total inspections | B6: =COUNTIF('Inspection Log'!$A$6:$A$1005,"<>") | D6: Out-of-range results | E6: =COUNTIF('Inspection Log'!$L$6:$L$1005,"Below permitted range")+COUNTIF('Inspection Log'!$L$6:$L$1005,"Above permitted range") | G6: Open follow-up flags | H6: =COUNTIFS('Inspection Log'!$A$6:$A$1005,"<>",'Inspection Log'!$M$6:$M$1005,"")+COUNTIFS('Inspection Log'!$A$6:$A$1005,"<>",'Inspection Log'!$O$6:$O$1005,"")
A7: Review state | B7: =IF(B6=0,"Ready for entries",IF(H6>0,"Follow-up required","Ready for legal review")) | D7: Frozen policy | E7: ='Policy Register'!$B$2&" | "&TEXT('Policy Register'!$E$2,"yyyy-mm-dd") | G7: Log header count | H7: ='Inspection Log'!$B$3
A9: Decision breakdown | D9: Policy version breakdown | F9: Visible key
A10: Decision | B10: Count | D10: Policy version | E10: Count | F10: Treatment | G10: Meaning
A11: ='Policy Register'!$L$6 | B11: =COUNTIF('Inspection Log'!$M$6:$M$1005,A11) | D11: ='Policy Register'!$J$6 | E11: =COUNTIF('Inspection Log'!$F$6:$F$1005,D11) | F11: Pass | G11: Accepted decision
A12: ='Policy Register'!$L$7 | B12: =COUNTIF('Inspection Log'!$M$6:$M$1005,A12) | D12: ='Policy Register'!$J$7 | E12: =COUNTIF('Inspection Log'!$F$6:$F$1005,D12) | F12: Fail | G12: Adverse decision; document finding
A13: ='Policy Register'!$L$8 | B13: =COUNTIF('Inspection Log'!$M$6:$M$1005,A13) | D13: ='Policy Register'!$J$8 | E13: =COUNTIF('Inspection Log'!$F$6:$F$1005,D13) | F13: Hold | G13: Decision pending
F14: Out-of-range | G14: Keep value; record exception
F15: Follow-up | G15: Complete decision and owner
A17: Range status breakdown | D17: Working conventions
A18: Range status | B18: Count | D18: 1. Enter one record per row on Inspection Log; begin with Record ID and keep the source record version separate from the governing policy version.
A19: Within permitted range | B19: =COUNTIF('Inspection Log'!$L$6:$L$1005,A19) | D19: 2. Use the dropdowns for inspection type, policy version, decision, exception code, and finding owner. Blue cells are inputs; gray cells are calculated or protected.
A20: Awaiting observed value | B20: =COUNTIF('Inspection Log'!$L$6:$L$1005,A20) | D20: 3. Observed Value is unrestricted. Keep an unusual result as recorded, then use the range status, Exception Code, and Finding / Rationale to carry it into review.
A21: Below permitted range | B21: =COUNTIF('Inspection Log'!$L$6:$L$1005,A21) | D21: 4. A started row with no decision or finding owner is flagged. Use Change Reference to link an authorized correction to Change Log.
A22: Above permitted range | B22: =COUNTIF('Inspection Log'!$L$6:$L$1005,A22) | D22: 5. Status colors: green = within range or Pass; amber = pending or incomplete; red = below/above range or Fail. Counts update from Record ID values.
A23: Policy match required | B23: =COUNTIF('Inspection Log'!$L$6:$L$1005,A23)
A26: Review note: zero counts are neutral for a blank workbook. Reconcile March and April records against the selected frozen version; do not substitute outside policy terms.
A28: Workbook control | B28: Live formulas | protected calculations | source-backed lists

Sheet Inspection Log
A1: Inspection Log | Supplier reconciliation records
A2: Start each row with Record ID. Blue cells are editable; gray cells calculate from the frozen Policy Register.
A3: Live inspection count | B3: ='Review Summary'!$B$6 | C3: Out-of-range results | D3: ='Review Summary'!$E$6 | E3: Policy source | F3: ='Policy Register'!$B$2&" | frozen "&TEXT('Policy Register'!$E$2,"yyyy-mm-dd") | G3: Review convention: retain unusual observed values exactly as recorded; use Exception Code and Finding / Rationale to carry the issue forward.
A5: Record ID | B5: Inspection Date | C5: Supplier / Contract | D5: Inspection Type | E5: Record Version | F5: Governing Policy Version | G5: Policy Effective From | H5: Observed Value | I5: Unit | J5: Permitted Minimum | K5: Permitted Maximum | L5: Range Status | M5: Supervisor Decision | N5: Exception Code | O5: Finding Owner | P5: Finding / Rationale | Q5: Review Date | R5: Reviewed By | S5: Change Reference
G6: =IF($A6="","",IFERROR(INDEX('Policy Register'!$B$6:$B$14,MATCH($F6&"|"&$D6,'Policy Register'!$H$6:$H$14,0)),"")) | I6: =IF($A6="","",IFERROR(INDEX('Policy Register'!$E$6:$E$14,MATCH($F6&"|"&$D6,'Policy Register'!$H$6:$H$14,0)),"")) | J6: =IF($A6="","",IFERROR(INDEX('Policy Register'!$F$6:$F$14,MATCH($F6&"|"&$D6,'Policy Register'!$H$6:$H$14,0)),"")) | K6: =IF($A6="","",IFERROR(INDEX('Policy Register'!$G$6:$G$14,MATCH($F6&"|"&$D6,'Policy Register'!$H$6:$H$14,0)),"")) | L6: =IF($A6="","",IF($H6="","Awaiting observed value",IF(OR($J6="",$K6=""),"Policy match required",IF($H6<$J6,"Below permitted range",IF($H6>$K6,"Above permitted range","Within permitted range")))))
G7: =IF($A7="","",IFERROR(INDEX('Policy Register'!$B$6:$B$14,MATCH($F7&"|"&$D7,'Policy Register'!$H$6:$H$14,0)),"")) | I7: =IF($A7="","",IFERROR(INDEX('Policy Register'!$E$6:$E$14,MATCH($F7&"|"&$D7,'Policy Register'!$H$6:$H$14,0)),"")) | J7: =IF($A7="","",IFERROR(INDEX('Policy Register'!$F$6:$F$14,MATCH($F7&"|"&$D7,'Policy Register'!$H$6:$H$14,0)),"")) | K7: =IF($A7="","",IFERROR(INDEX('Policy Register'!$G$6:$G$14,MATCH($F7&"|"&$D7,'Policy Register'!$H$6:$H$14,0)),"")) | L7: =IF($A7="","",IF($H7="","Awaiting observed value",IF(OR($J7="",$K7=""),"Policy match required",IF($H7<$J7,"Below permitted range",IF($H7>$K7,"Above permitted range","Within permitted range")))))
G8: =IF($A8="","",IFERROR(INDEX('Policy Register'!$B$6:$B$14,MATCH($F8&"|"&$D8,'Policy Register'!$H$6:$H$14,0)),"")) | I8: =IF($A8="","",IFERROR(INDEX('Policy Register'!$E$6:$E$14,MATCH($F8&"|"&$D8,'Policy Register'!$H$6:$H$14,0)),"")) | J8: =IF($A8="","",IFERROR(INDEX('Policy Register'!$F$6:$F$14,MATCH($F8&"|"&$D8,'Policy Register'!$H$6:$H$14,0)),"")) | K8: =IF($A8="","",IFERROR(INDEX('Policy Register'!$G$6:$G$14,MATCH($F8&"|"&$D8,'Policy Register'!$H$6:$H$14,0)),"")) | L8: =IF($A8="","",IF($H8="","Awaiting observed value",IF(OR($J8="",$K8=""),"Policy match required",IF($H8<$J8,"Below permitted range",IF($H8>$K8,"Above permitted range","Within permitted range")))))
G9: =IF($A9="","",IFERROR(INDEX('Policy Register'!$B$6:$B$14,MATCH($F9&"|"&$D9,'Policy Register'!$H$6:$H$14,0)),"")) | I9: =IF($A9="","",IFERROR(INDEX('Policy Register'!$E$6:$E$14,MATCH($F9&"|"&$D9,'Policy Register'!$H$6:$H$14,0)),"")) | J9: =IF($A9="","",IFERROR(INDEX('Policy Register'!$F$6:$F$14,MATCH($F9&"|"&$D9,'Policy Register'!$H$6:$H$14,0)),"")) | K9: =IF($A9="","",IFERROR(INDEX('Policy Register'!$G$6:$G$14,MATCH($F9&"|"&$D9,'Policy Register'!$H$6:$H$14,0)),"")) | L9: =IF($A9="","",IF($H9="","Awaiting observed value",IF(OR($J9="",$K9=""),"Policy match required",IF($H9<$J9,"Below permitted range",IF($H9>$K9,"Above permitted range","Within permitted range")))))
G10: =IF($A10="","",IFERROR(INDEX('Policy Register'!$B$6:$B$14,MATCH($F10&"|"&$D10,'Policy Register'!$H$6:$H$14,0)),"")) | I10: =IF($A10="","",IFERROR(INDEX('Policy Register'!$E$6:$E$14,MATCH($F10&"|"&$D10,'Policy Register'!$H$6:$H$14,0)),"")) | J10: =IF($A10="","",IFERROR(INDEX('Policy Register'!$F$6:$F$14,MATCH($F10&"|"&$D10,'Policy Register'!$H$6:$H$14,0)),"")) | K10: =IF($A10="","",IFERROR(INDEX('Policy Register'!$G$6:$G$14,MATCH($F10&"|"&$D10,'Policy Register'!$H$6:$H$14,0)),"")) | L10: =IF($A10="","",IF($H10="","Awaiting observed value",IF(OR($J10="",$K10=""),"Policy match required",IF($H10<$J10,"Below permitted range",IF($H10>$K10,"Above permitted range","Within permitted range")))))
G11: =IF($A11="","",IFERROR(INDEX('Policy Register'!$B$6:$B$14,MATCH($F11&"|"&$D11,'Policy Register'!$H$6:$H$14,0)),"")) | I11: =IF($A11="","",IFERROR(INDEX('Policy Register'!$E$6:$E$14,MATCH($F11&"|"&$D11,'Policy Register'!$H$6:$H$14,0)),"")) | J11: =IF($A11="","",IFERROR(INDEX('Policy Register'!$F$6:$F$14,MATCH($F11&"|"&$D11,'Policy Register'!$H$6:$H$14,0)),"")) | K11: =IF($A11="","",IFERROR(INDEX('Policy Register'!$G$6:$G$14,MATCH($F11&"|"&$D11,'Policy Register'!$H$6:$H$14,0)),"")) | L11: =IF($A11="","",IF($H11="","Awaiting observed value",IF(OR($J11="",$K11=""),"Policy match required",IF($H11<$J11,"Below permitted range",IF($H11>$K11,"Above permitted range","Within permitted range")))))
G12: =IF($A12="","",IFERROR(INDEX('Policy Register'!$B$6:$B$14,MATCH($F12&"|"&$D12,'Policy Register'!$H$6:$H$14,0)),"")) | I12: =IF($A12="","",IFERROR(INDEX('Policy Register'!$E$6:$E$14,MATCH($F12&"|"&$D12,'Policy Register'!$H$6:$H$14,0)),"")) | J12: =IF($A12="","",IFERROR(INDEX('Policy Register'!$F$6:$F$14,MATCH($F12&"|"&$D12,'Policy Register'!$H$6:$H$14,0)),"")) | K12: =IF($A12="","",IFERROR(INDEX('Policy Register'!$G$6:$G$14,MATCH($F12&"|"&$D12,'Policy Register'!$H$6:$H$14,0)),"")) | L12: =IF($A12="","",IF($H12="","Awaiting observed value",IF(OR($J12="",$K12=""),"Policy match required",IF($H12<$J12,"Below permitted range",IF($H12>$K12,"Above permitted range","Within permitted range")))))
G13: =IF($A13="","",IFERROR(INDEX('Policy Register'!$B$6:$B$14,MATCH($F13&"|"&$D13,'Policy Register'!$H$6:$H$14,0)),"")) | I13: =IF($A13="","",IFERROR(INDEX('Policy Register'!$E$6:$E$14,MATCH($F13&"|"&$D13,'Policy Register'!$H$6:$H$14,0)),"")) | J13: =IF($A13="","",IFERROR(INDEX('Policy Register'!$F$6:$F$14,MATCH($F13&"|"&$D13,'Policy Register'!$H$6:$H$14,0)),"")) | K13: =IF($A13="","",IFERROR(INDEX('Policy Register'!$G$6:$G$14,MATCH($F13&"|"&$D13,'Policy Register'!$H$6:$H$14,0)),"")) | L13: =IF($A13="","",IF($H13="","Awaiting observed value",IF(OR($J13="",$K13=""),"Policy match required",IF($H13<$J13,"Below permitted range",IF($H13>$K13,"Above permitted range","Within permitted range")))))
G14: =IF($A14="","",IFERROR(INDEX('Policy Register'!$B$6:$B$14,MATCH($F14&"|"&$D14,'Policy Register'!$H$6:$H$14,0)),"")) | I14: =IF($A14="","",IFERROR(INDEX('Policy Register'!$E$6:$E$14,MATCH($F14&"|"&$D14,'Policy Register'!$H$6:$H$14,0)),"")) | J14: =IF($A14="","",IFERROR(INDEX('Policy Register'!$F$6:$F$14,MATCH($F14&"|"&$D14,'Policy Register'!$H$6:$H$14,0)),"")) | K14: =IF($A14="","",IFERROR(INDEX('Policy Register'!$G$6:$G$14,MATCH($F14&"|"&$D14,'Policy Register'!$H$6:$H$14,0)),"")) | L14: =IF($A14="","",IF($H14="","Awaiting observed value",IF(OR($J14="",$K14=""),"Policy match required",IF($H14<$J14,"Below permitted range",IF($H14>$K14,"Above permitted range","Within permitted range")))))
G15: =IF($A15="","",IFERROR(INDEX('Policy Register'!$B$6:$B$14,MATCH($F15&"|"&$D15,'Policy Register'!$H$6:$H$14,0)),"")) | I15: =IF($A15="","",IFERROR(INDEX('Policy Register'!$E$6:$E$14,MATCH($F15&"|"&$D15,'Policy Register'!$H$6:$H$14,0)),"")) | J15: =IF($A15="","",IFERROR(INDEX('Policy Register'!$F$6:$F$14,MATCH($F15&"|"&$D15,'Policy Register'!$H$6:$H$14,0)),"")) | K15: =IF($A15="","",IFERROR(INDEX('Policy Register'!$G$6:$G$14,MATCH($F15&"|"&$D15,'Policy Register'!$H$6:$H$14,0)),"")) | L15: =IF($A15="","",IF($H15="","Awaiting observed value",IF(OR($J15="",$K15=""),"Policy match required",IF($H15<$J15,"Below permitted range",IF($H15>$K15,"Above permitted range","Within permitted range")))))
G16: =IF($A16="","",IFERROR(INDEX('Policy Register'!$B$6:$B$14,MATCH($F16&"|"&$D16,'Policy Register'!$H$6:$H$14,0)),"")) | I16: =IF($A16="","",IFERROR(INDEX('Policy Register'!$E$6:$E$14,MATCH($F16&"|"&$D16,'Policy Register'!$H$6:$H$14,0)),"")) | J16: =IF($A16="","",IFERROR(INDEX('Policy Register'!$F$6:$F$14,MATCH($F16&"|"&$D16,'Policy Register'!$H$6:$H$14,0)),"")) | K16: =IF($A16="","",IFERROR(INDEX('Policy Register'!$G$6:$G$14,MATCH($F16&"|"&$D16,'Policy Register'!$H$6:$H$14,0)),"")) | L16: =IF($A16="","",IF($H16="","Awaiting observed value",IF(OR($J16="",$K16=""),"Policy match required",IF($H16<$J16,"Below permitted range",IF($H16>$K16,"Above permitted range","Within permitted range")))))
G17: =IF($A17="","",IFERROR(INDEX('Policy Register'!$B$6:$B$14,MATCH($F17&"|"&$D17,'Policy Register'!$H$6:$H$14,0)),"")) | I17: =IF($A17="","",IFERROR(INDEX('Policy Register'!$E$6:$E$14,MATCH($F17&"|"&$D17,'Policy Register'!$H$6:$H$14,0)),"")) | J17: =IF($A17="","",IFERROR(INDEX('Policy Register'!$F$6:$F$14,MATCH($F17&"|"&$D17,'Policy Register'!$H$6:$H$14,0)),"")) | K17: =IF($A17="","",IFERROR(INDEX('Policy Register'!$G$6:$G$14,MATCH($F17&"|"&$D17,'Policy Register'!$H$6:$H$14,0)),"")) | L17: =IF($A17="","",IF($H17="","Awaiting observed value",IF(OR($J17="",$K17=""),"Policy match required",IF($H17<$J17,"Below permitted range",IF($H17>$K17,"Above permitted range","Within permitted range")))))
... G55: =IF($A55="","",IFERROR(INDEX('Policy Register'!$B$6:$B$14,MATCH($F55&"|"&$D55,'Policy Register'!$H$6:$H$14,0)),"")) | I55: =IF($A55="","",IFERROR(INDEX('Policy Register'!$E$6:$E$14,MATCH($F55&"|"&$D55,'Policy Register'!$H$6:$H$14,0)),"")) | J55: =IF($A55="","",IFERROR(INDEX('Policy Register'!$F$6:$F$14,MATCH($F55&"|"&$D55,'Policy Register'!$H$6:$H$14,0)),"")) | K55: =IF($A55="","",IFERROR(INDEX('Policy Register'!$G$6:$G$14,MATCH($F55&"|"&$D55,'Policy Register'!$H$6:$H$14,0)),"")) | L55: =IF($A55="","",IF($H55="","Awaiting observed value",IF(OR($J55="",$K55=""),"Policy match required",IF($H55<$J55,"Below permitted range",IF($H55>$K55,"Above permitted range","Within permitted range")))))

Sheet Policy Register
A1: Policy Register | Frozen Ontario source
A2: Jurisdiction | B2: Ontario | D2: Frozen as at | E2: 45838
A3: Source file | B3: sheafield_consortium_policy_snapshot.xlsx | D3: Use | E3: Internal lookup and controlled-choice source
A4: Copied policy rows are locked. The helper key is calculated only to support exact version/type lookups.
A5: Policy Version | B5: Effective From | C5: Effective To | D5: Inspection Type | E5: Unit | F5: Permitted Minimum | G5: Permitted Maximum | H5: Lookup Key | J5: Policy Versions | K5: Inspection Types | L5: Decision Terms | M5: Exception Codes | N5: Owner Roles
A6: SFC-ONT-2025-03 | B6: 45717 | C6: 45747 | D6: Pressure | E6: kPa | F6: 90 | G6: 110 | H6: =A6&"|"&D6 | J6: SFC-ONT-2025-03 | K6: Pressure | L6: Pass | M6: OUT_OF_RANGE | N6: Supplier
A7: SFC-ONT-2025-03 | B7: 45717 | C7: 45747 | D7: Temperature | E7: C | F7: 2 | G7: 8 | H7: =A7&"|"&D7 | J7: SFC-ONT-2025-04 | K7: Temperature | L7: Fail | M7: VERSION_MISMATCH | N7: Operations
A8: SFC-ONT-2025-03 | B8: 45717 | C8: 45747 | D8: Seal Integrity | E8: % | F8: 95 | G8: 100 | H8: =A8&"|"&D8 | J8: SFC-ONT-2025-05 | K8: Seal Integrity | L8: Hold | M8: MISSING_RECORD | N8: Compliance
A9: SFC-ONT-2025-04 | B9: 45748 | C9: 45777 | D9: Pressure | E9: kPa | F9: 88 | G9: 112 | H9: =A9&"|"&D9
A10: SFC-ONT-2025-04 | B10: 45748 | C10: 45777 | D10: Temperature | E10: C | F10: 2 | G10: 8 | H10: =A10&"|"&D10
A11: SFC-ONT-2025-04 | B11: 45748 | C11: 45777 | D11: Seal Integrity | E11: % | F11: 94 | G11: 100 | H11: =A11&"|"&D11
A12: SFC-ONT-2025-05 | B12: 45778 | C12: 45838 | D12: Pressure | E12: kPa | F12: 85 | G12: 115 | H12: =A12&"|"&D12
A13: SFC-ONT-2025-05 | B13: 45778 | C13: 45838 | D13: Temperature | E13: C | F13: 2 | G13: 8 | H13: =A13&"|"&D13
A14: SFC-ONT-2025-05 | B14: 45778 | C14: 45838 | D14: Seal Integrity | E14: % | F14: 93 | G14: 100 | H14: =A14&"|"&D14

Sheet Change Log
A1: Change Log | Authorized corrections and verification
A2: Use one row per authorized correction. Record who changed what, when and why, the affected records, and the verifying sign-off.
A3: Link the affected Inspection Log rows through Change Reference. Blue cells are editable; no correction is assumed until it is entered here.
A4: Change ID | B4: Change Date | C4: Changed By | D4: Authorized Action / What Changed | E4: Reason / Authority | F4: Affected Record IDs | G4: Verification / Sign-off
