Workbook

Sheet Read Me
A1: Foxglove incident-rate calculation workbook
A2: Controlled working template for the Gallowspring Associates renewal pack
A4: Pack controls | D4: Jurisdiction and export codes | G4: Export source-status vocabulary
A5: Contract ID | B5: FOX-RENEW-25 | D5: England and Wales | E5: EW | G5: Earlier complete pair | H5: BASELINE_AUTHORIZED
A6: Reporting period end | B6: 45838 | D6: Scotland | E6: SCT | G6: Latest complete pair | H6: AUTHORIZED_RESTATEMENT
A7: Baseline snapshot | B7: 45841 | D7: Overall | E7: ALL
A8: Pack-freeze point | B8: 45869
A9: Rate factor | B9: 100000
A10: Material movement threshold | B10: 0.1
A13: Reporting basis
A14: 1. A compatible rate pairs numerator and denominator records with the same period_end, snapshot_date and jurisdiction.
A15: 2. For each incident and snapshot, retain the highest authorised revision; count a distinct retained incident only where record_status is ACTIVE and reportable_flag is Y.
A16: 3. Exposure is the sum of fully approved service_hours for the same period_end, snapshot_date and jurisdiction.
A17: 4. Rate = reportable incidents / exposure hours x Rate factor. Overall is combined counts / combined hours, never an arithmetic mean of jurisdiction rates.
A18: 5. Baseline is the earlier complete authorised pair. Select the latest complete fully authorised pair available at the pack-freeze point.
A19: 6. A reclassification changes category composition but has zero total incident-count bridge effect.
A20: 7. Assess materiality from the absolute relative change between compatible rates against the printed threshold.
A21: 8. The mixed-date diagnostic may explain the challenged draft only. It is never a valid baseline, restatement or headline.
A23: Workbook use
A24: Incident_Data, Exposure_Data and Authorizations are the source records. Do not overwrite their original fields.
A25: Reconciliation contains calculated checks. Summary is the printable decision sheet. Counsel_Export is the intake-parser rectangle beginning at A1.
A26: Yellow cells on Summary are Kamil Dalgaard's next-snapshot inputs. Leave them empty until an approved numerator and denominator share the same period end, snapshot date and jurisdiction.

Sheet Incident_Data
A1: Incident version register
A2: Raw dated incident versions; retain all rows.
A4: incident_id | B4: period_end | C4: snapshot_date | D4: jurisdiction | E4: revision_no | F4: record_status | G4: reportable_flag | H4: severity_band | I4: authorization_id
A5: EW-1001 | B5: 45838 | C5: 45841 | D5: EW | E5: 1 | F5: ACTIVE | G5: Y | H5: Major | I5: AUTH-OPEN-EW
A6: EW-1002 | B6: 45838 | C6: 45841 | D6: EW | E6: 1 | F6: ACTIVE | G6: Y | H6: Moderate | I6: AUTH-OPEN-EW
A7: EW-1002 | B7: 45838 | C7: 45841 | D7: EW | E7: 2 | F7: ACTIVE | G7: Y | H7: Major | I7: AUTH-BASE-REV-03
A8: EW-1003 | B8: 45838 | C8: 45841 | D8: EW | E8: 1 | F8: ACTIVE | G8: Y | H8: Minor | I8: AUTH-OPEN-EW
A9: EW-1004 | B9: 45838 | C9: 45841 | D9: EW | E9: 1 | F9: ACTIVE | G9: Y | H9: Moderate | I9: AUTH-OPEN-EW
A10: EW-1005 | B10: 45838 | C10: 45841 | D10: EW | E10: 1 | F10: ACTIVE | G10: Y | H10: Moderate | I10: AUTH-OPEN-EW
A11: EW-1006 | B11: 45838 | C11: 45841 | D11: EW | E11: 1 | F11: ACTIVE | G11: Y | H11: Minor | I11: AUTH-OPEN-EW
A12: EW-1007 | B12: 45838 | C12: 45841 | D12: EW | E12: 1 | F12: ACTIVE | G12: Y | H12: Moderate | I12: AUTH-OPEN-EW
A13: EW-1008 | B13: 45838 | C13: 45841 | D13: EW | E13: 1 | F13: ACTIVE | G13: Y | H13: Minor | I13: AUTH-OPEN-EW
A14: SCT-2001 | B14: 45838 | C14: 45841 | D14: SCT | E14: 1 | F14: ACTIVE | G14: Y | H14: Major | I14: AUTH-OPEN-SCT
A15: SCT-2002 | B15: 45838 | C15: 45841 | D15: SCT | E15: 1 | F15: ACTIVE | G15: Y | H15: Moderate | I15: AUTH-OPEN-SCT
A16: SCT-2003 | B16: 45838 | C16: 45841 | D16: SCT | E16: 1 | F16: ACTIVE | G16: Y | H16: Minor | I16: AUTH-OPEN-SCT
... A33: SCT-2003 | B33: 45838 | C33: 45848 | D33: SCT | E33: 2 | F33: WITHDRAWN | G33: N | H33: Minor | I33: AUTH-WDR-017

Sheet Exposure_Data
A1: Exposure snapshot register
A2: Service-hour snapshots supplied for the Foxglove period.
A4: period_end | B4: snapshot_date | C4: jurisdiction | D4: service_hours | E4: approval_status | F4: authorization_id
A5: 45838 | B5: 45841 | C5: EW | D5: 48000 | E5: APPROVED | F5: AUTH-OPEN-EW
A6: 45838 | B6: 45841 | C6: SCT | D6: 22000 | E6: APPROVED | F6: AUTH-OPEN-SCT
A7: 45838 | B7: 45848 | C7: EW | D7: 62000 | E7: APPROVED | F7: AUTH-EXP-022
A8: 45838 | B8: 45848 | C8: SCT | D8: 22000 | E8: APPROVED | F8: AUTH-OPEN-SCT

Sheet Authorizations
A1: Authorization register
A2: Approved Foxglove revisions and corrections.
A4: authorization_id | B4: authorized_date | C4: target_type | D4: jurisdiction | E4: change_type | F4: count_effect | G4: hours_effect | H4: reason | I4: approval_status
A5: AUTH-OPEN-EW | B5: 45839 | C5: SNAPSHOT | D5: EW | E5: BASELINE | F5: 0 | G5: 0 | H5: Opening authorised incident set for England and Wales. | I5: APPROVED
A6: AUTH-OPEN-SCT | B6: 45839 | C6: SNAPSHOT | D6: SCT | E6: BASELINE | F6: 0 | G6: 0 | H6: Opening authorised incident set for Scotland. | I6: APPROVED
A7: AUTH-BASE-REV-03 | B7: 45840 | C7: INCIDENT | D7: EW | E7: RECLASSIFICATION | F7: 0 | G7: 0 | H7: Severity band normalised before the baseline snapshot; reportability unchanged. | I7: APPROVED
A8: AUTH-ADD-041 | B8: 45843 | C8: INCIDENT | D8: EW | E8: ADDITION | F8: 3 | G8: 0 | H8: Three reportable events added after case-file reconciliation. | I8: APPROVED
A9: AUTH-WDR-017 | B9: 45844 | C9: INCIDENT | D9: SCT | E9: WITHDRAWAL | F9: -1 | G9: 0 | H9: One duplicate event withdrawn after case-file review. | I9: APPROVED
A10: AUTH-RECLASS-009 | B10: 45845 | C10: INCIDENT | D10: EW | E10: RECLASSIFICATION | F10: 0 | G10: 0 | H10: Severity band corrected from Moderate to Major; reportability unchanged. | I10: APPROVED
A11: AUTH-EXP-022 | B11: 45846 | C11: EXPOSURE | D11: EW | E11: CORRECTION | F11: 0 | G11: 14000 | H11: Service-hour ledger correction added 14,000 hours to England and Wales. | I11: APPROVED

Sheet Reconciliation
A1: Reconciliation
A2: Formula outputs are completed after the source records are reconciled.
A4: period_end | B4: snapshot_date | C4: jurisdiction | D4: source_status | E4: reportable_incidents | F4: exposure_hours | G4: rate_per_100k_hours | H4: relative_movement | I4: materiality | J4: snapshot_complete | K4: selected_for_pack
A5: 45838 | B5: 45841 | C5: EW | D5: BASELINE_AUTHORIZED | E5: =SUMPRODUCT((tblIncidentVersions[period_end]=A5)*(tblIncidentVersions[snapshot_date]=B5)*(tblIncidentVersions[jurisdiction]=C5)*(tblIncidentVersions[record_status]="ACTIVE")*(tblIncidentVersions[reportable_flag]="Y")*(COUNTIFS(tblIncidentVersions[incident_id],tblIncidentVersions[incident_id],tblIncidentVersions[snapshot_date],tblIncidentVersions[snapshot_date],tblIncidentVersions[revision_no],">"&tblIncidentVersions[revision_no])=0)*(COUNTIFS(tblAuthorizations[authorization_id],tblIncidentVersions[authorization_id],tblAuthorizations[approval_status],"APPROVED",tblAuthorizations[authorized_date],"<="&B5)>0)) -> 8 | F5: =SUMPRODUCT((tblExposureSnapshots[period_end]=A5)*(tblExposureSnapshots[snapshot_date]=B5)*(tblExposureSnapshots[jurisdiction]=C5)*(tblExposureSnapshots[approval_status]="APPROVED")*(COUNTIFS(tblAuthorizations[authorization_id],tblExposureSnapshots[authorization_id],tblAuthorizations[approval_status],"APPROVED",tblAuthorizations[authorized_date],"<="&B5)>0)*tblExposureSnapshots[service_hours]) -> 48000 | G5: =IFERROR(E5/F5*Rate_Factor,"") -> 16.666667 | H5: =IF(D5="BASELINE_AUTHORIZED","",IFERROR((G5-SUMIFS(tblSnapshotRates[rate_per_100k_hours],tblSnapshotRates[period_end],A5,tblSnapshotRates[jurisdiction],C5,tblSnapshotRates[source_status],"BASELINE_AUTHORIZED"))/SUMIFS(tblSnapshotRates[rate_per_100k_hours],tblSnapshotRates[period_end],A5,tblSnapshotRates[jurisdiction],C5,tblSnapshotRates[source_status],"BASELINE_AUTHORIZED"),"")) | I5: =IF(H5="","",IF(ABS(H5)>=Materiality_Threshold,"Material","Not material")) | J5: =IF(AND(COUNTIFS(tblSnapshotRates[period_end],A5,tblSnapshotRates[snapshot_date],B5,tblSnapshotRates[jurisdiction],"EW",tblSnapshotRates[reportable_incidents],">0",tblSnapshotRates[exposure_hours],">0")=1,COUNTIFS(tblSnapshotRates[period_end],A5,tblSnapshotRates[snapshot_date],B5,tblSnapshotRates[jurisdiction],"SCT",tblSnapshotRates[reportable_incidents],">0",tblSnapshotRates[exposure_hours],">0")=1),"Y","") -> Y | K5: =IF(AND(C5="ALL",J5="Y",B5=LOOKUP(2,1/((tblSnapshotRates[jurisdiction]="ALL")*(tblSnapshotRates[snapshot_complete]="Y")*(tblSnapshotRates[snapshot_date]<=Pack_Freeze)),tblSnapshotRates[snapshot_date])),"Y","")
A6: 45838 | B6: 45841 | C6: SCT | D6: BASELINE_AUTHORIZED | E6: =SUMPRODUCT((tblIncidentVersions[period_end]=A6)*(tblIncidentVersions[snapshot_date]=B6)*(tblIncidentVersions[jurisdiction]=C6)*(tblIncidentVersions[record_status]="ACTIVE")*(tblIncidentVersions[reportable_flag]="Y")*(COUNTIFS(tblIncidentVersions[incident_id],tblIncidentVersions[incident_id],tblIncidentVersions[snapshot_date],tblIncidentVersions[snapshot_date],tblIncidentVersions[revision_no],">"&tblIncidentVersions[revision_no])=0)*(COUNTIFS(tblAuthorizations[authorization_id],tblIncidentVersions[authorization_id],tblAuthorizations[approval_status],"APPROVED",tblAuthorizations[authorized_date],"<="&B6)>0)) -> 3 | F6: =SUMPRODUCT((tblExposureSnapshots[period_end]=A6)*(tblExposureSnapshots[snapshot_date]=B6)*(tblExposureSnapshots[jurisdiction]=C6)*(tblExposureSnapshots[approval_status]="APPROVED")*(COUNTIFS(tblAuthorizations[authorization_id],tblExposureSnapshots[authorization_id],tblAuthorizations[approval_status],"APPROVED",tblAuthorizations[authorized_date],"<="&B6)>0)*tblExposureSnapshots[service_hours]) -> 22000 | G6: =IFERROR(E6/F6*Rate_Factor,"") -> 13.636364 | H6: =IF(D6="BASELINE_AUTHORIZED","",IFERROR((G6-SUMIFS(tblSnapshotRates[rate_per_100k_hours],tblSnapshotRates[period_end],A6,tblSnapshotRates[jurisdiction],C6,tblSnapshotRates[source_status],"BASELINE_AUTHORIZED"))/SUMIFS(tblSnapshotRates[rate_per_100k_hours],tblSnapshotRates[period_end],A6,tblSnapshotRates[jurisdiction],C6,tblSnapshotRates[source_status],"BASELINE_AUTHORIZED"),"")) | I6: =IF(H6="","",IF(ABS(H6)>=Materiality_Threshold,"Material","Not material")) | J6: =IF(AND(COUNTIFS(tblSnapshotRates[period_end],A6,tblSnapshotRates[snapshot_date],B6,tblSnapshotRates[jurisdiction],"EW",tblSnapshotRates[reportable_incidents],">0",tblSnapshotRates[exposure_hours],">0")=1,COUNTIFS(tblSnapshotRates[period_end],A6,tblSnapshotRates[snapshot_date],B6,tblSnapshotRates[jurisdiction],"SCT",tblSnapshotRates[reportable_incidents],">0",tblSnapshotRates[exposure_hours],">0")=1),"Y","") -> Y | K6: =IF(AND(C6="ALL",J6="Y",B6=LOOKUP(2,1/((tblSnapshotRates[jurisdiction]="ALL")*(tblSnapshotRates[snapshot_complete]="Y")*(tblSnapshotRates[snapshot_date]<=Pack_Freeze)),tblSnapshotRates[snapshot_date])),"Y","")
A7: 45838 | B7: 45841 | C7: ALL | D7: BASELINE_AUTHORIZED | E7: =SUMIFS(tblSnapshotRates[reportable_incidents],tblSnapshotRates[period_end],A7,tblSnapshotRates[snapshot_date],B7,tblSnapshotRates[jurisdiction],"<>ALL") -> 11 | F7: =SUMIFS(tblSnapshotRates[exposure_hours],tblSnapshotRates[period_end],A7,tblSnapshotRates[snapshot_date],B7,tblSnapshotRates[jurisdiction],"<>ALL") -> 70000 | G7: =IFERROR(E7/F7*Rate_Factor,"") -> 15.714286 | H7: =IF(D7="BASELINE_AUTHORIZED","",IFERROR((G7-SUMIFS(tblSnapshotRates[rate_per_100k_hours],tblSnapshotRates[period_end],A7,tblSnapshotRates[jurisdiction],C7,tblSnapshotRates[source_status],"BASELINE_AUTHORIZED"))/SUMIFS(tblSnapshotRates[rate_per_100k_hours],tblSnapshotRates[period_end],A7,tblSnapshotRates[jurisdiction],C7,tblSnapshotRates[source_status],"BASELINE_AUTHORIZED"),"")) | I7: =IF(H7="","",IF(ABS(H7)>=Materiality_Threshold,"Material","Not material")) | J7: =IF(AND(COUNTIFS(tblSnapshotRates[period_end],A7,tblSnapshotRates[snapshot_date],B7,tblSnapshotRates[jurisdiction],"EW",tblSnapshotRates[reportable_incidents],">0",tblSnapshotRates[exposure_hours],">0")=1,COUNTIFS(tblSnapshotRates[period_end],A7,tblSnapshotRates[snapshot_date],B7,tblSnapshotRates[jurisdiction],"SCT",tblSnapshotRates[reportable_incidents],">0",tblSnapshotRates[exposure_hours],">0")=1),"Y","") -> Y | K7: =IF(AND(C7="ALL",J7="Y",B7=LOOKUP(2,1/((tblSnapshotRates[jurisdiction]="ALL")*(tblSnapshotRates[snapshot_complete]="Y")*(tblSnapshotRates[snapshot_date]<=Pack_Freeze)),tblSnapshotRates[snapshot_date])),"Y","")
A8: 45838 | B8: 45848 | C8: EW | D8: AUTHORIZED_RESTATEMENT | E8: =SUMPRODUCT((tblIncidentVersions[period_end]=A8)*(tblIncidentVersions[snapshot_date]=B8)*(tblIncidentVersions[jurisdiction]=C8)*(tblIncidentVersions[record_status]="ACTIVE")*(tblIncidentVersions[reportable_flag]="Y")*(COUNTIFS(tblIncidentVersions[incident_id],tblIncidentVersions[incident_id],tblIncidentVersions[snapshot_date],tblIncidentVersions[snapshot_date],tblIncidentVersions[revision_no],">"&tblIncidentVersions[revision_no])=0)*(COUNTIFS(tblAuthorizations[authorization_id],tblIncidentVersions[authorization_id],tblAuthorizations[approval_status],"APPROVED",tblAuthorizations[authorized_date],"<="&B8)>0)) -> 11 | F8: =SUMPRODUCT((tblExposureSnapshots[period_end]=A8)*(tblExposureSnapshots[snapshot_date]=B8)*(tblExposureSnapshots[jurisdiction]=C8)*(tblExposureSnapshots[approval_status]="APPROVED")*(COUNTIFS(tblAuthorizations[authorization_id],tblExposureSnapshots[authorization_id],tblAuthorizations[approval_status],"APPROVED",tblAuthorizations[authorized_date],"<="&B8)>0)*tblExposureSnapshots[service_hours]) -> 62000 | G8: =IFERROR(E8/F8*Rate_Factor,"") -> 17.741935 | H8: =IF(D8="BASELINE_AUTHORIZED","",IFERROR((G8-SUMIFS(tblSnapshotRates[rate_per_100k_hours],tblSnapshotRates[period_end],A8,tblSnapshotRates[jurisdiction],C8,tblSnapshotRates[source_status],"BASELINE_AUTHORIZED"))/SUMIFS(tblSnapshotRates[rate_per_100k_hours],tblSnapshotRates[period_end],A8,tblSnapshotRates[jurisdiction],C8,tblSnapshotRates[source_status],"BASELINE_AUTHORIZED"),"")) -> 0.064516129 | I8: =IF(H8="","",IF(ABS(H8)>=Materiality_Threshold,"Material","Not material")) -> Not material | J8: =IF(AND(COUNTIFS(tblSnapshotRates[period_end],A8,tblSnapshotRates[snapshot_date],B8,tblSnapshotRates[jurisdiction],"EW",tblSnapshotRates[reportable_incidents],">0",tblSnapshotRates[exposure_hours],">0")=1,COUNTIFS(tblSnapshotRates[period_end],A8,tblSnapshotRates[snapshot_date],B8,tblSnapshotRates[jurisdiction],"SCT",tblSnapshotRates[reportable_incidents],">0",tblSnapshotRates[exposure_hours],">0")=1),"Y","") -> Y | K8: =IF(AND(C8="ALL",J8="Y",B8=LOOKUP(2,1/((tblSnapshotRates[jurisdiction]="ALL")*(tblSnapshotRates[snapshot_complete]="Y")*(tblSnapshotRates[snapshot_date]<=Pack_Freeze)),tblSnapshotRates[snapshot_date])),"Y","")
A9: 45838 | B9: 45848 | C9: SCT | D9: AUTHORIZED_RESTATEMENT | E9: =SUMPRODUCT((tblIncidentVersions[period_end]=A9)*(tblIncidentVersions[snapshot_date]=B9)*(tblIncidentVersions[jurisdiction]=C9)*(tblIncidentVersions[record_status]="ACTIVE")*(tblIncidentVersions[reportable_flag]="Y")*(COUNTIFS(tblIncidentVersions[incident_id],tblIncidentVersions[incident_id],tblIncidentVersions[snapshot_date],tblIncidentVersions[snapshot_date],tblIncidentVersions[revision_no],">"&tblIncidentVersions[revision_no])=0)*(COUNTIFS(tblAuthorizations[authorization_id],tblIncidentVersions[authorization_id],tblAuthorizations[approval_status],"APPROVED",tblAuthorizations[authorized_date],"<="&B9)>0)) -> 2 | F9: =SUMPRODUCT((tblExposureSnapshots[period_end]=A9)*(tblExposureSnapshots[snapshot_date]=B9)*(tblExposureSnapshots[jurisdiction]=C9)*(tblExposureSnapshots[approval_status]="APPROVED")*(COUNTIFS(tblAuthorizations[authorization_id],tblExposureSnapshots[authorization_id],tblAuthorizations[approval_status],"APPROVED",tblAuthorizations[authorized_date],"<="&B9)>0)*tblExposureSnapshots[service_hours]) -> 22000 | G9: =IFERROR(E9/F9*Rate_Factor,"") -> 9.0909091 | H9: =IF(D9="BASELINE_AUTHORIZED","",IFERROR((G9-SUMIFS(tblSnapshotRates[rate_per_100k_hours],tblSnapshotRates[period_end],A9,tblSnapshotRates[jurisdiction],C9,tblSnapshotRates[source_status],"BASELINE_AUTHORIZED"))/SUMIFS(tblSnapshotRates[rate_per_100k_hours],tblSnapshotRates[period_end],A9,tblSnapshotRates[jurisdiction],C9,tblSnapshotRates[source_status],"BASELINE_AUTHORIZED"),"")) -> -0.33333333 | I9: =IF(H9="","",IF(ABS(H9)>=Materiality_Threshold,"Material","Not material")) -> Material | J9: =IF(AND(COUNTIFS(tblSnapshotRates[period_end],A9,tblSnapshotRates[snapshot_date],B9,tblSnapshotRates[jurisdiction],"EW",tblSnapshotRates[reportable_incidents],">0",tblSnapshotRates[exposure_hours],">0")=1,COUNTIFS(tblSnapshotRates[period_end],A9,tblSnapshotRates[snapshot_date],B9,tblSnapshotRates[jurisdiction],"SCT",tblSnapshotRates[reportable_incidents],">0",tblSnapshotRates[exposure_hours],">0")=1),"Y","") -> Y | K9: =IF(AND(C9="ALL",J9="Y",B9=LOOKUP(2,1/((tblSnapshotRates[jurisdiction]="ALL")*(tblSnapshotRates[snapshot_complete]="Y")*(tblSnapshotRates[snapshot_date]<=Pack_Freeze)),tblSnapshotRates[snapshot_date])),"Y","")
A10: 45838 | B10: 45848 | C10: ALL | D10: AUTHORIZED_RESTATEMENT | E10: =SUMIFS(tblSnapshotRates[reportable_incidents],tblSnapshotRates[period_end],A10,tblSnapshotRates[snapshot_date],B10,tblSnapshotRates[jurisdiction],"<>ALL") -> 13 | F10: =SUMIFS(tblSnapshotRates[exposure_hours],tblSnapshotRates[period_end],A10,tblSnapshotRates[snapshot_date],B10,tblSnapshotRates[jurisdiction],"<>ALL") -> 84000 | G10: =IFERROR(E10/F10*Rate_Factor,"") -> 15.47619 | H10: =IF(D10="BASELINE_AUTHORIZED","",IFERROR((G10-SUMIFS(tblSnapshotRates[rate_per_100k_hours],tblSnapshotRates[period_end],A10,tblSnapshotRates[jurisdiction],C10,tblSnapshotRates[source_status],"BASELINE_AUTHORIZED"))/SUMIFS(tblSnapshotRates[rate_per_100k_hours],tblSnapshotRates[period_end],A10,tblSnapshotRates[jurisdiction],C10,tblSnapshotRates[source_status],"BASELINE_AUTHORIZED"),"")) -> -0.015151515 | I10: =IF(H10="","",IF(ABS(H10)>=Materiality_Threshold,"Material","Not material")) -> Not material | J10: =IF(AND(COUNTIFS(tblSnapshotRates[period_end],A10,tblSnapshotRates[snapshot_date],B10,tblSnapshotRates[jurisdiction],"EW",tblSnapshotRates[reportable_incidents],">0",tblSnapshotRates[exposure_hours],">0")=1,COUNTIFS(tblSnapshotRates[period_end],A10,tblSnapshotRates[snapshot_date],B10,tblSnapshotRates[jurisdiction],"SCT",tblSnapshotRates[reportable_incidents],">0",tblSnapshotRates[exposure_hours],">0")=1),"Y","") -> Y | K10: =IF(AND(C10="ALL",J10="Y",B10=LOOKUP(2,1/((tblSnapshotRates[jurisdiction]="ALL")*(tblSnapshotRates[snapshot_complete]="Y")*(tblSnapshotRates[snapshot_date]<=Pack_Freeze)),tblSnapshotRates[snapshot_date])),"Y","") -> Y
A13: Draft diagnostic - excluded from all selected outputs
A14: period_end | B14: numerator snapshot | C14: denominator snapshot | D14: reportable_incidents | E14: exposure_hours | F14: rate_per_100k_hours | G14: classification
A15: 45838 | B15: 45848 | C15: 45841 | D15: =SUMIFS(tblSnapshotRates[reportable_incidents],tblSnapshotRates[snapshot_date],B15,tblSnapshotRates[jurisdiction],"ALL") -> 13 | E15: =SUMIFS(tblSnapshotRates[exposure_hours],tblSnapshotRates[snapshot_date],C15,tblSnapshotRates[jurisdiction],"ALL") -> 70000 | F15: =IFERROR(D15/E15*Rate_Factor,"") -> 18.571429 | G15: DIAGNOSTIC_ONLY_MIXED_DATE
A18: Authorized change bridge - formula reconciliation to the selected restatement
A20: bridge_step | B20: authorization_id | C20: change_type | D20: count_effect | E20: hours_effect | F20: running_incidents | G20: running_exposure_hours | H20: business_effect
A21: Opening compatible baseline | B21: BASELINE_OPENING | C21: BASELINE | D21: 0 | E21: 0 | F21: =SUMIFS(tblSnapshotRates[reportable_incidents],tblSnapshotRates[snapshot_date],Baseline_Snapshot,tblSnapshotRates[jurisdiction],"ALL") -> 11 | G21: =SUMIFS(tblSnapshotRates[exposure_hours],tblSnapshotRates[snapshot_date],Baseline_Snapshot,tblSnapshotRates[jurisdiction],"ALL") -> 70000 | H21: Earlier complete authorised pair
A22: Approved authorization | B22: AUTH-OPEN-EW | C22: =IFERROR(INDEX(tblAuthorizations[change_type],MATCH(B22,tblAuthorizations[authorization_id],0)),"") -> BASELINE | D22: =SUMIFS(tblAuthorizations[count_effect],tblAuthorizations[authorization_id],B22,tblAuthorizations[approval_status],"APPROVED") -> 0 | E22: =SUMIFS(tblAuthorizations[hours_effect],tblAuthorizations[authorization_id],B22,tblAuthorizations[approval_status],"APPROVED") -> 0 | F22: =F21+D22 -> 11 | G22: =G21+E22 -> 70000 | H22: =IFERROR(INDEX(tblAuthorizations[reason],MATCH(B22,tblAuthorizations[authorization_id],0)),"") -> Opening authorised incident set for England and Wales.
A23: Approved authorization | B23: AUTH-OPEN-SCT | C23: =IFERROR(INDEX(tblAuthorizations[change_type],MATCH(B23,tblAuthorizations[authorization_id],0)),"") -> BASELINE | D23: =SUMIFS(tblAuthorizations[count_effect],tblAuthorizations[authorization_id],B23,tblAuthorizations[approval_status],"APPROVED") -> 0 | E23: =SUMIFS(tblAuthorizations[hours_effect],tblAuthorizations[authorization_id],B23,tblAuthorizations[approval_status],"APPROVED") -> 0 | F23: =F22+D23 -> 11 | G23: =G22+E23 -> 70000 | H23: =IFERROR(INDEX(tblAuthorizations[reason],MATCH(B23,tblAuthorizations[authorization_id],0)),"") -> Opening authorised incident set for Scotland.
A24: Approved authorization | B24: AUTH-BASE-REV-03 | C24: =IFERROR(INDEX(tblAuthorizations[change_type],MATCH(B24,tblAuthorizations[authorization_id],0)),"") -> RECLASSIFICATION | D24: =SUMIFS(tblAuthorizations[count_effect],tblAuthorizations[authorization_id],B24,tblAuthorizations[approval_status],"APPROVED") -> 0 | E24: =SUMIFS(tblAuthorizations[hours_effect],tblAuthorizations[authorization_id],B24,tblAuthorizations[approval_status],"APPROVED") -> 0 | F24: =F23+D24 -> 11 | G24: =G23+E24 -> 70000 | H24: =IFERROR(INDEX(tblAuthorizations[reason],MATCH(B24,tblAuthorizations[authorization_id],0)),"") -> Severity band normalised before the baseline snapshot; reportability unchanged.
A25: Approved authorization | B25: AUTH-ADD-041 | C25: =IFERROR(INDEX(tblAuthorizations[change_type],MATCH(B25,tblAuthorizations[authorization_id],0)),"") -> ADDITION | D25: =SUMIFS(tblAuthorizations[count_effect],tblAuthorizations[authorization_id],B25,tblAuthorizations[approval_status],"APPROVED") -> 3 | E25: =SUMIFS(tblAuthorizations[hours_effect],tblAuthorizations[authorization_id],B25,tblAuthorizations[approval_status],"APPROVED") -> 0 | F25: =F24+D25 -> 14 | G25: =G24+E25 -> 70000 | H25: =IFERROR(INDEX(tblAuthorizations[reason],MATCH(B25,tblAuthorizations[authorization_id],0)),"") -> Three reportable events added after case-file reconciliation.
A26: Approved authorization | B26: AUTH-WDR-017 | C26: =IFERROR(INDEX(tblAuthorizations[change_type],MATCH(B26,tblAuthorizations[authorization_id],0)),"") -> WITHDRAWAL | D26: =SUMIFS(tblAuthorizations[count_effect],tblAuthorizations[authorization_id],B26,tblAuthorizations[approval_status],"APPROVED") -> -1 | E26: =SUMIFS(tblAuthorizations[hours_effect],tblAuthorizations[authorization_id],B26,tblAuthorizations[approval_status],"APPROVED") -> 0 | F26: =F25+D26 -> 13 | G26: =G25+E26 -> 70000 | H26: =IFERROR(INDEX(tblAuthorizations[reason],MATCH(B26,tblAuthorizations[authorization_id],0)),"") -> One duplicate event withdrawn after case-file review.
A27: Approved authorization | B27: AUTH-RECLASS-009 | C27: =IFERROR(INDEX(tblAuthorizations[change_type],MATCH(B27,tblAuthorizations[authorization_id],0)),"") -> RECLASSIFICATION | D27: =SUMIFS(tblAuthorizations[count_effect],tblAuthorizations[authorization_id],B27,tblAuthorizations[approval_status],"APPROVED") -> 0 | E27: =SUMIFS(tblAuthorizations[hours_effect],tblAuthorizations[authorization_id],B27,tblAuthorizations[approval_status],"APPROVED") -> 0 | F27: =F26+D27 -> 13 | G27: =G26+E27 -> 70000 | H27: =IFERROR(INDEX(tblAuthorizations[reason],MATCH(B27,tblAuthorizations[authorization_id],0)),"") -> Severity band corrected from Moderate to Major; reportability unchanged.
A28: Approved authorization | B28: AUTH-EXP-022 | C28: =IFERROR(INDEX(tblAuthorizations[change_type],MATCH(B28,tblAuthorizations[authorization_id],0)),"") -> CORRECTION | D28: =SUMIFS(tblAuthorizations[count_effect],tblAuthorizations[authorization_id],B28,tblAuthorizations[approval_status],"APPROVED") -> 0 | E28: =SUMIFS(tblAuthorizations[hours_effect],tblAuthorizations[authorization_id],B28,tblAuthorizations[approval_status],"APPROVED") -> 14000 | F28: =F27+D28 -> 13 | G28: =G27+E28 -> 84000 | H28: =IFERROR(INDEX(tblAuthorizations[reason],MATCH(B28,tblAuthorizations[authorization_id],0)),"") -> Service-hour ledger correction added 14,000 hours to England and Wales.
A29: Closing authorised restatement | B29: CLOSING_RESTATEMENT | C29: NET_BRIDGE_EFFECT | D29: =SUM(D22:D28) -> 2 | E29: =SUM(E22:E28) -> 14000 | F29: =F21+D29 -> 13 | G29: =G21+E29 -> 84000 | H29: =IF(AND(F29=SUMIFS(tblSnapshotRates[reportable_incidents],tblSnapshotRates[selected_for_pack],"Y"),ABS(G29-SUMIFS(tblSnapshotRates[exposure_hours],tblSnapshotRates[selected_for_pack],"Y"))<0.01),"Reconciled to selected restatement","Check bridge") -> Reconciled to selected restatement
A33: Retained-record audit - formula trace over tblIncidentVersions
A34: source_row | B34: incident_id | C34: snapshot_date | D34: revision_no | E34: authorization_eligible | F34: highest_authorized_revision | G34: retained_reportable
A35: 1 | B35: =IFERROR(INDEX(tblIncidentVersions[incident_id],A35),"") -> EW-1001 | C35: =IFERROR(INDEX(tblIncidentVersions[snapshot_date],A35),"") -> 45841 | D35: =IFERROR(INDEX(tblIncidentVersions[revision_no],A35),"") -> 1 | E35: =IF(B35="","",IF(COUNTIFS(tblAuthorizations[authorization_id],IFERROR(INDEX(tblIncidentVersions[authorization_id],A35),""),tblAuthorizations[approval_status],"APPROVED",tblAuthorizations[authorized_date],"<="&C35)>0,"Y","N")) -> Y | F35: =IF(B35="","",IF(COUNTIFS(tblIncidentVersions[incident_id],B35,tblIncidentVersions[snapshot_date],C35,tblIncidentVersions[revision_no],">"&D35)=0,"Y","N")) -> Y | G35: =IF(AND(E35="Y",F35="Y",IFERROR(INDEX(tblIncidentVersions[record_status],A35),"")="ACTIVE",IFERROR(INDEX(tblIncidentVersions[reportable_flag],A35),"")="Y"),"Y","") -> Y
A36: 2 | B36: =IFERROR(INDEX(tblIncidentVersions[incident_id],A36),"") -> EW-1002 | C36: =IFERROR(INDEX(tblIncidentVersions[snapshot_date],A36),"") -> 45841 | D36: =IFERROR(INDEX(tblIncidentVersions[revision_no],A36),"") -> 1 | E36: =IF(B36="","",IF(COUNTIFS(tblAuthorizations[authorization_id],IFERROR(INDEX(tblIncidentVersions[authorization_id],A36),""),tblAuthorizations[approval_status],"APPROVED",tblAuthorizations[authorized_date],"<="&C36)>0,"Y","N")) -> Y | F36: =IF(B36="","",IF(COUNTIFS(tblIncidentVersions[incident_id],B36,tblIncidentVersions[snapshot_date],C36,tblIncidentVersions[revision_no],">"&D36)=0,"Y","N")) -> N | G36: =IF(AND(E36="Y",F36="Y",IFERROR(INDEX(tblIncidentVersions[record_status],A36),"")="ACTIVE",IFERROR(INDEX(tblIncidentVersions[reportable_flag],A36),"")="Y"),"Y","")
A37: 3 | B37: =IFERROR(INDEX(tblIncidentVersions[incident_id],A37),"") -> EW-1002 | C37: =IFERROR(INDEX(tblIncidentVersions[snapshot_date],A37),"") -> 45841 | D37: =IFERROR(INDEX(tblIncidentVersions[revision_no],A37),"") -> 2 | E37: =IF(B37="","",IF(COUNTIFS(tblAuthorizations[authorization_id],IFERROR(INDEX(tblIncidentVersions[authorization_id],A37),""),tblAuthorizations[approval_status],"APPROVED",tblAuthorizations[authorized_date],"<="&C37)>0,"Y","N")) -> Y | F37: =IF(B37="","",IF(COUNTIFS(tblIncidentVersions[incident_id],B37,tblIncidentVersions[snapshot_date],C37,tblIncidentVersions[revision_no],">"&D37)=0,"Y","N")) -> Y | G37: =IF(AND(E37="Y",F37="Y",IFERROR(INDEX(tblIncidentVersions[record_status],A37),"")="ACTIVE",IFERROR(INDEX(tblIncidentVersions[reportable_flag],A37),"")="Y"),"Y","") -> Y
A38: 4 | B38: =IFERROR(INDEX(tblIncidentVersions[incident_id],A38),"") -> EW-1003 | C38: =IFERROR(INDEX(tblIncidentVersions[snapshot_date],A38),"") -> 45841 | D38: =IFERROR(INDEX(tblIncidentVersions[revision_no],A38),"") -> 1 | E38: =IF(B38="","",IF(COUNTIFS(tblAuthorizations[authorization_id],IFERROR(INDEX(tblIncidentVersions[authorization_id],A38),""),tblAuthorizations[approval_status],"APPROVED",tblAuthorizations[authorized_date],"<="&C38)>0,"Y","N")) -> Y | F38: =IF(B38="","",IF(COUNTIFS(tblIncidentVersions[incident_id],B38,tblIncidentVersions[snapshot_date],C38,tblIncidentVersions[revision_no],">"&D38)=0,"Y","N")) -> Y | G38: =IF(AND(E38="Y",F38="Y",IFERROR(INDEX(tblIncidentVersions[record_status],A38),"")="ACTIVE",IFERROR(INDEX(tblIncidentVersions[reportable_flag],A38),"")="Y"),"Y","") -> Y
A39: 5 | B39: =IFERROR(INDEX(tblIncidentVersions[incident_id],A39),"") -> EW-1004 | C39: =IFERROR(INDEX(tblIncidentVersions[snapshot_date],A39),"") -> 45841 | D39: =IFERROR(INDEX(tblIncidentVersions[revision_no],A39),"") -> 1 | E39: =IF(B39="","",IF(COUNTIFS(tblAuthorizations[authorization_id],IFERROR(INDEX(tblIncidentVersions[authorization_id],A39),""),tblAuthorizations[approval_status],"APPROVED",tblAuthorizations[authorized_date],"<="&C39)>0,"Y","N")) -> Y | F39: =IF(B39="","",IF(COUNTIFS(tblIncidentVersions[incident_id],B39,tblIncidentVersions[snapshot_date],C39,tblIncidentVersions[revision_no],">"&D39)=0,"Y","N")) -> Y | G39: =IF(AND(E39="Y",F39="Y",IFERROR(INDEX(tblIncidentVersions[record_status],A39),"")="ACTIVE",IFERROR(INDEX(tblIncidentVersions[reportable_flag],A39),"")="Y"),"Y","") -> Y
A40: 6 | B40: =IFERROR(INDEX(tblIncidentVersions[incident_id],A40),"") -> EW-1005 | C40: =IFERROR(INDEX(tblIncidentVersions[snapshot_date],A40),"") -> 45841 | D40: =IFERROR(INDEX(tblIncidentVersions[revision_no],A40),"") -> 1 | E40: =IF(B40="","",IF(COUNTIFS(tblAuthorizations[authorization_id],IFERROR(INDEX(tblIncidentVersions[authorization_id],A40),""),tblAuthorizations[approval_status],"APPROVED",tblAuthorizations[authorized_date],"<="&C40)>0,"Y","N")) -> Y | F40: =IF(B40="","",IF(COUNTIFS(tblIncidentVersions[incident_id],B40,tblIncidentVersions[snapshot_date],C40,tblIncidentVersions[revision_no],">"&D40)=0,"Y","N")) -> Y | G40: =IF(AND(E40="Y",F40="Y",IFERROR(INDEX(tblIncidentVersions[record_status],A40),"")="ACTIVE",IFERROR(INDEX(tblIncidentVersions[reportable_flag],A40),"")="Y"),"Y","") -> Y
A41: 7 | B41: =IFERROR(INDEX(tblIncidentVersions[incident_id],A41),"") -> EW-1006 | C41: =IFERROR(INDEX(tblIncidentVersions[snapshot_date],A41),"") -> 45841 | D41: =IFERROR(INDEX(tblIncidentVersions[revision_no],A41),"") -> 1 | E41: =IF(B41="","",IF(COUNTIFS(tblAuthorizations[authorization_id],IFERROR(INDEX(tblIncidentVersions[authorization_id],A41),""),tblAuthorizations[approval_status],"APPROVED",tblAuthorizations[authorized_date],"<="&C41)>0,"Y","N")) -> Y | F41: =IF(B41="","",IF(COUNTIFS(tblIncidentVersions[incident_id],B41,tblIncidentVersions[snapshot_date],C41,tblIncidentVersions[revision_no],">"&D41)=0,"Y","N")) -> Y | G41: =IF(AND(E41="Y",F41="Y",IFERROR(INDEX(tblIncidentVersions[record_status],A41),"")="ACTIVE",IFERROR(INDEX(tblIncidentVersions[reportable_flag],A41),"")="Y"),"Y","") -> Y
A42: 8 | B42: =IFERROR(INDEX(tblIncidentVersions[incident_id],A42),"") -> EW-1007 | C42: =IFERROR(INDEX(tblIncidentVersions[snapshot_date],A42),"") -> 45841 | D42: =IFERROR(INDEX(tblIncidentVersions[revision_no],A42),"") -> 1 | E42: =IF(B42="","",IF(COUNTIFS(tblAuthorizations[authorization_id],IFERROR(INDEX(tblIncidentVersions[authorization_id],A42),""),tblAuthorizations[approval_status],"APPROVED",tblAuthorizations[authorized_date],"<="&C42)>0,"Y","N")) -> Y | F42: =IF(B42="","",IF(COUNTIFS(tblIncidentVersions[incident_id],B42,tblIncidentVersions[snapshot_date],C42,tblIncidentVersions[revision_no],">"&D42)=0,"Y","N")) -> Y | G42: =IF(AND(E42="Y",F42="Y",IFERROR(INDEX(tblIncidentVersions[record_status],A42),"")="ACTIVE",IFERROR(INDEX(tblIncidentVersions[reportable_flag],A42),"")="Y"),"Y","") -> Y
A43: 9 | B43: =IFERROR(INDEX(tblIncidentVersions[incident_id],A43),"") -> EW-1008 | C43: =IFERROR(INDEX(tblIncidentVersions[snapshot_date],A43),"") -> 45841 | D43: =IFERROR(INDEX(tblIncidentVersions[revision_no],A43),"") -> 1 | E43: =IF(B43="","",IF(COUNTIFS(tblAuthorizations[authorization_id],IFERROR(INDEX(tblIncidentVersions[authorization_id],A43),""),tblAuthorizations[approval_status],"APPROVED",tblAuthorizations[authorized_date],"<="&C43)>0,"Y","N")) -> Y | F43: =IF(B43="","",IF(COUNTIFS(tblIncidentVersions[incident_id],B43,tblIncidentVersions[snapshot_date],C43,tblIncidentVersions[revision_no],">"&D43)=0,"Y","N")) -> Y | G43: =IF(AND(E43="Y",F43="Y",IFERROR(INDEX(tblIncidentVersions[record_status],A43),"")="ACTIVE",IFERROR(INDEX(tblIncidentVersions[reportable_flag],A43),"")="Y"),"Y","") -> Y
A44: 10 | B44: =IFERROR(INDEX(tblIncidentVersions[incident_id],A44),"") -> SCT-2001 | C44: =IFERROR(INDEX(tblIncidentVersions[snapshot_date],A44),"") -> 45841 | D44: =IFERROR(INDEX(tblIncidentVersions[revision_no],A44),"") -> 1 | E44: =IF(B44="","",IF(COUNTIFS(tblAuthorizations[authorization_id],IFERROR(INDEX(tblIncidentVersions[authorization_id],A44),""),tblAuthorizations[approval_status],"APPROVED",tblAuthorizations[authorized_date],"<="&C44)>0,"Y","N")) -> Y | F44: =IF(B44="","",IF(COUNTIFS(tblIncidentVersions[incident_id],B44,tblIncidentVersions[snapshot_date],C44,tblIncidentVersions[revision_no],">"&D44)=0,"Y","N")) -> Y | G44: =IF(AND(E44="Y",F44="Y",IFERROR(INDEX(tblIncidentVersions[record_status],A44),"")="ACTIVE",IFERROR(INDEX(tblIncidentVersions[reportable_flag],A44),"")="Y"),"Y","") -> Y
A45: 11 | B45: =IFERROR(INDEX(tblIncidentVersions[incident_id],A45),"") -> SCT-2002 | C45: =IFERROR(INDEX(tblIncidentVersions[snapshot_date],A45),"") -> 45841 | D45: =IFERROR(INDEX(tblIncidentVersions[revision_no],A45),"") -> 1 | E45: =IF(B45="","",IF(COUNTIFS(tblAuthorizations[authorization_id],IFERROR(INDEX(tblIncidentVersions[authorization_id],A45),""),tblAuthorizations[approval_status],"APPROVED",tblAuthorizations[authorized_date],"<="&C45)>0,"Y","N")) -> Y | F45: =IF(B45="","",IF(COUNTIFS(tblIncidentVersions[incident_id],B45,tblIncidentVersions[snapshot_date],C45,tblIncidentVersions[revision_no],">"&D45)=0,"Y","N")) -> Y | G45: =IF(AND(E45="Y",F45="Y",IFERROR(INDEX(tblIncidentVersions[record_status],A45),"")="ACTIVE",IFERROR(INDEX(tblIncidentVersions[reportable_flag],A45),"")="Y"),"Y","") -> Y
A46: 12 | B46: =IFERROR(INDEX(tblIncidentVersions[incident_id],A46),"") -> SCT-2003 | C46: =IFERROR(INDEX(tblIncidentVersions[snapshot_date],A46),"") -> 45841 | D46: =IFERROR(INDEX(tblIncidentVersions[revision_no],A46),"") -> 1 | E46: =IF(B46="","",IF(COUNTIFS(tblAuthorizations[authorization_id],IFERROR(INDEX(tblIncidentVersions[authorization_id],A46),""),tblAuthorizations[approval_status],"APPROVED",tblAuthorizations[authorized_date],"<="&C46)>0,"Y","N")) -> Y | F46: =IF(B46="","",IF(COUNTIFS(tblIncidentVersions[incident_id],B46,tblIncidentVersions[snapshot_date],C46,tblIncidentVersions[revision_no],">"&D46)=0,"Y","N")) -> Y | G46: =IF(AND(E46="Y",F46="Y",IFERROR(INDEX(tblIncidentVersions[record_status],A46),"")="ACTIVE",IFERROR(INDEX(tblIncidentVersions[reportable_flag],A46),"")="Y"),"Y","") -> Y
... A63: 29 | B63: =IFERROR(INDEX(tblIncidentVersions[incident_id],A63),"") -> SCT-2003 | C63: =IFERROR(INDEX(tblIncidentVersions[snapshot_date],A63),"") -> 45848 | D63: =IFERROR(INDEX(tblIncidentVersions[revision_no],A63),"") -> 2 | E63: =IF(B63="","",IF(COUNTIFS(tblAuthorizations[authorization_id],IFERROR(INDEX(tblIncidentVersions[authorization_id],A63),""),tblAuthorizations[approval_status],"APPROVED",tblAuthorizations[authorized_date],"<="&C63)>0,"Y","N")) -> Y | F63: =IF(B63="","",IF(COUNTIFS(tblIncidentVersions[incident_id],B63,tblIncidentVersions[snapshot_date],C63,tblIncidentVersions[revision_no],">"&D63)=0,"Y","N")) -> Y | G63: =IF(AND(E63="Y",F63="Y",IFERROR(INDEX(tblIncidentVersions[record_status],A63),"")="ACTIVE",IFERROR(INDEX(tblIncidentVersions[reportable_flag],A63),"")="Y"),"Y","")

Sheet Summary
A1: Foxglove incident-rate summary
A2: Print this page behind the counsel brief after the calculations are completed. | L2: Jurisdiction | M2: Baseline authorised | N2: Authorised restatement | O2: Next snapshot (optional)
L3: EW | M3: =SUMIFS(tblSnapshotRates[rate_per_100k_hours],tblSnapshotRates[jurisdiction],L3,tblSnapshotRates[source_status],"BASELINE_AUTHORIZED") -> 16.666667 | N3: =SUMIFS(tblSnapshotRates[rate_per_100k_hours],tblSnapshotRates[jurisdiction],L3,tblSnapshotRates[source_status],"AUTHORIZED_RESTATEMENT") -> 17.741935 | O3: =IF(AND($C$28=L3,$G$30<>""),$G$30,"")
A4: Recommended source status | B4: =INDEX(tblSnapshotRates[source_status],MATCH("Y",tblSnapshotRates[selected_for_pack],0)) -> AUTHORIZED_RESTATEMENT | D4: Baseline snapshot | E4: =LOOKUP(2,1/((tblSnapshotRates[jurisdiction]="ALL")*(tblSnapshotRates[source_status]="BASELINE_AUTHORIZED")),tblSnapshotRates[snapshot_date]) -> 45841 | G4: Draft diagnostic | H4: =Reconciliation!F15 -> 18.571429 | L4: SCT | M4: =SUMIFS(tblSnapshotRates[rate_per_100k_hours],tblSnapshotRates[jurisdiction],L4,tblSnapshotRates[source_status],"BASELINE_AUTHORIZED") -> 13.636364 | N4: =SUMIFS(tblSnapshotRates[rate_per_100k_hours],tblSnapshotRates[jurisdiction],L4,tblSnapshotRates[source_status],"AUTHORIZED_RESTATEMENT") -> 9.0909091 | O4: =IF(AND($C$28=L4,$G$30<>""),$G$30,"")
A5: Period end | B5: =INDEX(tblSnapshotRates[period_end],MATCH("Y",tblSnapshotRates[selected_for_pack],0)) -> 45838 | D5: Baseline overall rate | E5: =SUMIFS(tblSnapshotRates[rate_per_100k_hours],tblSnapshotRates[jurisdiction],"ALL",tblSnapshotRates[source_status],"BASELINE_AUTHORIZED") -> 15.714286 | G5: Diagnostic status | H5: Excluded - mixed dates | L5: ALL | M5: =SUMIFS(tblSnapshotRates[rate_per_100k_hours],tblSnapshotRates[jurisdiction],L5,tblSnapshotRates[source_status],"BASELINE_AUTHORIZED") -> 15.714286 | N5: =SUMIFS(tblSnapshotRates[rate_per_100k_hours],tblSnapshotRates[jurisdiction],L5,tblSnapshotRates[source_status],"AUTHORIZED_RESTATEMENT") -> 15.47619 | O5: =IF(AND($C$28=L5,$G$30<>""),$G$30,"")
A6: Selected snapshot | B6: =INDEX(tblSnapshotRates[snapshot_date],MATCH("Y",tblSnapshotRates[selected_for_pack],0)) -> 45848 | D6: Aligned movement | E6: =INDEX(tblSnapshotRates[relative_movement],MATCH("Y",tblSnapshotRates[selected_for_pack],0)) -> -0.015151515 | G6: Rate factor | H6: =Rate_Factor -> 100000
A7: Overall aligned rate | B7: =INDEX(tblSnapshotRates[rate_per_100k_hours],MATCH("Y",tblSnapshotRates[selected_for_pack],0)) -> 15.47619 | D7: Materiality result | E7: =INDEX(tblSnapshotRates[materiality],MATCH("Y",tblSnapshotRates[selected_for_pack],0)) -> Not material | G7: Pack freeze | H7: =Pack_Freeze -> 45869
A26: Next snapshot update
A27: Snapshot date | E27: Yellow cells are Kamil Dalgaard's later inputs. Use them only when the authorised numerator and exposure share this period end, snapshot date and jurisdiction.
A28: Jurisdiction (EW/SCT/ALL)
A29: Reportable incidents
A30: Exposure hours | E30: Future rate per 100k | G30: =IF(COUNTA($C$27:$C$31)<5,"",IFERROR($C$29/$C$30*Rate_Factor,""))
A31: Authorization reference

Sheet Counsel_Export
A1: contract_id | B1: period_end | C1: snapshot_date | D1: jurisdiction | E1: reportable_incidents | F1: exposure_hours | G1: rate_per_100k_hours | H1: source_status
A2: FOX-RENEW-25 | B2: 2025-06-30 | C2: 2025-07-03 | D2: EW | E2: =Reconciliation!E5 -> 8 | F2: =Reconciliation!F5 -> 48000 | G2: =Reconciliation!G5 -> 16.666667 | H2: BASELINE_AUTHORIZED
A3: FOX-RENEW-25 | B3: 2025-06-30 | C3: 2025-07-03 | D3: SCT | E3: =Reconciliation!E6 -> 3 | F3: =Reconciliation!F6 -> 22000 | G3: =Reconciliation!G6 -> 13.636364 | H3: BASELINE_AUTHORIZED
A4: FOX-RENEW-25 | B4: 2025-06-30 | C4: 2025-07-03 | D4: ALL | E4: =Reconciliation!E7 -> 11 | F4: =Reconciliation!F7 -> 70000 | G4: =Reconciliation!G7 -> 15.714286 | H4: BASELINE_AUTHORIZED
A5: FOX-RENEW-25 | B5: 2025-06-30 | C5: 2025-07-10 | D5: EW | E5: =Reconciliation!E8 -> 11 | F5: =Reconciliation!F8 -> 62000 | G5: =Reconciliation!G8 -> 17.741935 | H5: AUTHORIZED_RESTATEMENT
A6: FOX-RENEW-25 | B6: 2025-06-30 | C6: 2025-07-10 | D6: SCT | E6: =Reconciliation!E9 -> 2 | F6: =Reconciliation!F9 -> 22000 | G6: =Reconciliation!G9 -> 9.0909091 | H6: AUTHORIZED_RESTATEMENT
A7: FOX-RENEW-25 | B7: 2025-06-30 | C7: 2025-07-10 | D7: ALL | E7: =Reconciliation!E10 -> 13 | F7: =Reconciliation!F10 -> 84000 | G7: =Reconciliation!G10 -> 15.47619 | H7: AUTHORIZED_RESTATEMENT
