Workbook

Sheet Clean Checks
A1: Clean Checks
A2: All physical validation records retained; source facts, model treatment, and individual-unit conversion are shown separately.
A4: Extract Row | B4: Inspection Reference | C4: Validation Cycle | D4: Entity | E4: SKU | F4: Product Description | G4: Expected Price (USD) | H4: Observed Price (USD) | I4: Captured Label Wording | J4: Pilot Helper Result (source) | K4: Movement Qty (source) | L4: Movement Basis (source) | M4: Units per Pack (source) | N4: Packs per Shipment (source) | O4: Converted Individual Units (source) | P4: Individual Units Used in Model | Q4: Duplicate Group | R4: Summary Record? | S4: Treatment Note | T4: Normalized Accuracy Status | U4: Eligible Check? | V4: Source Reference
A5: V-001 | B5: SL-1001 | C5: Cycle 1 - Field Baseline | D5: Alder Quay Outlet | E5: YF-118 | F5: Maple Oat Bars, 6 count | G5: 3.49 | H5: 3.49 | I5: Matched | J5: Accurate | K5: 18 | L5: Each | M5: 6 | N5: 12 | O5: =IF(OR(K5="",L5="",M5="",N5=""),"",IF(L5="Each",K5,IF(L5="Pack",K5*M5,IF(L5="Shipment",K5*M5*N5,"")))) -> 18 | P5: =IF(U5="Yes",O5,0) -> 18 | R5: Yes | S5: Included once in the unique-check summary | T5: =IF(OR(G5="",H5=""),"Not Calculable",IF(LEFT(R5,3)="No ","Excluded",IF(ROUND(G5,2)=ROUND(H5,2),"Accurate","Inaccurate"))) -> Accurate | U5: =IF(OR(T5="Accurate",T5="Inaccurate"),"Yes","No") -> Yes | V5: shelf_label_validation_source.xlsx | Validation Export!A5:O5
A6: V-002 | B6: SL-1002 | C6: Cycle 1 - Field Baseline | D6: Alder Quay Outlet | E6: YF-221 | F6: Mineral Water, 12 x 500ml | G6: 4.29 | H6: 4.29 | I6: Aligned | J6: Accurate | K6: 3 | L6: Pack | M6: 12 | N6: 8 | O6: =IF(OR(K6="",L6="",M6="",N6=""),"",IF(L6="Each",K6,IF(L6="Pack",K6*M6,IF(L6="Shipment",K6*M6*N6,"")))) -> 36 | P6: =IF(U6="Yes",O6,0) -> 36 | R6: Yes | S6: Included once in the unique-check summary; compared at currency precision | T6: =IF(OR(G6="",H6=""),"Not Calculable",IF(LEFT(R6,3)="No ","Excluded",IF(ROUND(G6,2)=ROUND(H6,2),"Accurate","Inaccurate"))) -> Accurate | U6: =IF(OR(T6="Accurate",T6="Inaccurate"),"Yes","No") -> Yes | V6: shelf_label_validation_source.xlsx | Validation Export!A6:O6
A7: V-003 | B7: SL-1003 | C7: Cycle 1 - Field Baseline | D7: Alder Quay Outlet | E7: YF-330 | F7: Juniper Soap, 4 bar pack | G7: 5.99 | H7: 6.49 | I7: Mismatch | J7: Inaccurate | K7: 2 | L7: Shipment | M7: 4 | N7: 10 | O7: =IF(OR(K7="",L7="",M7="",N7=""),"",IF(L7="Each",K7,IF(L7="Pack",K7*M7,IF(L7="Shipment",K7*M7*N7,"")))) -> 80 | P7: =IF(U7="Yes",O7,0) -> 80 | R7: Yes | S7: Included once in the unique-check summary | T7: =IF(OR(G7="",H7=""),"Not Calculable",IF(LEFT(R7,3)="No ","Excluded",IF(ROUND(G7,2)=ROUND(H7,2),"Accurate","Inaccurate"))) -> Inaccurate | U7: =IF(OR(T7="Accurate",T7="Inaccurate"),"Yes","No") -> Yes | V7: shelf_label_validation_source.xlsx | Validation Export!A7:O7
A8: V-004 | B8: SL-1004 | C8: Cycle 2 - Migration Check | D8: Alder Quay Outlet | E8: YF-118 | F8: Maple Oat Bars, 6 count | G8: 3.49 | H8: 3.49 | I8: Correct | J8: Inaccurate | K8: 24 | L8: Each | M8: 6 | N8: 12 | O8: =IF(OR(K8="",L8="",M8="",N8=""),"",IF(L8="Each",K8,IF(L8="Pack",K8*M8,IF(L8="Shipment",K8*M8*N8,"")))) -> 24 | P8: =IF(U8="Yes",O8,0) -> 24 | R8: Yes | S8: Included once in the unique-check summary; pilot helper not used for status | T8: =IF(OR(G8="",H8=""),"Not Calculable",IF(LEFT(R8,3)="No ","Excluded",IF(ROUND(G8,2)=ROUND(H8,2),"Accurate","Inaccurate"))) -> Accurate | U8: =IF(OR(T8="Accurate",T8="Inaccurate"),"Yes","No") -> Yes | V8: shelf_label_validation_source.xlsx | Validation Export!A8:O8
A9: V-005 | B9: SL-1005 | C9: Cycle 2 - Migration Check | D9: Alder Quay Outlet | E9: YF-221 | F9: Mineral Water, 12 x 500ml | G9: 4.29 | H9: 4.59 | I9: Price variance | J9: Inaccurate | K9: 2 | L9: Pack | M9: 12 | N9: 8 | O9: =IF(OR(K9="",L9="",M9="",N9=""),"",IF(L9="Each",K9,IF(L9="Pack",K9*M9,IF(L9="Shipment",K9*M9*N9,"")))) -> 24 | P9: =IF(U9="Yes",O9,0) -> 24 | R9: Yes | S9: Included once in the unique-check summary | T9: =IF(OR(G9="",H9=""),"Not Calculable",IF(LEFT(R9,3)="No ","Excluded",IF(ROUND(G9,2)=ROUND(H9,2),"Accurate","Inaccurate"))) -> Inaccurate | U9: =IF(OR(T9="Accurate",T9="Inaccurate"),"Yes","No") -> Yes | V9: shelf_label_validation_source.xlsx | Validation Export!A9:O9
A10: V-006 | B10: SL-1006 | C10: Cycle 2 - Migration Check | D10: Alder Quay Outlet | E10: YF-330 | F10: Juniper Soap, 4 bar pack | G10: 5.99 | H10: 5.99 | I10: Aligned | J10: Accurate | K10: 1 | L10: Shipment | M10: 4 | N10: 10 | O10: =IF(OR(K10="",L10="",M10="",N10=""),"",IF(L10="Each",K10,IF(L10="Pack",K10*M10,IF(L10="Shipment",K10*M10*N10,"")))) -> 40 | P10: =IF(U10="Yes",O10,0) -> 40 | R10: Yes | S10: Included once in the unique-check summary | T10: =IF(OR(G10="",H10=""),"Not Calculable",IF(LEFT(R10,3)="No ","Excluded",IF(ROUND(G10,2)=ROUND(H10,2),"Accurate","Inaccurate"))) -> Accurate | U10: =IF(OR(T10="Accurate",T10="Inaccurate"),"Yes","No") -> Yes | V10: shelf_label_validation_source.xlsx | Validation Export!A10:O10
A11: V-007 | B11: SL-2001 | C11: Cycle 1 - Field Baseline | D11: Brackenfield Market | E11: YF-118 | F11: Maple Oat Bars, 6 count | G11: 3.49 | H11: 3.79 | I11: Mismatch | J11: Inaccurate | K11: 10 | L11: Each | M11: 6 | N11: 12 | O11: =IF(OR(K11="",L11="",M11="",N11=""),"",IF(L11="Each",K11,IF(L11="Pack",K11*M11,IF(L11="Shipment",K11*M11*N11,"")))) -> 10 | P11: =IF(U11="Yes",O11,0) -> 10 | R11: Yes | S11: Included once in the unique-check summary | T11: =IF(OR(G11="",H11=""),"Not Calculable",IF(LEFT(R11,3)="No ","Excluded",IF(ROUND(G11,2)=ROUND(H11,2),"Accurate","Inaccurate"))) -> Inaccurate | U11: =IF(OR(T11="Accurate",T11="Inaccurate"),"Yes","No") -> Yes | V11: shelf_label_validation_source.xlsx | Validation Export!A11:O11
A12: V-008 | B12: SL-2002 | C12: Cycle 1 - Field Baseline | D12: Brackenfield Market | E12: YF-245 | F12: Stonefruit Jam, 8 jar pack | G12: 7.25 | H12: 7.25 | I12: Matched | J12: Accurate | K12: 4 | L12: Pack | M12: 8 | N12: 6 | O12: =IF(OR(K12="",L12="",M12="",N12=""),"",IF(L12="Each",K12,IF(L12="Pack",K12*M12,IF(L12="Shipment",K12*M12*N12,"")))) -> 32 | P12: =IF(U12="Yes",O12,0) -> 32 | Q12: DUP-SL-2002 | R12: Yes - canonical | S12: Included once in the unique-check summary | T12: =IF(OR(G12="",H12=""),"Not Calculable",IF(LEFT(R12,3)="No ","Excluded",IF(ROUND(G12,2)=ROUND(H12,2),"Accurate","Inaccurate"))) -> Accurate | U12: =IF(OR(T12="Accurate",T12="Inaccurate"),"Yes","No") -> Yes | V12: shelf_label_validation_source.xlsx | Validation Export!A12:O12
A13: V-009 | B13: SL-2002 | C13: Cycle 1 - Field Baseline | D13: Brackenfield Market | E13: YF-245 | F13: Stonefruit Jam, 8 jar pack | G13: 7.25 | H13: 7.25 | I13: Matched | J13: Accurate | K13: 4 | L13: Pack | M13: 8 | N13: 6 | O13: =IF(OR(K13="",L13="",M13="",N13=""),"",IF(L13="Each",K13,IF(L13="Pack",K13*M13,IF(L13="Shipment",K13*M13*N13,"")))) -> 32 | P13: =IF(U13="Yes",O13,0) -> 0 | Q13: DUP-SL-2002 | R13: No - duplicate | S13: Duplicate source record; not used in the unique-check summary | T13: =IF(OR(G13="",H13=""),"Not Calculable",IF(LEFT(R13,3)="No ","Excluded",IF(ROUND(G13,2)=ROUND(H13,2),"Accurate","Inaccurate"))) -> Excluded | U13: =IF(OR(T13="Accurate",T13="Inaccurate"),"Yes","No") -> No | V13: shelf_label_validation_source.xlsx | Validation Export!A13:O13
A14: V-010 | B14: SL-2003 | C14: Cycle 1 - Field Baseline | D14: Brackenfield Market | E14: YF-410 | F14: Espresso Filters, 6 count | G14: 2.19 | H14: 2.19 | I14: Correct | J14: Accurate | K14: 1 | L14: Shipment | M14: 6 | N14: 15 | O14: =IF(OR(K14="",L14="",M14="",N14=""),"",IF(L14="Each",K14,IF(L14="Pack",K14*M14,IF(L14="Shipment",K14*M14*N14,"")))) -> 90 | P14: =IF(U14="Yes",O14,0) -> 90 | R14: Yes | S14: Included once in the unique-check summary | T14: =IF(OR(G14="",H14=""),"Not Calculable",IF(LEFT(R14,3)="No ","Excluded",IF(ROUND(G14,2)=ROUND(H14,2),"Accurate","Inaccurate"))) -> Accurate | U14: =IF(OR(T14="Accurate",T14="Inaccurate"),"Yes","No") -> Yes | V14: shelf_label_validation_source.xlsx | Validation Export!A14:O14
A15: V-011 | B15: SL-2004 | C15: Cycle 2 - Migration Check | D15: Brackenfield Market | E15: YF-118 | F15: Maple Oat Bars, 6 count | G15: 3.49 | H15: 3.49 | I15: Aligned | J15: Accurate | K15: 12 | L15: Each | M15: 6 | N15: 12 | O15: =IF(OR(K15="",L15="",M15="",N15=""),"",IF(L15="Each",K15,IF(L15="Pack",K15*M15,IF(L15="Shipment",K15*M15*N15,"")))) -> 12 | P15: =IF(U15="Yes",O15,0) -> 12 | R15: Yes | S15: Included once in the unique-check summary | T15: =IF(OR(G15="",H15=""),"Not Calculable",IF(LEFT(R15,3)="No ","Excluded",IF(ROUND(G15,2)=ROUND(H15,2),"Accurate","Inaccurate"))) -> Accurate | U15: =IF(OR(T15="Accurate",T15="Inaccurate"),"Yes","No") -> Yes | V15: shelf_label_validation_source.xlsx | Validation Export!A15:O15
A16: V-012 | B16: SL-2005 | C16: Cycle 2 - Migration Check | D16: Brackenfield Market | E16: YF-245 | F16: Stonefruit Jam, 8 jar pack | G16: 7.25 | H16: 7.25 | I16: Matched | J16: Accurate | K16: 2 | L16: Pack | M16: 8 | N16: 6 | O16: =IF(OR(K16="",L16="",M16="",N16=""),"",IF(L16="Each",K16,IF(L16="Pack",K16*M16,IF(L16="Shipment",K16*M16*N16,"")))) -> 16 | P16: =IF(U16="Yes",O16,0) -> 16 | R16: Yes | S16: Included once in the unique-check summary | T16: =IF(OR(G16="",H16=""),"Not Calculable",IF(LEFT(R16,3)="No ","Excluded",IF(ROUND(G16,2)=ROUND(H16,2),"Accurate","Inaccurate"))) -> Accurate | U16: =IF(OR(T16="Accurate",T16="Inaccurate"),"Yes","No") -> Yes | V16: shelf_label_validation_source.xlsx | Validation Export!A16:O16
A17: V-013 | B17: SL-2006 | C17: Cycle 2 - Migration Check | D17: Brackenfield Market | E17: YF-410 | F17: Espresso Filters, 6 count | G17: 2.19 | H17: 2.69 | I17: Matched | J17: Inaccurate | K17: 3 | L17: Shipment | M17: 6 | N17: 15 | O17: =IF(OR(K17="",L17="",M17="",N17=""),"",IF(L17="Each",K17,IF(L17="Pack",K17*M17,IF(L17="Shipment",K17*M17*N17,"")))) -> 270 | P17: =IF(U17="Yes",O17,0) -> 270 | R17: Yes | S17: Included once in the unique-check summary; price comparison governs conflicting label wording | T17: =IF(OR(G17="",H17=""),"Not Calculable",IF(LEFT(R17,3)="No ","Excluded",IF(ROUND(G17,2)=ROUND(H17,2),"Accurate","Inaccurate"))) -> Inaccurate | U17: =IF(OR(T17="Accurate",T17="Inaccurate"),"Yes","No") -> Yes | V17: shelf_label_validation_source.xlsx | Validation Export!A17:O17
A18: V-014 | B18: SL-3001 | C18: Cycle 1 - Field Baseline | D18: Cedarbrook Supply | E18: YF-118 | F18: Maple Oat Bars, 6 count | G18: 3.49 | H18: 3.49 | I18: Correct | J18: Accurate | K18: 20 | L18: Each | M18: 6 | N18: 12 | O18: =IF(OR(K18="",L18="",M18="",N18=""),"",IF(L18="Each",K18,IF(L18="Pack",K18*M18,IF(L18="Shipment",K18*M18*N18,"")))) -> 20 | P18: =IF(U18="Yes",O18,0) -> 20 | R18: Yes | S18: Included once in the unique-check summary | T18: =IF(OR(G18="",H18=""),"Not Calculable",IF(LEFT(R18,3)="No ","Excluded",IF(ROUND(G18,2)=ROUND(H18,2),"Accurate","Inaccurate"))) -> Accurate | U18: =IF(OR(T18="Accurate",T18="Inaccurate"),"Yes","No") -> Yes | V18: shelf_label_validation_source.xlsx | Validation Export!A18:O18
A19: V-015 | B19: SL-3002 | C19: Cycle 1 - Field Baseline | D19: Cedarbrook Supply | E19: YF-245 | F19: Stonefruit Jam, 8 jar pack | G19: 7.25 | H19: 7.75 | I19: Price variance | J19: Inaccurate | K19: 4 | L19: Pack | M19: 8 | N19: 6 | O19: =IF(OR(K19="",L19="",M19="",N19=""),"",IF(L19="Each",K19,IF(L19="Pack",K19*M19,IF(L19="Shipment",K19*M19*N19,"")))) -> 32 | P19: =IF(U19="Yes",O19,0) -> 32 | R19: Yes | S19: Included once in the unique-check summary | T19: =IF(OR(G19="",H19=""),"Not Calculable",IF(LEFT(R19,3)="No ","Excluded",IF(ROUND(G19,2)=ROUND(H19,2),"Accurate","Inaccurate"))) -> Inaccurate | U19: =IF(OR(T19="Accurate",T19="Inaccurate"),"Yes","No") -> Yes | V19: shelf_label_validation_source.xlsx | Validation Export!A19:O19
A20: V-016 | B20: SL-3003 | C20: Cycle 1 - Field Baseline | D20: Cedarbrook Supply | E20: YF-330 | F20: Juniper Soap, 4 bar pack | G20: 5.99 | H20: 5.99 | I20: Aligned | J20: Accurate | K20: 1 | L20: Shipment | M20: 4 | N20: 10 | O20: =IF(OR(K20="",L20="",M20="",N20=""),"",IF(L20="Each",K20,IF(L20="Pack",K20*M20,IF(L20="Shipment",K20*M20*N20,"")))) -> 40 | P20: =IF(U20="Yes",O20,0) -> 40 | R20: Yes | S20: Included once in the unique-check summary | T20: =IF(OR(G20="",H20=""),"Not Calculable",IF(LEFT(R20,3)="No ","Excluded",IF(ROUND(G20,2)=ROUND(H20,2),"Accurate","Inaccurate"))) -> Accurate | U20: =IF(OR(T20="Accurate",T20="Inaccurate"),"Yes","No") -> Yes | V20: shelf_label_validation_source.xlsx | Validation Export!A20:O20
A21: V-017 | B21: SL-3004 | C21: Cycle 2 - Migration Check | D21: Cedarbrook Supply | E21: YF-118 | F21: Maple Oat Bars, 6 count | G21: 3.49 | H21: 3.49 | I21: Matched | J21: Accurate | K21: 20 | L21: Each | M21: 6 | N21: 12 | O21: =IF(OR(K21="",L21="",M21="",N21=""),"",IF(L21="Each",K21,IF(L21="Pack",K21*M21,IF(L21="Shipment",K21*M21*N21,"")))) -> 20 | P21: =IF(U21="Yes",O21,0) -> 20 | R21: Yes | S21: Included once in the unique-check summary | T21: =IF(OR(G21="",H21=""),"Not Calculable",IF(LEFT(R21,3)="No ","Excluded",IF(ROUND(G21,2)=ROUND(H21,2),"Accurate","Inaccurate"))) -> Accurate | U21: =IF(OR(T21="Accurate",T21="Inaccurate"),"Yes","No") -> Yes | V21: shelf_label_validation_source.xlsx | Validation Export!A21:O21
A22: V-018 | B22: SL-3005 | C22: Cycle 2 - Migration Check | D22: Cedarbrook Supply | E22: YF-245 | F22: Stonefruit Jam, 8 jar pack | G22: 7.25 | H22: 7.25 | I22: Correct | J22: Accurate | K22: 3 | L22: Pack | M22: 8 | N22: 6 | O22: =IF(OR(K22="",L22="",M22="",N22=""),"",IF(L22="Each",K22,IF(L22="Pack",K22*M22,IF(L22="Shipment",K22*M22*N22,"")))) -> 24 | P22: =IF(U22="Yes",O22,0) -> 24 | R22: Yes | S22: Included once in the unique-check summary | T22: =IF(OR(G22="",H22=""),"Not Calculable",IF(LEFT(R22,3)="No ","Excluded",IF(ROUND(G22,2)=ROUND(H22,2),"Accurate","Inaccurate"))) -> Accurate | U22: =IF(OR(T22="Accurate",T22="Inaccurate"),"Yes","No") -> Yes | V22: shelf_label_validation_source.xlsx | Validation Export!A22:O22
A23: V-019 | B23: SL-3006 | C23: Cycle 2 - Migration Check | D23: Cedarbrook Supply | E23: YF-330 | F23: Juniper Soap, 4 bar pack | G23: 5.99 | H23: 5.99 | I23: Aligned | J23: Accurate | K23: 2 | L23: Shipment | M23: 4 | N23: 10 | O23: =IF(OR(K23="",L23="",M23="",N23=""),"",IF(L23="Each",K23,IF(L23="Pack",K23*M23,IF(L23="Shipment",K23*M23*N23,"")))) -> 80 | P23: =IF(U23="Yes",O23,0) -> 80 | R23: Yes | S23: Included once in the unique-check summary | T23: =IF(OR(G23="",H23=""),"Not Calculable",IF(LEFT(R23,3)="No ","Excluded",IF(ROUND(G23,2)=ROUND(H23,2),"Accurate","Inaccurate"))) -> Accurate | U23: =IF(OR(T23="Accurate",T23="Inaccurate"),"Yes","No") -> Yes | V23: shelf_label_validation_source.xlsx | Validation Export!A23:O23
A24: V-020 | B24: SL-4001 | C24: Cycle 1 - Field Baseline | D24: Dovetail Corner | E24: YF-221 | F24: Mineral Water, 12 x 500ml | G24: 4.29 | H24: 4.29 | I24: Matched | J24: Accurate | K24: 3 | L24: Pack | M24: 12 | N24: 8 | O24: =IF(OR(K24="",L24="",M24="",N24=""),"",IF(L24="Each",K24,IF(L24="Pack",K24*M24,IF(L24="Shipment",K24*M24*N24,"")))) -> 36 | P24: =IF(U24="Yes",O24,0) -> 36 | R24: Yes | S24: Included once in the unique-check summary | T24: =IF(OR(G24="",H24=""),"Not Calculable",IF(LEFT(R24,3)="No ","Excluded",IF(ROUND(G24,2)=ROUND(H24,2),"Accurate","Inaccurate"))) -> Accurate | U24: =IF(OR(T24="Accurate",T24="Inaccurate"),"Yes","No") -> Yes | V24: shelf_label_validation_source.xlsx | Validation Export!A24:O24
A25: V-021 | B25: SL-4002 | C25: Cycle 1 - Field Baseline | D25: Dovetail Corner | E25: YF-410 | F25: Espresso Filters, 6 count | G25: 2.19 | H25: 2.49 | I25: Mismatch | J25: Inaccurate | K25: 1 | L25: Shipment | M25: 6 | N25: 15 | O25: =IF(OR(K25="",L25="",M25="",N25=""),"",IF(L25="Each",K25,IF(L25="Pack",K25*M25,IF(L25="Shipment",K25*M25*N25,"")))) -> 90 | P25: =IF(U25="Yes",O25,0) -> 90 | R25: Yes | S25: Included once in the unique-check summary | T25: =IF(OR(G25="",H25=""),"Not Calculable",IF(LEFT(R25,3)="No ","Excluded",IF(ROUND(G25,2)=ROUND(H25,2),"Accurate","Inaccurate"))) -> Inaccurate | U25: =IF(OR(T25="Accurate",T25="Inaccurate"),"Yes","No") -> Yes | V25: shelf_label_validation_source.xlsx | Validation Export!A25:O25
... A29: V-025 | B29: SL-5002 | C29: Cycle 1 - Field Baseline | D29: Elmhurst Merchants | E29: YF-330 | F29: Juniper Soap, 4 bar pack | G29: 5.99 | H29: 5.99 | I29: Correct | J29: Accurate | K29: 1 | L29: Shipment | M29: 4 | N29: 10 | O29: =IF(OR(K29="",L29="",M29="",N29=""),"",IF(L29="Each",K29,IF(L29="Pack",K29*M29,IF(L29="Shipment",K29*M29*N29,"")))) -> 40 | P29: =IF(U29="Yes",O29,0) -> 40 | R29: Yes | S29: Included once in the unique-check summary | T29: =IF(OR(G29="",H29=""),"Not Calculable",IF(LEFT(R29,3)="No ","Excluded",IF(ROUND(G29,2)=ROUND(H29,2),"Accurate","Inaccurate"))) -> Accurate | U29: =IF(OR(T29="Accurate",T29="Inaccurate"),"Yes","No") -> Yes | V29: shelf_label_validation_source.xlsx | Validation Export!A29:O29
A30: V-026 | B30: SL-5003 | C30: Cycle 2 - Migration Check | D30: Elmhurst Merchants | E30: YF-118 | F30: Maple Oat Bars, 6 count | G30: 3.49 | I30: Matched | J30: Accurate | K30: 12 | L30: Each | M30: 6 | N30: 12 | O30: =IF(OR(K30="",L30="",M30="",N30=""),"",IF(L30="Each",K30,IF(L30="Pack",K30*M30,IF(L30="Shipment",K30*M30*N30,"")))) -> 12 | P30: =IF(U30="Yes",O30,0) -> 0 | R30: No - not calculable | S30: Not calculable: missing Observed Price (USD) | T30: =IF(OR(G30="",H30=""),"Not Calculable",IF(LEFT(R30,3)="No ","Excluded",IF(ROUND(G30,2)=ROUND(H30,2),"Accurate","Inaccurate"))) -> Not Calculable | U30: =IF(OR(T30="Accurate",T30="Inaccurate"),"Yes","No") -> No | V30: shelf_label_validation_source.xlsx | Validation Export!A30:O30

Sheet Entity Summary
A1: Entity Summary
A2: Accuracy is calculated from eligible unique inspection references. Individual-unit totals use the conversion shown in Clean Checks.
A4: Entity | B4: Cycle 1 - Field Baseline | F4: Cycle 2 - Migration Check | J4: Comparison | L4: Result Availability
B5: Eligible Checks | C5: Accurate Checks | D5: Accuracy % | E5: Individual Units | F5: Eligible Checks | G5: Accurate Checks | H5: Accuracy % | I5: Individual Units | J5: Change (pp) | K5: Material Change (20.0 pp rule)
A6: Alder Quay Outlet | B6: =COUNTIFS('Clean Checks'!$C$5:$C$30,"Cycle 1 - Field Baseline",'Clean Checks'!$D$5:$D$30,$A6,'Clean Checks'!$U$5:$U$30,"Yes") -> 3 | C6: =IF(B6=0,"Unavailable",COUNTIFS('Clean Checks'!$C$5:$C$30,"Cycle 1 - Field Baseline",'Clean Checks'!$D$5:$D$30,$A6,'Clean Checks'!$T$5:$T$30,"Accurate",'Clean Checks'!$U$5:$U$30,"Yes")) -> 2 | D6: =IF(B6=0,"Unavailable",C6/B6) -> 0.66666667 | E6: =IF(B6=0,"Unavailable",SUMIFS('Clean Checks'!$P$5:$P$30,'Clean Checks'!$C$5:$C$30,"Cycle 1 - Field Baseline",'Clean Checks'!$D$5:$D$30,$A6,'Clean Checks'!$U$5:$U$30,"Yes")) -> 134 | F6: =COUNTIFS('Clean Checks'!$C$5:$C$30,"Cycle 2 - Migration Check",'Clean Checks'!$D$5:$D$30,$A6,'Clean Checks'!$U$5:$U$30,"Yes") -> 3 | G6: =IF(F6=0,"Unavailable",COUNTIFS('Clean Checks'!$C$5:$C$30,"Cycle 2 - Migration Check",'Clean Checks'!$D$5:$D$30,$A6,'Clean Checks'!$T$5:$T$30,"Accurate",'Clean Checks'!$U$5:$U$30,"Yes")) -> 2 | H6: =IF(F6=0,"Unavailable",G6/F6) -> 0.66666667 | I6: =IF(F6=0,"Unavailable",SUMIFS('Clean Checks'!$P$5:$P$30,'Clean Checks'!$C$5:$C$30,"Cycle 2 - Migration Check",'Clean Checks'!$D$5:$D$30,$A6,'Clean Checks'!$U$5:$U$30,"Yes")) -> 88 | J6: =IF(OR(B6=0,F6=0),"Unavailable",(H6-D6)*100) -> 0 | K6: =IF(J6="Unavailable","Not comparable",IF(ABS(J6)>=20,"Material (>=20.0 pp)","Not material (<20.0 pp)")) -> Not material (<20.0 pp) | L6: =IF(AND(B6=0,F6=0),"No eligible checks in either cycle",IF(B6=0,"Cycle 1 unavailable",IF(F6=0,"Cycle 2 unavailable","Both cycles measured"))) -> Both cycles measured
A7: Brackenfield Market | B7: =COUNTIFS('Clean Checks'!$C$5:$C$30,"Cycle 1 - Field Baseline",'Clean Checks'!$D$5:$D$30,$A7,'Clean Checks'!$U$5:$U$30,"Yes") -> 3 | C7: =IF(B7=0,"Unavailable",COUNTIFS('Clean Checks'!$C$5:$C$30,"Cycle 1 - Field Baseline",'Clean Checks'!$D$5:$D$30,$A7,'Clean Checks'!$T$5:$T$30,"Accurate",'Clean Checks'!$U$5:$U$30,"Yes")) -> 2 | D7: =IF(B7=0,"Unavailable",C7/B7) -> 0.66666667 | E7: =IF(B7=0,"Unavailable",SUMIFS('Clean Checks'!$P$5:$P$30,'Clean Checks'!$C$5:$C$30,"Cycle 1 - Field Baseline",'Clean Checks'!$D$5:$D$30,$A7,'Clean Checks'!$U$5:$U$30,"Yes")) -> 132 | F7: =COUNTIFS('Clean Checks'!$C$5:$C$30,"Cycle 2 - Migration Check",'Clean Checks'!$D$5:$D$30,$A7,'Clean Checks'!$U$5:$U$30,"Yes") -> 3 | G7: =IF(F7=0,"Unavailable",COUNTIFS('Clean Checks'!$C$5:$C$30,"Cycle 2 - Migration Check",'Clean Checks'!$D$5:$D$30,$A7,'Clean Checks'!$T$5:$T$30,"Accurate",'Clean Checks'!$U$5:$U$30,"Yes")) -> 2 | H7: =IF(F7=0,"Unavailable",G7/F7) -> 0.66666667 | I7: =IF(F7=0,"Unavailable",SUMIFS('Clean Checks'!$P$5:$P$30,'Clean Checks'!$C$5:$C$30,"Cycle 2 - Migration Check",'Clean Checks'!$D$5:$D$30,$A7,'Clean Checks'!$U$5:$U$30,"Yes")) -> 298 | J7: =IF(OR(B7=0,F7=0),"Unavailable",(H7-D7)*100) -> 0 | K7: =IF(J7="Unavailable","Not comparable",IF(ABS(J7)>=20,"Material (>=20.0 pp)","Not material (<20.0 pp)")) -> Not material (<20.0 pp) | L7: =IF(AND(B7=0,F7=0),"No eligible checks in either cycle",IF(B7=0,"Cycle 1 unavailable",IF(F7=0,"Cycle 2 unavailable","Both cycles measured"))) -> Both cycles measured
A8: Cedarbrook Supply | B8: =COUNTIFS('Clean Checks'!$C$5:$C$30,"Cycle 1 - Field Baseline",'Clean Checks'!$D$5:$D$30,$A8,'Clean Checks'!$U$5:$U$30,"Yes") -> 3 | C8: =IF(B8=0,"Unavailable",COUNTIFS('Clean Checks'!$C$5:$C$30,"Cycle 1 - Field Baseline",'Clean Checks'!$D$5:$D$30,$A8,'Clean Checks'!$T$5:$T$30,"Accurate",'Clean Checks'!$U$5:$U$30,"Yes")) -> 2 | D8: =IF(B8=0,"Unavailable",C8/B8) -> 0.66666667 | E8: =IF(B8=0,"Unavailable",SUMIFS('Clean Checks'!$P$5:$P$30,'Clean Checks'!$C$5:$C$30,"Cycle 1 - Field Baseline",'Clean Checks'!$D$5:$D$30,$A8,'Clean Checks'!$U$5:$U$30,"Yes")) -> 92 | F8: =COUNTIFS('Clean Checks'!$C$5:$C$30,"Cycle 2 - Migration Check",'Clean Checks'!$D$5:$D$30,$A8,'Clean Checks'!$U$5:$U$30,"Yes") -> 3 | G8: =IF(F8=0,"Unavailable",COUNTIFS('Clean Checks'!$C$5:$C$30,"Cycle 2 - Migration Check",'Clean Checks'!$D$5:$D$30,$A8,'Clean Checks'!$T$5:$T$30,"Accurate",'Clean Checks'!$U$5:$U$30,"Yes")) -> 3 | H8: =IF(F8=0,"Unavailable",G8/F8) -> 1 | I8: =IF(F8=0,"Unavailable",SUMIFS('Clean Checks'!$P$5:$P$30,'Clean Checks'!$C$5:$C$30,"Cycle 2 - Migration Check",'Clean Checks'!$D$5:$D$30,$A8,'Clean Checks'!$U$5:$U$30,"Yes")) -> 124 | J8: =IF(OR(B8=0,F8=0),"Unavailable",(H8-D8)*100) -> 33.333333 | K8: =IF(J8="Unavailable","Not comparable",IF(ABS(J8)>=20,"Material (>=20.0 pp)","Not material (<20.0 pp)")) -> Material (>=20.0 pp) | L8: =IF(AND(B8=0,F8=0),"No eligible checks in either cycle",IF(B8=0,"Cycle 1 unavailable",IF(F8=0,"Cycle 2 unavailable","Both cycles measured"))) -> Both cycles measured
A9: Dovetail Corner | B9: =COUNTIFS('Clean Checks'!$C$5:$C$30,"Cycle 1 - Field Baseline",'Clean Checks'!$D$5:$D$30,$A9,'Clean Checks'!$U$5:$U$30,"Yes") -> 2 | C9: =IF(B9=0,"Unavailable",COUNTIFS('Clean Checks'!$C$5:$C$30,"Cycle 1 - Field Baseline",'Clean Checks'!$D$5:$D$30,$A9,'Clean Checks'!$T$5:$T$30,"Accurate",'Clean Checks'!$U$5:$U$30,"Yes")) -> 1 | D9: =IF(B9=0,"Unavailable",C9/B9) -> 0.5 | E9: =IF(B9=0,"Unavailable",SUMIFS('Clean Checks'!$P$5:$P$30,'Clean Checks'!$C$5:$C$30,"Cycle 1 - Field Baseline",'Clean Checks'!$D$5:$D$30,$A9,'Clean Checks'!$U$5:$U$30,"Yes")) -> 126 | F9: =COUNTIFS('Clean Checks'!$C$5:$C$30,"Cycle 2 - Migration Check",'Clean Checks'!$D$5:$D$30,$A9,'Clean Checks'!$U$5:$U$30,"Yes") -> 2 | G9: =IF(F9=0,"Unavailable",COUNTIFS('Clean Checks'!$C$5:$C$30,"Cycle 2 - Migration Check",'Clean Checks'!$D$5:$D$30,$A9,'Clean Checks'!$T$5:$T$30,"Accurate",'Clean Checks'!$U$5:$U$30,"Yes")) -> 2 | H9: =IF(F9=0,"Unavailable",G9/F9) -> 1 | I9: =IF(F9=0,"Unavailable",SUMIFS('Clean Checks'!$P$5:$P$30,'Clean Checks'!$C$5:$C$30,"Cycle 2 - Migration Check",'Clean Checks'!$D$5:$D$30,$A9,'Clean Checks'!$U$5:$U$30,"Yes")) -> 204 | J9: =IF(OR(B9=0,F9=0),"Unavailable",(H9-D9)*100) -> 50 | K9: =IF(J9="Unavailable","Not comparable",IF(ABS(J9)>=20,"Material (>=20.0 pp)","Not material (<20.0 pp)")) -> Material (>=20.0 pp) | L9: =IF(AND(B9=0,F9=0),"No eligible checks in either cycle",IF(B9=0,"Cycle 1 unavailable",IF(F9=0,"Cycle 2 unavailable","Both cycles measured"))) -> Both cycles measured
A10: Elmhurst Merchants | B10: =COUNTIFS('Clean Checks'!$C$5:$C$30,"Cycle 1 - Field Baseline",'Clean Checks'!$D$5:$D$30,$A10,'Clean Checks'!$U$5:$U$30,"Yes") -> 2 | C10: =IF(B10=0,"Unavailable",COUNTIFS('Clean Checks'!$C$5:$C$30,"Cycle 1 - Field Baseline",'Clean Checks'!$D$5:$D$30,$A10,'Clean Checks'!$T$5:$T$30,"Accurate",'Clean Checks'!$U$5:$U$30,"Yes")) -> 2 | D10: =IF(B10=0,"Unavailable",C10/B10) -> 1 | E10: =IF(B10=0,"Unavailable",SUMIFS('Clean Checks'!$P$5:$P$30,'Clean Checks'!$C$5:$C$30,"Cycle 1 - Field Baseline",'Clean Checks'!$D$5:$D$30,$A10,'Clean Checks'!$U$5:$U$30,"Yes")) -> 52 | F10: =COUNTIFS('Clean Checks'!$C$5:$C$30,"Cycle 2 - Migration Check",'Clean Checks'!$D$5:$D$30,$A10,'Clean Checks'!$U$5:$U$30,"Yes") -> 0 | G10: =IF(F10=0,"Unavailable",COUNTIFS('Clean Checks'!$C$5:$C$30,"Cycle 2 - Migration Check",'Clean Checks'!$D$5:$D$30,$A10,'Clean Checks'!$T$5:$T$30,"Accurate",'Clean Checks'!$U$5:$U$30,"Yes")) -> Unavailable | H10: =IF(F10=0,"Unavailable",G10/F10) -> Unavailable | I10: =IF(F10=0,"Unavailable",SUMIFS('Clean Checks'!$P$5:$P$30,'Clean Checks'!$C$5:$C$30,"Cycle 2 - Migration Check",'Clean Checks'!$D$5:$D$30,$A10,'Clean Checks'!$U$5:$U$30,"Yes")) -> Unavailable | J10: =IF(OR(B10=0,F10=0),"Unavailable",(H10-D10)*100) -> Unavailable | K10: =IF(J10="Unavailable","Not comparable",IF(ABS(J10)>=20,"Material (>=20.0 pp)","Not material (<20.0 pp)")) -> Not comparable | L10: =IF(AND(B10=0,F10=0),"No eligible checks in either cycle",IF(B10=0,"Cycle 1 unavailable",IF(F10=0,"Cycle 2 unavailable","Both cycles measured"))) -> Cycle 2 unavailable
A11: Overall | B11: =COUNTIFS('Clean Checks'!$C$5:$C$30,"Cycle 1 - Field Baseline",'Clean Checks'!$U$5:$U$30,"Yes") -> 13 | C11: =IF(B11=0,"Unavailable",COUNTIFS('Clean Checks'!$C$5:$C$30,"Cycle 1 - Field Baseline",'Clean Checks'!$T$5:$T$30,"Accurate",'Clean Checks'!$U$5:$U$30,"Yes")) -> 9 | D11: =IF(B11=0,"Unavailable",C11/B11) -> 0.69230769 | E11: =IF(B11=0,"Unavailable",SUMIFS('Clean Checks'!$P$5:$P$30,'Clean Checks'!$C$5:$C$30,"Cycle 1 - Field Baseline",'Clean Checks'!$U$5:$U$30,"Yes")) -> 536 | F11: =COUNTIFS('Clean Checks'!$C$5:$C$30,"Cycle 2 - Migration Check",'Clean Checks'!$U$5:$U$30,"Yes") -> 11 | G11: =IF(F11=0,"Unavailable",COUNTIFS('Clean Checks'!$C$5:$C$30,"Cycle 2 - Migration Check",'Clean Checks'!$T$5:$T$30,"Accurate",'Clean Checks'!$U$5:$U$30,"Yes")) -> 9 | H11: =IF(F11=0,"Unavailable",G11/F11) -> 0.81818182 | I11: =IF(F11=0,"Unavailable",SUMIFS('Clean Checks'!$P$5:$P$30,'Clean Checks'!$C$5:$C$30,"Cycle 2 - Migration Check",'Clean Checks'!$U$5:$U$30,"Yes")) -> 714 | J11: =IF(OR(B11=0,F11=0),"Unavailable",(H11-D11)*100) -> 12.587413 | K11: =IF(J11="Unavailable","Not comparable",IF(ABS(J11)>=20,"Material (>=20.0 pp)","Not material (<20.0 pp)")) -> Not material (<20.0 pp) | L11: All eligible unique checks

Sheet Quality Issues
A1: Quality Issues
A2: Each condition is linked to a source record or table and states its treatment and analytical impact.
A4: Issue ID | B4: Issue Type | C4: Source Record(s) | D4: Entity / Cycle | E4: Evidence Retained | F4: Treatment in Model | G4: Effect on Results | H4: Source Reference
A5: QI-01 | B5: Duplicate inspection records | C5: V-008 (SL-2002), V-009 (SL-2002) | D5: Brackenfield Market | Cycle 1 - Field Baseline | E5: 2 physical records share inspection reference SL-2002 and the validation fields agree. | F5: V-008 is the canonical unique check; V-009 is marked Excluded. | G5: One unique check is retained; repeated physical row(s) do not add to the eligible, accurate, or individual-unit totals. | H5: shelf_label_validation_source.xlsx | Validation Export!A12:O12; shelf_label_validation_source.xlsx | Validation Export!A13:O13
A6: QI-02 | B6: Incomplete inspection record | C6: V-026 (SL-5003) | D6: Elmhurst Merchants | Cycle 2 - Migration Check | E6: Missing Observed Price (USD); captured label wording is 'Matched'. | F6: Normalized Accuracy Status is Not Calculable; the source values remain visible in Clean Checks. | G6: Excluded from the eligible and accurate counts and from individual units used by the model. | H6: shelf_label_validation_source.xlsx | Validation Export!A30:O30
A7: QI-03 | B7: Captured label-price conflict | C7: V-013 (SL-2006) | D7: Brackenfield Market | Cycle 2 - Migration Check | E7: Captured label wording 'Matched' conflicts with Expected $2.19 and Observed $2.69. | F7: Captured wording is retained. The current rounded price comparison sets the normalized status to Inaccurate. | G7: Included once as an eligible inaccurate check. | H7: shelf_label_validation_source.xlsx | Validation Export!A17:O17
A8: QI-04 | B8: Currency representation artifact | C8: V-002 (SL-1002) | D8: Alder Quay Outlet | Cycle 1 - Field Baseline | E8: Stored observed value 4.290000000000001 differs from raw expected value 4.29, while both round to $4.29. | F8: Expected and observed prices are compared after rounding each to cents; status is Accurate. | G8: One eligible accurate check; no price error is created by the stored representation. | H8: shelf_label_validation_source.xlsx | Validation Export!A6:O6
A9: QI-05 | B9: Historical helper conflict | C9: V-004 (SL-1004) | D9: Alder Quay Outlet | Cycle 2 - Migration Check | E9: Pilot helper result is Inaccurate; direct current price comparison is Accurate. | F9: Pilot helper result is retained as a source field but excluded from accuracy, numerator, and denominator logic. | G9: Included once according to direct prices as an eligible accurate check. | H9: shelf_label_validation_source.xlsx | Validation Export!A8:O8
A10: QI-06 | B10: Mixed movement bases | C10: All primary inspection rows | D10: All entities and cycles | E10: Move Qty appears with Each, Pack, and Shipment bases; pack and shipment composition fields vary by SKU. | F10: Convert to individual units from Movement basis, Units / pack, and Packs / shipment before reporting unit totals. | G10: Packs and shipments are not counted as individual units. | H10: shelf_label_validation_source.xlsx | Validation Export!J5:N30; migration_quality_notes.docx | movement-quantity paragraph
A11: QI-07 | B11: Non-inspection operational table | C11: Transfer Queue rows | D11: Not applicable | E11: The lower table contains queue references, receiving sites, shipped quantities, docks, and scans rather than shelf observations or price fields. | F11: Transfer Queue is outside the validation-record population and is not copied to Clean Checks. | G11: No transfer row affects inspection counts, price comparisons, individual units, or entity results. | H11: shelf_label_validation_source.xlsx | Validation Export!A34:H40; migration_quality_notes.docx | movement-quantity paragraph
A12: QI-08 | B12: Zero eligible denominator | C12: See incomplete or excluded inspection row(s) | D12: Elmhurst Merchants | Cycle 2 - Migration Check | E12: No canonical record in this entity-cycle meets the model's eligibility conditions. | F12: Eligible count remains 0; accurate count, rate, units, change, and material-change result are shown as Unavailable or Not comparable. | G12: No measured accuracy percentage or improvement claim is presented for this entity-cycle. | H12: Clean Checks | entity-cycle eligibility fields; Quality Issues incomplete-record entry

Sheet Method
A1: Method
A2: Sourced facts, model choices, exclusions, and calculated findings are separated below.
A4: Topic | B4: Sourced Facts | C4: Model Choice / Calculation | D4: Where Visible
A5: Source files and scope | B5: Derived from shelf_label_validation_source.xlsx and migration_quality_notes.docx. The upper Validation Export table contains field inspection records; the lower Transfer Queue is a distribution table. | C5: Use only the upper table's rows with an Extract Row. Transfer Queue rows are outside the inspection population. | D5: Clean Checks; Quality Issues
A6: Inspection unit and duplicates | B6: The source can contain repeated physical records under one Inspection ref. The duplicate group is retained with each source row. | C6: Unit of analysis is one unique Inspection Reference within its entity, SKU, and validation cycle. The first physical occurrence is canonical; repeated occurrence(s) are Excluded and do not add to the denominator. | D6: Clean Checks: Duplicate Group, Summary Record?; Quality Issues
A7: Eligibility and incomplete rows | B7: Inspection ref, cycle, entity, SKU, expected and observed prices, movement quantity, movement basis, units per pack, and packs per shipment are source fields. | C7: Eligible checks are canonical rows with all listed fields present. A missing required field gives Not Calculable, not Accurate or Inaccurate, and is excluded from counts and unit totals. | D7: Clean Checks: Treatment Note, Status, Eligible Check?
A8: Normalized accuracy status | B8: Expected Price (USD), Observed Price (USD), and Captured Label Wording are preserved source facts. | C8: Vocabulary: Accurate = rounded prices agree; Inaccurate = rounded prices differ; Excluded = duplicate source record; Not Calculable = a required field is absent. Captured wording is never overwritten. | D8: Clean Checks: source price/label columns and Normalized Accuracy Status
A9: Currency precision | B9: Prices are stored and displayed as USD values in the source export. | C9: For the accuracy comparison only, calculate ROUND(Expected Price, 2) = ROUND(Observed Price, 2). A storage-level floating-point tail that rounds to the same cents is not a price error. | D9: Clean Checks formula; Quality Issues
A10: Historical helper field | B10: migration_quality_notes.docx states that Pilot helper result was carried from the early migration pilot and was not refreshed with every field visit. | C10: Retain the helper as a source field, but do not use it for normalized status, accurate counts, denominators, rates, unit totals, or changes. Current expected and observed prices control the calculation. | D10: Clean Checks; Quality Issues; Entity Summary
A11: Individual-unit conversion | B11: The memorandum defines Each as an individual unit, Pack by Units / pack, and Shipment by Packs / shipment and Units / pack. All three bases occur in the source. | C11: Individual units = Move Qty for Each; Move Qty x Units per Pack for Pack; Move Qty x Packs per Shipment x Units per Pack for Shipment. Only eligible rows contribute to units used by the model. | D11: Clean Checks: Converted Individual Units and Individual Units Used in Model; Entity Summary
A12: Rates and cycle comparison | B12: The two stored cycle labels are Cycle 1 - Field Baseline and Cycle 2 - Migration Check. | C12: Accuracy % = Accurate Checks / Eligible Checks. Change (pp) = (Cycle 2 Accuracy % - Cycle 1 Accuracy %) x 100. Overall values are calculated from all eligible unique checks, not an average of entity percentages. | D12: Entity Summary
A13: Zero eligible denominator | B13: Calculated from the source under the stated eligibility rule: Elmhurst Merchants / Cycle 2 - Migration Check. | C13: When eligible checks equal 0, the eligible count remains 0 but accurate checks, accuracy %, individual units, and change are Unavailable; Material Change is Not comparable. No measured zero or improvement is inferred. | D13: Entity Summary; Quality Issues
A14: Material-change field | B14: The supplied files provide no material-change threshold. | C14: A change is labelled Material when its absolute value is at least 20.0 percentage points; otherwise it is Not material. This is a reporting flag only and does not direct an operational response. | D14: Entity Summary: Material Change (20.0 pp rule)
A15: Facts, choices, and findings | B15: Source facts are carried in the source-detail columns and cited by sheet-row or memorandum passage. Quality conditions are traceable to those facts. | C15: This Method column records choices and calculation conventions. Entity Summary contains calculated findings. The workbook reports facts and quality findings only and does not prescribe an operational action. | D15: All sheets
