Workbook

Sheet Read Me
A1: Production cell engineering specification
A2: Current evidence package | controlled blank instrument for later commissioning | Lampwick Instruments
A4: PACKAGE STATUS | B4: CURRENT EVIDENCE PACKAGE / CONTROLLED BLANK INSTRUMENT | C4: SRC-06/CWR-01/p1
A5: Prepared for | B5: Brigid Macaulay | Latchford Engineering order gate review | C5: Internal package context
A6: Prepared by | B6: Meera Braithwaite | Industrial Engineer, Lampwick Instruments | C6: Internal package context
A7: Evidence date | B7: 03 November 2025 (week commencing 03 November 2025); supplier position frozen 31 October 2025 | C7: SRC-01/FAS-07/p1
A8: Downstream users | B8: Production, Quality, Controls and Commercial reviewers | C8: SRC-06/CWR-05/p2
A9: Purpose | B9: Present a traceable technical determination across Great Britain and the Republic of Ireland while preserving current source evidence and keeping commissioning and approval completion fields empty for later entry. | C9: SRC-01..06
A10: Evidence precedence | B10: Applicable jurisdictional or site constraints act as floors or ceilings and the stricter applicable bound governs each comparison. The frozen supplier snapshot controls supplier acceptance criteria but does not overwrite controlled drawing geometry or actual observations. The controlled drawing governs nominal dimensions, datums and tolerance envelopes. Time-study and controller-event records test capability; they do not redefine a limit. Raw peak records remain visible and participate in Peak stress. | C10: Engineering determination | SRC-01..05
A11: Missing status vocabulary | B11: NOT OBSERVED means the event or measurement was not captured. NOT APPLICABLE means the datum does not apply to that row or source. NOT SUPPLIED means the source should provide a datum but did not. Missing numeric cells remain empty; they are never zero, a dash or invented text. | C11: SRC-01/FAS-AC-02; SRC-04/CTRL-006; SRC-06/CWR-03
A12: Units and signs | B12: Dimensions, clearance and dimensional deviation are in millimetres (mm); index time is in seconds (s); peak duration is retained in milliseconds (ms). Asymmetric tolerance notation is nominal - minus tolerance / + plus tolerance. Dimensional deviation is signed measured minus nominal: positive is over nominal and negative is under nominal. A positive engineering margin is headroom, zero is exactly at the limit, and a negative margin is a shortfall. | C12: SRC-01/FAS-AC-05; SRC-03/DWG notes; SRC-05
A13: Scenario assumptions | B13: Acceptance basis uses the frozen supplier index criterion of 1.20 s. Observed sustained uses the greatest valid STEADY index time retained in current or later evidence. Peak stress uses the greatest valid INDEX PEAK index time with a positive recorded peak duration; it cannot become less conservative than the most adverse peak-aware event. Net available time is 270 minutes and target output is 12,000 units. Projected output converts minutes to seconds before dividing by cycle basis. Tolerance margin uses the allowed deviation less the greatest absolute valid dimensional deviation. | C13: SRC-01/FAS-AC-01; SRC-02; SRC-04; SRC-06/CWR-04/p2
A14: Peak treatment | B14: A favorable average must not conceal a short-duration indexing peak. Evidence Extract keeps every source record, phase, index time and peak duration at row grain; the Peak stress projection uses the adverse valid peak-aware record rather than a steady-state average. | C14: SRC-02/ITS-007,ITS-010; SRC-04/CTRL-004,CTRL-006
A15: Adding observations | B15: Enter the next reading in the first available pale-yellow row of Observation Log. Leave an unavailable numeric datum empty and choose only one controlled Missing Status value when applicable; Missing Status is row-level, so enter a partial reading on a separate row rather than mixing a status with numeric measurements. Do not type into calculated pass or helper columns. The Excel Table carries formulas, validation and conditional flags, and Scenario Check reads table-based dynamic columns, so no formula, rule or chart range needs to be extended manually. | C15: SRC-06/CWR-03; tblObservations
... A18: Workbook route | B18: Read Me -> Source Register -> Evidence Extract -> Limits -> Drawing Check -> Observation Log -> Scenario Check -> Approval | C18: SRC-06/CWR-01/p1

Sheet Source Register
A1: Source Register
A2: One complete provenance row per supplied reference file; source assertions remain visible even when a governing value is selected.
A5: Source File | B5: Revision or Snapshot Date | C5: Evidence Type | D5: Jurisdiction | E5: Governing Subject | F5: Precedence Role | G5: Conflict or Gap | H5: Traceability Key
A6: Latchford_frozen_acceptance_snapshot_2025-10-31.pdf | B6: FAS-07 | frozen 2025-10-31 | C6: Frozen supplier acceptance snapshot | D6: NOT APPLICABLE | E6: Index acceptance; supplier clearance assertion; dimensional tolerance | F6: Controls supplier acceptance criteria; does not overwrite geometry or observations | G6: Clearance claim is 9.00 mm but its datum is NOT SUPPLIED; differs from drawing envelope | H6: SRC-01 | FAS-AC-01..05 | p1
A7: Lampwick_internal_time_studies.xlsx | B7: Study cut 2025-10-29 | C7: Internal time study and dimensional observations | D7: NOT APPLICABLE | E7: Observed sustained and peak indexing; dimensional deviation | F7: Performance evidence at source-row grain; tests capability rather than limits | G7: Steady values are favorable while brief INDEX PEAK rows exceed the supplier criterion | H7: SRC-02 | ITS-001..010 | Time Studies rows 6:15
A8: cell_retrofit_clearance_drawing.pdf | B8: LCH-CELL-RETROFIT Rev C | 2025-10-28 | C8: Controlled multi-view clearance drawing | D8: NOT APPLICABLE | E8: Fixture envelope, datums, nominal dimensions and tolerances | F8: Governs controlled geometry and derived tolerance envelope | G8: Worst-case X envelope is 7.20 mm and conflicts with supplier clearance claim | H8: SRC-03 | DWG-101..206 | sheets 1:2
A9: controller_cycle_events.csv | B9: Controller export 2025-10-31 | C9: Timestamped controller event log | D9: NOT APPLICABLE | E9: Index events, peak duration and clearance observation status | F9: Performance evidence at event grain; preserves short excursions and gaps | G9: CTRL-006 is a 1.65 s / 80 ms peak; clearance is NOT OBSERVED | H9: SRC-04 | CTRL-001..008 | CSV rows 2:9
A10: GB_ROI_site_engineering_requirements.pdf | B10: Frozen profile set 2025-10-30 | C10: Jurisdictional site engineering requirements | D10: Great Britain; Republic of Ireland | E10: Index, fixture-clearance and dimensional-deviation limits | F10: Applicable site constraints; stricter applicable bound governs each comparison | G10: Republic of Ireland clearance minimum is 7.80 mm versus 7.20 mm drawing envelope | H10: SRC-05 | GB-01..03; ROI-01..03 | pp1:2
A11: controlled_workbook_requirements.docx | B11: CWR-2025-10-27 | Issue C | C11: Controlled workbook requirements | D11: NOT APPLICABLE | E11: Worksheet order, fields, codes, blank marking, assumptions and print use | F11: Controls package format and future-entry convention; does not decide precedence | G11: Format convention intentionally leaves reconciliation method to the engineering package | H11: SRC-06 | CWR-01..08 | pp1:2

Sheet Evidence Extract
A1: Evidence Extract
A2: Current source records retained one-for-one from internal time studies and controller events. Blank numeric cells are paired with controlled status text.
A3: Source-row grain: 10 internal time-study records + 8 controller events. Peak phases and durations are not summarized away.
A5: Evidence ID | B5: Source File | C5: Source Record | D5: Timestamp | E5: Phase | F5: Index Time (s) | G5: Peak Duration (ms) | H5: Measured Clearance (mm) | I5: Dimensional Deviation (mm) | J5: Missing Status | K5: Steady Candidate (s) | L5: Peak Candidate (s) | M5: Clearance Candidate (mm) | N5: Deviation Abs (mm)
A6: ITS-001 | B6: Lampwick_internal_time_studies.xlsx | C6: SRC-02 | ITS-001 | Time Studies row 6 | D6: 2025-10-29 08:14:02 | E6: STEADY | F6: 1.08 | H6: 7.35 | I6: 0.06 | K6: =IF(AND($E6="STEADY",ISNUMBER($F6),$F6>0),$F6,"") -> 1.08 | L6: =IF(AND($E6="INDEX PEAK",ISNUMBER($F6),$F6>0,ISNUMBER($G6),$G6>0),$F6,"") | M6: =IF(AND(ISNUMBER($H6),$J6=""),$H6,"") -> 7.35 | N6: =IF(AND(ISNUMBER($I6),$J6=""),ABS($I6),"") -> 0.06
A7: ITS-002 | B7: Lampwick_internal_time_studies.xlsx | C7: SRC-02 | ITS-002 | Time Studies row 7 | D7: 2025-10-29 08:14:12 | E7: STEADY | F7: 1.1 | H7: 7.3 | I7: -0.04 | K7: =IF(AND($E7="STEADY",ISNUMBER($F7),$F7>0),$F7,"") -> 1.1 | L7: =IF(AND($E7="INDEX PEAK",ISNUMBER($F7),$F7>0,ISNUMBER($G7),$G7>0),$F7,"") | M7: =IF(AND(ISNUMBER($H7),$J7=""),$H7,"") -> 7.3 | N7: =IF(AND(ISNUMBER($I7),$J7=""),ABS($I7),"") -> 0.04
A8: ITS-003 | B8: Lampwick_internal_time_studies.xlsx | C8: SRC-02 | ITS-003 | Time Studies row 8 | D8: 2025-10-29 08:14:22 | E8: STEADY | F8: 1.12 | H8: 7.25 | I8: 0.08 | K8: =IF(AND($E8="STEADY",ISNUMBER($F8),$F8>0),$F8,"") -> 1.12 | L8: =IF(AND($E8="INDEX PEAK",ISNUMBER($F8),$F8>0,ISNUMBER($G8),$G8>0),$F8,"") | M8: =IF(AND(ISNUMBER($H8),$J8=""),$H8,"") -> 7.25 | N8: =IF(AND(ISNUMBER($I8),$J8=""),ABS($I8),"") -> 0.08
A9: ITS-004 | B9: Lampwick_internal_time_studies.xlsx | C9: SRC-02 | ITS-004 | Time Studies row 9 | D9: 2025-10-29 08:14:32 | E9: STEADY | F9: 1.09 | H9: 7.28 | I9: -0.02 | K9: =IF(AND($E9="STEADY",ISNUMBER($F9),$F9>0),$F9,"") -> 1.09 | L9: =IF(AND($E9="INDEX PEAK",ISNUMBER($F9),$F9>0,ISNUMBER($G9),$G9>0),$F9,"") | M9: =IF(AND(ISNUMBER($H9),$J9=""),$H9,"") -> 7.28 | N9: =IF(AND(ISNUMBER($I9),$J9=""),ABS($I9),"") -> 0.02
A10: ITS-005 | B10: Lampwick_internal_time_studies.xlsx | C10: SRC-02 | ITS-005 | Time Studies row 10 | D10: 2025-10-29 08:14:42 | E10: STEADY | F10: 1.11 | H10: 7.22 | I10: 0.11 | K10: =IF(AND($E10="STEADY",ISNUMBER($F10),$F10>0),$F10,"") -> 1.11 | L10: =IF(AND($E10="INDEX PEAK",ISNUMBER($F10),$F10>0,ISNUMBER($G10),$G10>0),$F10,"") | M10: =IF(AND(ISNUMBER($H10),$J10=""),$H10,"") -> 7.22 | N10: =IF(AND(ISNUMBER($I10),$J10=""),ABS($I10),"") -> 0.11
A11: ITS-006 | B11: Lampwick_internal_time_studies.xlsx | C11: SRC-02 | ITS-006 | Time Studies row 11 | D11: 2025-10-29 08:14:52 | E11: SETUP | F11: 1.3 | H11: 7.2 | I11: 0.16 | K11: =IF(AND($E11="STEADY",ISNUMBER($F11),$F11>0),$F11,"") | L11: =IF(AND($E11="INDEX PEAK",ISNUMBER($F11),$F11>0,ISNUMBER($G11),$G11>0),$F11,"") | M11: =IF(AND(ISNUMBER($H11),$J11=""),$H11,"") -> 7.2 | N11: =IF(AND(ISNUMBER($I11),$J11=""),ABS($I11),"") -> 0.16
A12: ITS-007 | B12: Lampwick_internal_time_studies.xlsx | C12: SRC-02 | ITS-007 | Time Studies row 12 | D12: 2025-10-29 08:15:02 | E12: INDEX PEAK | F12: 1.38 | G12: 120 | H12: 7.18 | I12: 0.14 | K12: =IF(AND($E12="STEADY",ISNUMBER($F12),$F12>0),$F12,"") | L12: =IF(AND($E12="INDEX PEAK",ISNUMBER($F12),$F12>0,ISNUMBER($G12),$G12>0),$F12,"") -> 1.38 | M12: =IF(AND(ISNUMBER($H12),$J12=""),$H12,"") -> 7.18 | N12: =IF(AND(ISNUMBER($I12),$J12=""),ABS($I12),"") -> 0.14
A13: ITS-008 | B13: Lampwick_internal_time_studies.xlsx | C13: SRC-02 | ITS-008 | Time Studies row 13 | D13: 2025-10-29 08:15:12 | E13: STEADY | F13: 1.1 | J13: NOT OBSERVED | K13: =IF(AND($E13="STEADY",ISNUMBER($F13),$F13>0),$F13,"") -> 1.1 | L13: =IF(AND($E13="INDEX PEAK",ISNUMBER($F13),$F13>0,ISNUMBER($G13),$G13>0),$F13,"") | M13: =IF(AND(ISNUMBER($H13),$J13=""),$H13,"") | N13: =IF(AND(ISNUMBER($I13),$J13=""),ABS($I13),"")
A14: ITS-009 | B14: Lampwick_internal_time_studies.xlsx | C14: SRC-02 | ITS-009 | Time Studies row 14 | D14: 2025-10-29 08:15:22 | E14: STEADY | F14: 1.13 | H14: 7.24 | I14: 0.07 | K14: =IF(AND($E14="STEADY",ISNUMBER($F14),$F14>0),$F14,"") -> 1.13 | L14: =IF(AND($E14="INDEX PEAK",ISNUMBER($F14),$F14>0,ISNUMBER($G14),$G14>0),$F14,"") | M14: =IF(AND(ISNUMBER($H14),$J14=""),$H14,"") -> 7.24 | N14: =IF(AND(ISNUMBER($I14),$J14=""),ABS($I14),"") -> 0.07
A15: ITS-010 | B15: Lampwick_internal_time_studies.xlsx | C15: SRC-02 | ITS-010 | Time Studies row 15 | D15: 2025-10-29 08:15:32 | E15: INDEX PEAK | F15: 1.42 | G15: 90 | H15: 7.16 | I15: 0.15 | K15: =IF(AND($E15="STEADY",ISNUMBER($F15),$F15>0),$F15,"") | L15: =IF(AND($E15="INDEX PEAK",ISNUMBER($F15),$F15>0,ISNUMBER($G15),$G15>0),$F15,"") -> 1.42 | M15: =IF(AND(ISNUMBER($H15),$J15=""),$H15,"") -> 7.16 | N15: =IF(AND(ISNUMBER($I15),$J15=""),ABS($I15),"") -> 0.15
A16: CTRL-001 | B16: controller_cycle_events.csv | C16: SRC-04 | CTRL-001 | CSV row 2 | D16: 2025-10-31T10:02:01Z | E16: STEADY | F16: 1.11 | H16: 7.26 | I16: 0.05 | K16: =IF(AND($E16="STEADY",ISNUMBER($F16),$F16>0),$F16,"") -> 1.11 | L16: =IF(AND($E16="INDEX PEAK",ISNUMBER($F16),$F16>0,ISNUMBER($G16),$G16>0),$F16,"") | M16: =IF(AND(ISNUMBER($H16),$J16=""),$H16,"") -> 7.26 | N16: =IF(AND(ISNUMBER($I16),$J16=""),ABS($I16),"") -> 0.05
A17: CTRL-002 | B17: controller_cycle_events.csv | C17: SRC-04 | CTRL-002 | CSV row 3 | D17: 2025-10-31T10:02:06Z | E17: STEADY | F17: 1.12 | H17: 7.24 | I17: -0.06 | K17: =IF(AND($E17="STEADY",ISNUMBER($F17),$F17>0),$F17,"") -> 1.12 | L17: =IF(AND($E17="INDEX PEAK",ISNUMBER($F17),$F17>0,ISNUMBER($G17),$G17>0),$F17,"") | M17: =IF(AND(ISNUMBER($H17),$J17=""),$H17,"") -> 7.24 | N17: =IF(AND(ISNUMBER($I17),$J17=""),ABS($I17),"") -> 0.06
A18: CTRL-003 | B18: controller_cycle_events.csv | C18: SRC-04 | CTRL-003 | CSV row 4 | D18: 2025-10-31T10:02:11Z | E18: STEADY | F18: 1.1 | H18: 7.29 | I18: 0.03 | K18: =IF(AND($E18="STEADY",ISNUMBER($F18),$F18>0),$F18,"") -> 1.1 | L18: =IF(AND($E18="INDEX PEAK",ISNUMBER($F18),$F18>0,ISNUMBER($G18),$G18>0),$F18,"") | M18: =IF(AND(ISNUMBER($H18),$J18=""),$H18,"") -> 7.29 | N18: =IF(AND(ISNUMBER($I18),$J18=""),ABS($I18),"") -> 0.03
A19: CTRL-004 | B19: controller_cycle_events.csv | C19: SRC-04 | CTRL-004 | CSV row 5 | D19: 2025-10-31T10:02:16Z | E19: INDEX PEAK | F19: 1.48 | G19: 110 | H19: 7.19 | I19: 0.13 | K19: =IF(AND($E19="STEADY",ISNUMBER($F19),$F19>0),$F19,"") | L19: =IF(AND($E19="INDEX PEAK",ISNUMBER($F19),$F19>0,ISNUMBER($G19),$G19>0),$F19,"") -> 1.48 | M19: =IF(AND(ISNUMBER($H19),$J19=""),$H19,"") -> 7.19 | N19: =IF(AND(ISNUMBER($I19),$J19=""),ABS($I19),"") -> 0.13
A20: CTRL-005 | B20: controller_cycle_events.csv | C20: SRC-04 | CTRL-005 | CSV row 6 | D20: 2025-10-31T10:02:21Z | E20: STEADY | F20: 1.11 | H20: 7.21 | I20: 0.09 | K20: =IF(AND($E20="STEADY",ISNUMBER($F20),$F20>0),$F20,"") -> 1.11 | L20: =IF(AND($E20="INDEX PEAK",ISNUMBER($F20),$F20>0,ISNUMBER($G20),$G20>0),$F20,"") | M20: =IF(AND(ISNUMBER($H20),$J20=""),$H20,"") -> 7.21 | N20: =IF(AND(ISNUMBER($I20),$J20=""),ABS($I20),"") -> 0.09
A21: CTRL-006 | B21: controller_cycle_events.csv | C21: SRC-04 | CTRL-006 | CSV row 7 | D21: 2025-10-31T10:02:26Z | E21: INDEX PEAK | F21: 1.65 | G21: 80 | J21: NOT OBSERVED | K21: =IF(AND($E21="STEADY",ISNUMBER($F21),$F21>0),$F21,"") | L21: =IF(AND($E21="INDEX PEAK",ISNUMBER($F21),$F21>0,ISNUMBER($G21),$G21>0),$F21,"") -> 1.65 | M21: =IF(AND(ISNUMBER($H21),$J21=""),$H21,"") | N21: =IF(AND(ISNUMBER($I21),$J21=""),ABS($I21),"")
A22: CTRL-007 | B22: controller_cycle_events.csv | C22: SRC-04 | CTRL-007 | CSV row 8 | D22: 2025-10-31T10:02:31Z | E22: STEADY | F22: 1.09 | H22: 7.27 | I22: -0.02 | K22: =IF(AND($E22="STEADY",ISNUMBER($F22),$F22>0),$F22,"") -> 1.09 | L22: =IF(AND($E22="INDEX PEAK",ISNUMBER($F22),$F22>0,ISNUMBER($G22),$G22>0),$F22,"") | M22: =IF(AND(ISNUMBER($H22),$J22=""),$H22,"") -> 7.27 | N22: =IF(AND(ISNUMBER($I22),$J22=""),ABS($I22),"") -> 0.02
A23: CTRL-008 | B23: controller_cycle_events.csv | C23: SRC-04 | CTRL-008 | CSV row 9 | D23: 2025-10-31T10:02:36Z | E23: SETUP | F23: 1.24 | H23: 7.23 | I23: 0.12 | K23: =IF(AND($E23="STEADY",ISNUMBER($F23),$F23>0),$F23,"") | L23: =IF(AND($E23="INDEX PEAK",ISNUMBER($F23),$F23>0,ISNUMBER($G23),$G23>0),$F23,"") | M23: =IF(AND(ISNUMBER($H23),$J23=""),$H23,"") -> 7.23 | N23: =IF(AND(ISNUMBER($I23),$J23=""),ABS($I23),"") -> 0.12

Sheet Limits
A1: Limits
A2: Retained source assertions, jurisdiction-specific requirements and formula-selected governing bounds. No source assertion is overwritten.
A3: Comparison units are already aligned in the supplied sources: seconds for indexing and millimetres for clearance/deviation. No silent conversion is used.
A5: Requirement ID | B5: Metric | C5: Direction | D5: Unit | E5: Frozen Acceptance | F5: Controlled Drawing | G5: Great Britain | H5: Republic of Ireland | I5: Governing Limit | J5: Conflict State | K5: Source Reference | L5: Supplier Assertion | M5: Applicability / Missing Status | N5: Comparison Note
A6: IDX-01 | B6: Index time | C6: MAX | D6: s | E6: 1.2 | G6: 1.25 | H6: 1.25 | I6: =IF(COUNT(E6:H6)=0,"",IF(C6="MIN",MAX(IF(ISNUMBER(E6),E6,-1E+099),IF(ISNUMBER(F6),F6,-1E+099),IF(ISNUMBER(G6),G6,-1E+099),IF(ISNUMBER(H6),H6,-1E+099)),MIN(IF(ISNUMBER(E6),E6,1E+099),IF(ISNUMBER(F6),F6,1E+099),IF(ISNUMBER(G6),G6,1E+099),IF(ISNUMBER(H6),H6,1E+099)))) -> 1.2 | J6: =IF(M6="NOT SUPPLIED","INCOMPARABLE / CONFLICT",IF(COUNT(E6:H6)=0,"MISSING / INCOMPARABLE",IF(MAX(E6:H6)<>MIN(E6:H6),"CONFLICT","AGREEMENT"))) -> CONFLICT | K6: SRC-01/FAS-AC-01/p1; SRC-05/GB-01,ROI-01/p1-2 | M6: NOT APPLICABLE | N6: Lower upper bound governs
A7: CLR-01 | B7: Fixture clearance | C7: MIN | D7: mm | F7: ='Drawing Check'!$L$18 -> 7.2 | G7: 6 | H7: 7.8 | I7: =IF(COUNT(E7:H7)=0,"",IF(C7="MIN",MAX(IF(ISNUMBER(E7),E7,-1E+099),IF(ISNUMBER(F7),F7,-1E+099),IF(ISNUMBER(G7),G7,-1E+099),IF(ISNUMBER(H7),H7,-1E+099)),MIN(IF(ISNUMBER(E7),E7,1E+099),IF(ISNUMBER(F7),F7,1E+099),IF(ISNUMBER(G7),G7,1E+099),IF(ISNUMBER(H7),H7,1E+099)))) -> 7.8 | J7: =IF(M7="NOT SUPPLIED","INCOMPARABLE / CONFLICT",IF(COUNT(E7:H7)=0,"MISSING / INCOMPARABLE",IF(MAX(E7:H7)<>MIN(E7:H7),"CONFLICT","AGREEMENT"))) -> INCOMPARABLE / CONFLICT | K7: SRC-01/FAS-AC-02/p1; SRC-03/DWG-CLR-X/p1-2; SRC-05/GB-02,ROI-02/p1-2 | L7: >= 9.00 mm claimed; datum not supplied | M7: NOT SUPPLIED | N7: Greater lower bound governs; supplier claim is incomparable without datum
A8: TOL-01 | B8: Dimensional deviation (absolute) | C8: MAX | D8: mm | E8: 0.2 | F8: =MAX('Drawing Check'!$E$6:$F$17) -> 0.2 | G8: 0.3 | H8: 0.3 | I8: =IF(COUNT(E8:H8)=0,"",IF(C8="MIN",MAX(IF(ISNUMBER(E8),E8,-1E+099),IF(ISNUMBER(F8),F8,-1E+099),IF(ISNUMBER(G8),G8,-1E+099),IF(ISNUMBER(H8),H8,-1E+099)),MIN(IF(ISNUMBER(E8),E8,1E+099),IF(ISNUMBER(F8),F8,1E+099),IF(ISNUMBER(G8),G8,1E+099),IF(ISNUMBER(H8),H8,1E+099)))) -> 0.2 | J8: =IF(M8="NOT SUPPLIED","INCOMPARABLE / CONFLICT",IF(COUNT(E8:H8)=0,"MISSING / INCOMPARABLE",IF(MAX(E8:H8)<>MIN(E8:H8),"CONFLICT","AGREEMENT"))) -> CONFLICT | K8: SRC-01/FAS-AC-03,AC-04/p1; SRC-03/DWG-101..206/p1-2; SRC-05/GB-03,ROI-03/p1-2 | M8: NOT APPLICABLE | N8: Lower upper bound governs
A9: TOL-OPEN-X | B9: Fixture opening X tolerance (absolute) | C9: MAX | D9: mm | E9: 0.2 | F9: =MAX('Drawing Check'!$E$6:$F$6) -> 0.2 | I9: =IF(COUNT(E9:H9)=0,"",IF(C9="MIN",MAX(IF(ISNUMBER(E9),E9,-1E+099),IF(ISNUMBER(F9),F9,-1E+099),IF(ISNUMBER(G9),G9,-1E+099),IF(ISNUMBER(H9),H9,-1E+099)),MIN(IF(ISNUMBER(E9),E9,1E+099),IF(ISNUMBER(F9),F9,1E+099),IF(ISNUMBER(G9),G9,1E+099),IF(ISNUMBER(H9),H9,1E+099)))) -> 0.2 | J9: =IF(M9="NOT SUPPLIED","INCOMPARABLE / CONFLICT",IF(COUNT(E9:H9)=0,"MISSING / INCOMPARABLE",IF(MAX(E9:H9)<>MIN(E9:H9),"CONFLICT","AGREEMENT"))) -> AGREEMENT | K9: SRC-01/FAS-AC-03/p1; SRC-03/DWG-101/p1 | M9: NOT APPLICABLE | N9: Matched supplier and drawing callout; jurisdiction-specific deviation profile is not callout-specific
A10: TOL-INSERT-X | B10: Insert body X tolerance (absolute) | C10: MAX | D10: mm | E10: 0.1 | F10: =MAX('Drawing Check'!$E$7:$F$7) -> 0.1 | I10: =IF(COUNT(E10:H10)=0,"",IF(C10="MIN",MAX(IF(ISNUMBER(E10),E10,-1E+099),IF(ISNUMBER(F10),F10,-1E+099),IF(ISNUMBER(G10),G10,-1E+099),IF(ISNUMBER(H10),H10,-1E+099)),MIN(IF(ISNUMBER(E10),E10,1E+099),IF(ISNUMBER(F10),F10,1E+099),IF(ISNUMBER(G10),G10,1E+099),IF(ISNUMBER(H10),H10,1E+099)))) -> 0.1 | J10: =IF(M10="NOT SUPPLIED","INCOMPARABLE / CONFLICT",IF(COUNT(E10:H10)=0,"MISSING / INCOMPARABLE",IF(MAX(E10:H10)<>MIN(E10:H10),"CONFLICT","AGREEMENT"))) -> AGREEMENT | K10: SRC-01/FAS-AC-04/p1; SRC-03/DWG-102/p1 | M10: NOT APPLICABLE | N10: Matched supplier and drawing callout; jurisdiction-specific deviation profile is not callout-specific

Sheet Drawing Check
A1: Drawing Check
A2: Controlled multi-view geometry, formula-derived bounds, related-view agreement and jurisdiction-labelled clearance margins.
A3: All callouts are in mm. Lower = nominal - minus tolerance; upper = nominal + plus tolerance. The controlling envelope is the minimum derived available clearance.
A5: Dimension ID | B5: View | C5: Datum | D5: Nominal (mm) | E5: Minus Tolerance (mm) | F5: Plus Tolerance (mm) | G5: Lower Bound (mm) | H5: Upper Bound (mm) | I5: Related View | J5: Related Nominal (mm) | K5: View Agreement | L5: Available Envelope (mm) | M5: Required Clearance (mm) | N5: Clearance Margin (mm) | O5: Missing Status | P5: Source Reference | Q5: Source Assertion | R5: Jurisdiction | S5: Units
A6: D-101 | B6: PLAN | C6: A|B | D6: 52 | E6: 0.2 | F6: 0.2 | G6: =IF(OR(D6="",E6=""),"",D6-E6) -> 51.8 | H6: =IF(OR(D6="",F6=""),"",D6+F6) -> 52.2 | I6: D-201 | J6: =IFERROR(INDEX($D$6:$D$17,MATCH(I6,$A$6:$A$17,0)),"") -> 52 | K6: =IF(I6="","NOT APPLICABLE",IFERROR(IF(AND(C6=INDEX($C$6:$C$17,MATCH(I6,$A$6:$A$17,0)),S6=INDEX($S$6:$S$17,MATCH(I6,$A$6:$A$17,0)),D6=INDEX($D$6:$D$17,MATCH(I6,$A$6:$A$17,0)),E6=INDEX($E$6:$E$17,MATCH(I6,$A$6:$A$17,0)),F6=INDEX($F$6:$F$17,MATCH(I6,$A$6:$A$17,0))),"AGREE","DOES NOT AGREE"),"NOT FOUND")) -> AGREE | P6: SRC-03/DWG-101/p1 | Q6: Fixture opening X | R6: NOT APPLICABLE | S6: mm
A7: D-102 | B7: PLAN | C7: A|B | D7: 44.5 | E7: 0.1 | F7: 0.1 | G7: =IF(OR(D7="",E7=""),"",D7-E7) -> 44.4 | H7: =IF(OR(D7="",F7=""),"",D7+F7) -> 44.6 | I7: D-202 | J7: =IFERROR(INDEX($D$6:$D$17,MATCH(I7,$A$6:$A$17,0)),"") -> 44.5 | K7: =IF(I7="","NOT APPLICABLE",IFERROR(IF(AND(C7=INDEX($C$6:$C$17,MATCH(I7,$A$6:$A$17,0)),S7=INDEX($S$6:$S$17,MATCH(I7,$A$6:$A$17,0)),D7=INDEX($D$6:$D$17,MATCH(I7,$A$6:$A$17,0)),E7=INDEX($E$6:$E$17,MATCH(I7,$A$6:$A$17,0)),F7=INDEX($F$6:$F$17,MATCH(I7,$A$6:$A$17,0))),"AGREE","DOES NOT AGREE"),"NOT FOUND")) -> AGREE | P7: SRC-03/DWG-102/p1 | Q7: Insert body X | R7: NOT APPLICABLE | S7: mm
A8: D-103 | B8: PLAN | C8: A|C | D8: 30 | E8: 0.15 | F8: 0.15 | G8: =IF(OR(D8="",E8=""),"",D8-E8) -> 29.85 | H8: =IF(OR(D8="",F8=""),"",D8+F8) -> 30.15 | I8: D-203 | J8: =IFERROR(INDEX($D$6:$D$17,MATCH(I8,$A$6:$A$17,0)),"") -> 30 | K8: =IF(I8="","NOT APPLICABLE",IFERROR(IF(AND(C8=INDEX($C$6:$C$17,MATCH(I8,$A$6:$A$17,0)),S8=INDEX($S$6:$S$17,MATCH(I8,$A$6:$A$17,0)),D8=INDEX($D$6:$D$17,MATCH(I8,$A$6:$A$17,0)),E8=INDEX($E$6:$E$17,MATCH(I8,$A$6:$A$17,0)),F8=INDEX($F$6:$F$17,MATCH(I8,$A$6:$A$17,0))),"AGREE","DOES NOT AGREE"),"NOT FOUND")) -> AGREE | P8: SRC-03/DWG-103/p1 | Q8: Fixture opening Y | R8: NOT APPLICABLE | S8: mm
A9: D-104 | B9: PLAN | C9: A|C | D9: 22 | E9: 0.05 | F9: 0.05 | G9: =IF(OR(D9="",E9=""),"",D9-E9) -> 21.95 | H9: =IF(OR(D9="",F9=""),"",D9+F9) -> 22.05 | I9: D-204 | J9: =IFERROR(INDEX($D$6:$D$17,MATCH(I9,$A$6:$A$17,0)),"") -> 22 | K9: =IF(I9="","NOT APPLICABLE",IFERROR(IF(AND(C9=INDEX($C$6:$C$17,MATCH(I9,$A$6:$A$17,0)),S9=INDEX($S$6:$S$17,MATCH(I9,$A$6:$A$17,0)),D9=INDEX($D$6:$D$17,MATCH(I9,$A$6:$A$17,0)),E9=INDEX($E$6:$E$17,MATCH(I9,$A$6:$A$17,0)),F9=INDEX($F$6:$F$17,MATCH(I9,$A$6:$A$17,0))),"AGREE","DOES NOT AGREE"),"NOT FOUND")) -> AGREE | P9: SRC-03/DWG-104/p1 | Q9: Insert body Y | R9: NOT APPLICABLE | S9: mm
A10: D-105 | B10: SECTION B | C10: A|D | D10: 18 | E10: 0.1 | F10: 0.1 | G10: =IF(OR(D10="",E10=""),"",D10-E10) -> 17.9 | H10: =IF(OR(D10="",F10=""),"",D10+F10) -> 18.1 | I10: D-205 | J10: =IFERROR(INDEX($D$6:$D$17,MATCH(I10,$A$6:$A$17,0)),"") -> 18 | K10: =IF(I10="","NOT APPLICABLE",IFERROR(IF(AND(C10=INDEX($C$6:$C$17,MATCH(I10,$A$6:$A$17,0)),S10=INDEX($S$6:$S$17,MATCH(I10,$A$6:$A$17,0)),D10=INDEX($D$6:$D$17,MATCH(I10,$A$6:$A$17,0)),E10=INDEX($E$6:$E$17,MATCH(I10,$A$6:$A$17,0)),F10=INDEX($F$6:$F$17,MATCH(I10,$A$6:$A$17,0))),"AGREE","DOES NOT AGREE"),"NOT FOUND")) -> AGREE | P10: SRC-03/DWG-105/p2 | Q10: Fixture opening Z | R10: NOT APPLICABLE | S10: mm
A11: D-106 | B11: SECTION B | C11: A|D | D11: 10 | E11: 0.05 | F11: 0.05 | G11: =IF(OR(D11="",E11=""),"",D11-E11) -> 9.95 | H11: =IF(OR(D11="",F11=""),"",D11+F11) -> 10.05 | I11: D-206 | J11: =IFERROR(INDEX($D$6:$D$17,MATCH(I11,$A$6:$A$17,0)),"") -> 10 | K11: =IF(I11="","NOT APPLICABLE",IFERROR(IF(AND(C11=INDEX($C$6:$C$17,MATCH(I11,$A$6:$A$17,0)),S11=INDEX($S$6:$S$17,MATCH(I11,$A$6:$A$17,0)),D11=INDEX($D$6:$D$17,MATCH(I11,$A$6:$A$17,0)),E11=INDEX($E$6:$E$17,MATCH(I11,$A$6:$A$17,0)),F11=INDEX($F$6:$F$17,MATCH(I11,$A$6:$A$17,0))),"AGREE","DOES NOT AGREE"),"NOT FOUND")) -> AGREE | P11: SRC-03/DWG-106/p2 | Q11: Insert body Z | R11: NOT APPLICABLE | S11: mm
A12: D-201 | B12: SECTION B | C12: A|B | D12: 52 | E12: 0.2 | F12: 0.2 | G12: =IF(OR(D12="",E12=""),"",D12-E12) -> 51.8 | H12: =IF(OR(D12="",F12=""),"",D12+F12) -> 52.2 | I12: D-101 | J12: =IFERROR(INDEX($D$6:$D$17,MATCH(I12,$A$6:$A$17,0)),"") -> 52 | K12: =IF(I12="","NOT APPLICABLE",IFERROR(IF(AND(C12=INDEX($C$6:$C$17,MATCH(I12,$A$6:$A$17,0)),S12=INDEX($S$6:$S$17,MATCH(I12,$A$6:$A$17,0)),D12=INDEX($D$6:$D$17,MATCH(I12,$A$6:$A$17,0)),E12=INDEX($E$6:$E$17,MATCH(I12,$A$6:$A$17,0)),F12=INDEX($F$6:$F$17,MATCH(I12,$A$6:$A$17,0))),"AGREE","DOES NOT AGREE"),"NOT FOUND")) -> AGREE | P12: SRC-03/DWG-201/p2 | Q12: Fixture opening X repeat | R12: NOT APPLICABLE | S12: mm
A13: D-202 | B13: SECTION B | C13: A|B | D13: 44.5 | E13: 0.1 | F13: 0.1 | G13: =IF(OR(D13="",E13=""),"",D13-E13) -> 44.4 | H13: =IF(OR(D13="",F13=""),"",D13+F13) -> 44.6 | I13: D-102 | J13: =IFERROR(INDEX($D$6:$D$17,MATCH(I13,$A$6:$A$17,0)),"") -> 44.5 | K13: =IF(I13="","NOT APPLICABLE",IFERROR(IF(AND(C13=INDEX($C$6:$C$17,MATCH(I13,$A$6:$A$17,0)),S13=INDEX($S$6:$S$17,MATCH(I13,$A$6:$A$17,0)),D13=INDEX($D$6:$D$17,MATCH(I13,$A$6:$A$17,0)),E13=INDEX($E$6:$E$17,MATCH(I13,$A$6:$A$17,0)),F13=INDEX($F$6:$F$17,MATCH(I13,$A$6:$A$17,0))),"AGREE","DOES NOT AGREE"),"NOT FOUND")) -> AGREE | P13: SRC-03/DWG-202/p2 | Q13: Insert body X repeat | R13: NOT APPLICABLE | S13: mm
A14: D-203 | B14: END C | C14: A|C | D14: 30 | E14: 0.15 | F14: 0.15 | G14: =IF(OR(D14="",E14=""),"",D14-E14) -> 29.85 | H14: =IF(OR(D14="",F14=""),"",D14+F14) -> 30.15 | I14: D-103 | J14: =IFERROR(INDEX($D$6:$D$17,MATCH(I14,$A$6:$A$17,0)),"") -> 30 | K14: =IF(I14="","NOT APPLICABLE",IFERROR(IF(AND(C14=INDEX($C$6:$C$17,MATCH(I14,$A$6:$A$17,0)),S14=INDEX($S$6:$S$17,MATCH(I14,$A$6:$A$17,0)),D14=INDEX($D$6:$D$17,MATCH(I14,$A$6:$A$17,0)),E14=INDEX($E$6:$E$17,MATCH(I14,$A$6:$A$17,0)),F14=INDEX($F$6:$F$17,MATCH(I14,$A$6:$A$17,0))),"AGREE","DOES NOT AGREE"),"NOT FOUND")) -> AGREE | P14: SRC-03/DWG-203/p2 | Q14: Fixture opening Y repeat | R14: NOT APPLICABLE | S14: mm
A15: D-204 | B15: END C | C15: A|C | D15: 22 | E15: 0.05 | F15: 0.05 | G15: =IF(OR(D15="",E15=""),"",D15-E15) -> 21.95 | H15: =IF(OR(D15="",F15=""),"",D15+F15) -> 22.05 | I15: D-104 | J15: =IFERROR(INDEX($D$6:$D$17,MATCH(I15,$A$6:$A$17,0)),"") -> 22 | K15: =IF(I15="","NOT APPLICABLE",IFERROR(IF(AND(C15=INDEX($C$6:$C$17,MATCH(I15,$A$6:$A$17,0)),S15=INDEX($S$6:$S$17,MATCH(I15,$A$6:$A$17,0)),D15=INDEX($D$6:$D$17,MATCH(I15,$A$6:$A$17,0)),E15=INDEX($E$6:$E$17,MATCH(I15,$A$6:$A$17,0)),F15=INDEX($F$6:$F$17,MATCH(I15,$A$6:$A$17,0))),"AGREE","DOES NOT AGREE"),"NOT FOUND")) -> AGREE | P15: SRC-03/DWG-204/p2 | Q15: Insert body Y repeat | R15: NOT APPLICABLE | S15: mm
A16: D-205 | B16: END C | C16: A|D | D16: 18 | E16: 0.1 | F16: 0.1 | G16: =IF(OR(D16="",E16=""),"",D16-E16) -> 17.9 | H16: =IF(OR(D16="",F16=""),"",D16+F16) -> 18.1 | I16: D-105 | J16: =IFERROR(INDEX($D$6:$D$17,MATCH(I16,$A$6:$A$17,0)),"") -> 18 | K16: =IF(I16="","NOT APPLICABLE",IFERROR(IF(AND(C16=INDEX($C$6:$C$17,MATCH(I16,$A$6:$A$17,0)),S16=INDEX($S$6:$S$17,MATCH(I16,$A$6:$A$17,0)),D16=INDEX($D$6:$D$17,MATCH(I16,$A$6:$A$17,0)),E16=INDEX($E$6:$E$17,MATCH(I16,$A$6:$A$17,0)),F16=INDEX($F$6:$F$17,MATCH(I16,$A$6:$A$17,0))),"AGREE","DOES NOT AGREE"),"NOT FOUND")) -> AGREE | P16: SRC-03/DWG-205/p2 | Q16: Fixture opening Z repeat | R16: NOT APPLICABLE | S16: mm
A17: D-206 | B17: END C | C17: A|D | D17: 10 | E17: 0.05 | F17: 0.05 | G17: =IF(OR(D17="",E17=""),"",D17-E17) -> 9.95 | H17: =IF(OR(D17="",F17=""),"",D17+F17) -> 10.05 | I17: D-106 | J17: =IFERROR(INDEX($D$6:$D$17,MATCH(I17,$A$6:$A$17,0)),"") -> 10 | K17: =IF(I17="","NOT APPLICABLE",IFERROR(IF(AND(C17=INDEX($C$6:$C$17,MATCH(I17,$A$6:$A$17,0)),S17=INDEX($S$6:$S$17,MATCH(I17,$A$6:$A$17,0)),D17=INDEX($D$6:$D$17,MATCH(I17,$A$6:$A$17,0)),E17=INDEX($E$6:$E$17,MATCH(I17,$A$6:$A$17,0)),F17=INDEX($F$6:$F$17,MATCH(I17,$A$6:$A$17,0))),"AGREE","DOES NOT AGREE"),"NOT FOUND")) -> AGREE | P17: SRC-03/DWG-206/p2 | Q17: Insert body Z repeat | R17: NOT APPLICABLE | S17: mm
A18: CLR-ENV-X | B18: PLAN / SECTION B | C18: A|B | D18: X controlling envelope | I18: D-101 / D-102 | J18: =IFERROR(AVERAGE(INDEX($D$6:$D$17,MATCH(LEFT(I18,5),$A$6:$A$17,0)),INDEX($D$6:$D$17,MATCH(RIGHT(I18,5),$A$6:$A$17,0))),"") -> 48.25 | K18: DERIVED ENVELOPE | L18: =G6-H7 -> 7.2 | P18: SRC-03/DWG-CLR-X/p1-2 | Q18: D-101 lower bound less D-102 upper bound | R18: NOT APPLICABLE | S18: mm
A19: CLR-ENV-Y | B19: PLAN / END C | C19: A|C | D19: Y available envelope | I19: D-103 / D-104 | J19: =IFERROR(AVERAGE(INDEX($D$6:$D$17,MATCH(LEFT(I19,5),$A$6:$A$17,0)),INDEX($D$6:$D$17,MATCH(RIGHT(I19,5),$A$6:$A$17,0))),"") -> 26 | K19: DERIVED ENVELOPE | L19: =G8-H9 -> 7.8 | P19: SRC-03/DWG-CLR-Y/p1-2 | Q19: D-103 lower bound less D-104 upper bound | R19: NOT APPLICABLE | S19: mm
A20: CLR-ENV-Z | B20: SECTION B / END C | C20: A|D | D20: Z available envelope | I20: D-105 / D-106 | J20: =IFERROR(AVERAGE(INDEX($D$6:$D$17,MATCH(LEFT(I20,5),$A$6:$A$17,0)),INDEX($D$6:$D$17,MATCH(RIGHT(I20,5),$A$6:$A$17,0))),"") -> 14 | K20: DERIVED ENVELOPE | L20: =G10-H11 -> 7.85 | P20: SRC-03/DWG-CLR-Z/p2 | Q20: D-105 lower bound less D-106 upper bound | R20: NOT APPLICABLE | S20: mm
A21: SUP-CLR-CLAIM | B21: Supplier snapshot | K21: =IF(O21="NOT SUPPLIED","INDETERMINATE / DATUM NOT SUPPLIED","NOT APPLICABLE") -> INDETERMINATE / DATUM NOT SUPPLIED | O21: NOT SUPPLIED | P21: SRC-01/FAS-AC-02/p1 | Q21: >= 9.00 mm claim; datum reference not supplied | R21: NOT APPLICABLE | S21: mm
A22: CLR-GB | B22: Governing clearance | C22: A|B | D22: Great Britain | I22: CLR-ENV-X | K22: ASSESSED | L22: =L18 -> 7.2 | M22: =Limits!$G$7 -> 6 | N22: =L22-M22 -> 1.2 | P22: SRC-05/GB-02/p1 | Q22: Minimum controlling X envelope compared with jurisdictional lower bound | R22: Great Britain | S22: mm
A23: CLR-ROI | B23: Governing clearance | C23: A|B | D23: Republic of Ireland | I23: CLR-ENV-X | K23: ASSESSED | L23: =L18 -> 7.2 | M23: =Limits!$H$7 -> 7.8 | N23: =L23-M23 -> -0.6 | P23: SRC-05/ROI-02/p2 | Q23: Minimum controlling X envelope compared with jurisdictional lower bound | R23: Republic of Ireland | S23: mm

Sheet Observation Log
A1: Observation Log
A2: Controlled blank commissioning instrument. Pale yellow cells are future-entry fields; calculated flags and helper columns are formula-fed.
A3: Legend: pale yellow (FFF2CC) = Future field entry required. Leave unavailable numeric readings empty and use only the controlled Missing Status vocabulary.
A5: Observation ID | B5: Timestamp | C5: Phase | D5: Index Time (s) | E5: Peak Duration (ms) | F5: Fixture X (mm) | G5: Fixture Y (mm) | H5: Fixture Z (mm) | I5: Measured Clearance (mm) | J5: Dimensional Deviation (mm) | K5: Missing Status | L5: Source Note | M5: Index Pass | N5: Clearance Pass | O5: Tolerance Pass | P5: Steady Candidate (s) | Q5: Peak Candidate (s) | R5: Clearance Candidate (mm) | S5: Deviation Abs (mm)
M6: =IF(OR($D6="",$K6<>""),"",IF($D6<=Limits!$I$6,"PASS","FAIL")) | N6: =IF(OR($I6="",$K6<>""),"",IF($I6>=Limits!$I$7,"PASS","FAIL")) | O6: =IF(OR($J6="",$K6<>""),"",IF(ABS($J6)<=Limits!$I$8,"PASS","FAIL")) | P6: =IF(AND($C6="STEADY",ISNUMBER($D6),$D6>0),$D6,"") | Q6: =IF(AND($C6="INDEX PEAK",ISNUMBER($D6),$D6>0,ISNUMBER($E6),$E6>0),$D6,"") | R6: =IF(AND(ISNUMBER($I6),$K6=""),$I6,"") | S6: =IF(AND(ISNUMBER($J6),$K6=""),ABS($J6),"")
M7: =IF(OR($D7="",$K7<>""),"",IF($D7<=Limits!$I$6,"PASS","FAIL")) | N7: =IF(OR($I7="",$K7<>""),"",IF($I7>=Limits!$I$7,"PASS","FAIL")) | O7: =IF(OR($J7="",$K7<>""),"",IF(ABS($J7)<=Limits!$I$8,"PASS","FAIL")) | P7: =IF(AND($C7="STEADY",ISNUMBER($D7),$D7>0),$D7,"") | Q7: =IF(AND($C7="INDEX PEAK",ISNUMBER($D7),$D7>0,ISNUMBER($E7),$E7>0),$D7,"") | R7: =IF(AND(ISNUMBER($I7),$K7=""),$I7,"") | S7: =IF(AND(ISNUMBER($J7),$K7=""),ABS($J7),"")
M8: =IF(OR($D8="",$K8<>""),"",IF($D8<=Limits!$I$6,"PASS","FAIL")) | N8: =IF(OR($I8="",$K8<>""),"",IF($I8>=Limits!$I$7,"PASS","FAIL")) | O8: =IF(OR($J8="",$K8<>""),"",IF(ABS($J8)<=Limits!$I$8,"PASS","FAIL")) | P8: =IF(AND($C8="STEADY",ISNUMBER($D8),$D8>0),$D8,"") | Q8: =IF(AND($C8="INDEX PEAK",ISNUMBER($D8),$D8>0,ISNUMBER($E8),$E8>0),$D8,"") | R8: =IF(AND(ISNUMBER($I8),$K8=""),$I8,"") | S8: =IF(AND(ISNUMBER($J8),$K8=""),ABS($J8),"")
M9: =IF(OR($D9="",$K9<>""),"",IF($D9<=Limits!$I$6,"PASS","FAIL")) | N9: =IF(OR($I9="",$K9<>""),"",IF($I9>=Limits!$I$7,"PASS","FAIL")) | O9: =IF(OR($J9="",$K9<>""),"",IF(ABS($J9)<=Limits!$I$8,"PASS","FAIL")) | P9: =IF(AND($C9="STEADY",ISNUMBER($D9),$D9>0),$D9,"") | Q9: =IF(AND($C9="INDEX PEAK",ISNUMBER($D9),$D9>0,ISNUMBER($E9),$E9>0),$D9,"") | R9: =IF(AND(ISNUMBER($I9),$K9=""),$I9,"") | S9: =IF(AND(ISNUMBER($J9),$K9=""),ABS($J9),"")
M10: =IF(OR($D10="",$K10<>""),"",IF($D10<=Limits!$I$6,"PASS","FAIL")) | N10: =IF(OR($I10="",$K10<>""),"",IF($I10>=Limits!$I$7,"PASS","FAIL")) | O10: =IF(OR($J10="",$K10<>""),"",IF(ABS($J10)<=Limits!$I$8,"PASS","FAIL")) | P10: =IF(AND($C10="STEADY",ISNUMBER($D10),$D10>0),$D10,"") | Q10: =IF(AND($C10="INDEX PEAK",ISNUMBER($D10),$D10>0,ISNUMBER($E10),$E10>0),$D10,"") | R10: =IF(AND(ISNUMBER($I10),$K10=""),$I10,"") | S10: =IF(AND(ISNUMBER($J10),$K10=""),ABS($J10),"")
M11: =IF(OR($D11="",$K11<>""),"",IF($D11<=Limits!$I$6,"PASS","FAIL")) | N11: =IF(OR($I11="",$K11<>""),"",IF($I11>=Limits!$I$7,"PASS","FAIL")) | O11: =IF(OR($J11="",$K11<>""),"",IF(ABS($J11)<=Limits!$I$8,"PASS","FAIL")) | P11: =IF(AND($C11="STEADY",ISNUMBER($D11),$D11>0),$D11,"") | Q11: =IF(AND($C11="INDEX PEAK",ISNUMBER($D11),$D11>0,ISNUMBER($E11),$E11>0),$D11,"") | R11: =IF(AND(ISNUMBER($I11),$K11=""),$I11,"") | S11: =IF(AND(ISNUMBER($J11),$K11=""),ABS($J11),"")
M12: =IF(OR($D12="",$K12<>""),"",IF($D12<=Limits!$I$6,"PASS","FAIL")) | N12: =IF(OR($I12="",$K12<>""),"",IF($I12>=Limits!$I$7,"PASS","FAIL")) | O12: =IF(OR($J12="",$K12<>""),"",IF(ABS($J12)<=Limits!$I$8,"PASS","FAIL")) | P12: =IF(AND($C12="STEADY",ISNUMBER($D12),$D12>0),$D12,"") | Q12: =IF(AND($C12="INDEX PEAK",ISNUMBER($D12),$D12>0,ISNUMBER($E12),$E12>0),$D12,"") | R12: =IF(AND(ISNUMBER($I12),$K12=""),$I12,"") | S12: =IF(AND(ISNUMBER($J12),$K12=""),ABS($J12),"")
M13: =IF(OR($D13="",$K13<>""),"",IF($D13<=Limits!$I$6,"PASS","FAIL")) | N13: =IF(OR($I13="",$K13<>""),"",IF($I13>=Limits!$I$7,"PASS","FAIL")) | O13: =IF(OR($J13="",$K13<>""),"",IF(ABS($J13)<=Limits!$I$8,"PASS","FAIL")) | P13: =IF(AND($C13="STEADY",ISNUMBER($D13),$D13>0),$D13,"") | Q13: =IF(AND($C13="INDEX PEAK",ISNUMBER($D13),$D13>0,ISNUMBER($E13),$E13>0),$D13,"") | R13: =IF(AND(ISNUMBER($I13),$K13=""),$I13,"") | S13: =IF(AND(ISNUMBER($J13),$K13=""),ABS($J13),"")
M14: =IF(OR($D14="",$K14<>""),"",IF($D14<=Limits!$I$6,"PASS","FAIL")) | N14: =IF(OR($I14="",$K14<>""),"",IF($I14>=Limits!$I$7,"PASS","FAIL")) | O14: =IF(OR($J14="",$K14<>""),"",IF(ABS($J14)<=Limits!$I$8,"PASS","FAIL")) | P14: =IF(AND($C14="STEADY",ISNUMBER($D14),$D14>0),$D14,"") | Q14: =IF(AND($C14="INDEX PEAK",ISNUMBER($D14),$D14>0,ISNUMBER($E14),$E14>0),$D14,"") | R14: =IF(AND(ISNUMBER($I14),$K14=""),$I14,"") | S14: =IF(AND(ISNUMBER($J14),$K14=""),ABS($J14),"")
M15: =IF(OR($D15="",$K15<>""),"",IF($D15<=Limits!$I$6,"PASS","FAIL")) | N15: =IF(OR($I15="",$K15<>""),"",IF($I15>=Limits!$I$7,"PASS","FAIL")) | O15: =IF(OR($J15="",$K15<>""),"",IF(ABS($J15)<=Limits!$I$8,"PASS","FAIL")) | P15: =IF(AND($C15="STEADY",ISNUMBER($D15),$D15>0),$D15,"") | Q15: =IF(AND($C15="INDEX PEAK",ISNUMBER($D15),$D15>0,ISNUMBER($E15),$E15>0),$D15,"") | R15: =IF(AND(ISNUMBER($I15),$K15=""),$I15,"") | S15: =IF(AND(ISNUMBER($J15),$K15=""),ABS($J15),"")
M16: =IF(OR($D16="",$K16<>""),"",IF($D16<=Limits!$I$6,"PASS","FAIL")) | N16: =IF(OR($I16="",$K16<>""),"",IF($I16>=Limits!$I$7,"PASS","FAIL")) | O16: =IF(OR($J16="",$K16<>""),"",IF(ABS($J16)<=Limits!$I$8,"PASS","FAIL")) | P16: =IF(AND($C16="STEADY",ISNUMBER($D16),$D16>0),$D16,"") | Q16: =IF(AND($C16="INDEX PEAK",ISNUMBER($D16),$D16>0,ISNUMBER($E16),$E16>0),$D16,"") | R16: =IF(AND(ISNUMBER($I16),$K16=""),$I16,"") | S16: =IF(AND(ISNUMBER($J16),$K16=""),ABS($J16),"")
M17: =IF(OR($D17="",$K17<>""),"",IF($D17<=Limits!$I$6,"PASS","FAIL")) | N17: =IF(OR($I17="",$K17<>""),"",IF($I17>=Limits!$I$7,"PASS","FAIL")) | O17: =IF(OR($J17="",$K17<>""),"",IF(ABS($J17)<=Limits!$I$8,"PASS","FAIL")) | P17: =IF(AND($C17="STEADY",ISNUMBER($D17),$D17>0),$D17,"") | Q17: =IF(AND($C17="INDEX PEAK",ISNUMBER($D17),$D17>0,ISNUMBER($E17),$E17>0),$D17,"") | R17: =IF(AND(ISNUMBER($I17),$K17=""),$I17,"") | S17: =IF(AND(ISNUMBER($J17),$K17=""),ABS($J17),"")
... M30: =IF(OR($D30="",$K30<>""),"",IF($D30<=Limits!$I$6,"PASS","FAIL")) | N30: =IF(OR($I30="",$K30<>""),"",IF($I30>=Limits!$I$7,"PASS","FAIL")) | O30: =IF(OR($J30="",$K30<>""),"",IF(ABS($J30)<=Limits!$I$8,"PASS","FAIL")) | P30: =IF(AND($C30="STEADY",ISNUMBER($D30),$D30>0),$D30,"") | Q30: =IF(AND($C30="INDEX PEAK",ISNUMBER($D30),$D30>0,ISNUMBER($E30),$E30>0),$D30,"") | R30: =IF(AND(ISNUMBER($I30),$K30=""),$I30,"") | S30: =IF(AND(ISNUMBER($J30),$K30=""),ABS($J30),"")

Sheet Scenario Check
A1: Scenario Check
A2: Gate-review view | current technical determinations by scenario and jurisdiction | all outputs are formula-fed
A3: A positive margin is headroom; a negative margin is a shortfall. Outcomes are technical determinations only and do not authorize release or prescribe an action.
A5: Scenario assumptions | M5: Scenario | N5: Projected output | O5: Peak stress projected | P5: Target
A6: Net available time (min) | B6: 270 | D6: SRC-06/CWR-04/p2 | M6: Acceptance basis | N6: =IF($A$16="Peak stress","",$F$16) -> 13500 | O6: =IF($A$16="Peak stress",$F$16,"") | P6: =$E$16 -> 12000
A7: Target units | B7: 12000 | D7: SRC-06/CWR-04/p2 | M7: Observed sustained | N7: =IF($A$18="Peak stress","",$F$18) -> 14336.283 | O7: =IF($A$18="Peak stress",$F$18,"") | P7: =$E$18 -> 12000
A8: Frozen acceptance cycle (s) | B8: =Limits!$E$6 -> 1.2 | D8: SRC-01/FAS-AC-01/p1 | M8: Peak stress | N8: =IF($A$20="Peak stress","",$F$20) | O8: =IF($A$20="Peak stress",$F$20,"") -> 9818.1818 | P8: =$E$20 -> 12000
A9: Observed sustained cycle (s) | B9: =IF(COUNT(tblEvidence[Steady Candidate (s)])+COUNT(tblObservations[Steady Candidate (s)])=0,"",MAX(tblEvidence[Steady Candidate (s)],tblObservations[Steady Candidate (s)])) -> 1.13 | D9: SRC-02; SRC-04; tblEvidence + tblObservations
A10: Peak stress cycle (s) | B10: =IF(COUNT(tblEvidence[Peak Candidate (s)])+COUNT(tblObservations[Peak Candidate (s)])=0,"",MAX(tblEvidence[Peak Candidate (s)],tblObservations[Peak Candidate (s)])) -> 1.65 | D10: SRC-02; SRC-04; duration-aware peak candidates
A11: Tolerance limit (mm) | B11: =Limits!$I$8 -> 0.2 | D11: SRC-01; SRC-03; SRC-05
A12: Controlling envelope (mm) | B12: ='Drawing Check'!$L$18 -> 7.2 | D12: SRC-03/DWG-CLR-X/p1-2
A13: Longest retained peak duration (ms) | B13: =IF(COUNT(tblEvidence[Peak Duration (ms)])+COUNT(tblObservations[Peak Duration (ms)])=0,"",MAX(tblEvidence[Peak Duration (ms)],tblObservations[Peak Duration (ms)])) -> 120 | D13: SRC-02; SRC-04
A15: Scenario | B15: Jurisdiction | C15: Cycle Basis (s) | D15: Net Available Time | E15: Target Units | F15: Projected Units | G15: Throughput Margin | H15: Clearance Margin | I15: Tolerance Margin | J15: Technical Outcome | K15: Assumption Source
A16: Acceptance basis | B16: Great Britain | C16: =$B$8 -> 1.2 | D16: =$B$6 -> 270 | E16: =$B$7 -> 12000 | F16: =IF(OR(C16="",D16="",C16<=0),"",D16*60/C16) -> 13500 | G16: =IF(F16="","",F16-E16) -> 1500 | H16: ='Drawing Check'!$N$22 -> 1.2 | I16: =IF(COUNT(tblEvidence[Deviation Abs (mm)])+COUNT(tblObservations[Deviation Abs (mm)])=0,"",$B$11-MAX(tblEvidence[Deviation Abs (mm)],tblObservations[Deviation Abs (mm)])) -> 0.04 | J16: =IF(OR(F16="",H16="",I16=""),"INDETERMINATE",IF(OR(G16<0,H16<0,I16<0),"DOES NOT MEET","MEETS")) -> MEETS | K16: ="SRC-01; SRC-02; SRC-03; SRC-05/GB-02; SRC-06" -> SRC-01; SRC-02; SRC-03; SRC-05/GB-02; SRC-06
A17: Acceptance basis | B17: Republic of Ireland | C17: =$B$8 -> 1.2 | D17: =$B$6 -> 270 | E17: =$B$7 -> 12000 | F17: =IF(OR(C17="",D17="",C17<=0),"",D17*60/C17) -> 13500 | G17: =IF(F17="","",F17-E17) -> 1500 | H17: ='Drawing Check'!$N$23 -> -0.6 | I17: =IF(COUNT(tblEvidence[Deviation Abs (mm)])+COUNT(tblObservations[Deviation Abs (mm)])=0,"",$B$11-MAX(tblEvidence[Deviation Abs (mm)],tblObservations[Deviation Abs (mm)])) -> 0.04 | J17: =IF(OR(F17="",H17="",I17=""),"INDETERMINATE",IF(OR(G17<0,H17<0,I17<0),"DOES NOT MEET","MEETS")) -> DOES NOT MEET | K17: ="SRC-01; SRC-02; SRC-03; SRC-05/ROI-02; SRC-06" -> SRC-01; SRC-02; SRC-03; SRC-05/ROI-02; SRC-06
A18: Observed sustained | B18: Great Britain | C18: =$B$9 -> 1.13 | D18: =$B$6 -> 270 | E18: =$B$7 -> 12000 | F18: =IF(OR(C18="",D18="",C18<=0),"",D18*60/C18) -> 14336.283 | G18: =IF(F18="","",F18-E18) -> 2336.2832 | H18: ='Drawing Check'!$N$22 -> 1.2 | I18: =IF(COUNT(tblEvidence[Deviation Abs (mm)])+COUNT(tblObservations[Deviation Abs (mm)])=0,"",$B$11-MAX(tblEvidence[Deviation Abs (mm)],tblObservations[Deviation Abs (mm)])) -> 0.04 | J18: =IF(OR(F18="",H18="",I18=""),"INDETERMINATE",IF(OR(G18<0,H18<0,I18<0),"DOES NOT MEET","MEETS")) -> MEETS | K18: ="SRC-01; SRC-02; SRC-03; SRC-05/GB-02; SRC-06" -> SRC-01; SRC-02; SRC-03; SRC-05/GB-02; SRC-06
A19: Observed sustained | B19: Republic of Ireland | C19: =$B$9 -> 1.13 | D19: =$B$6 -> 270 | E19: =$B$7 -> 12000 | F19: =IF(OR(C19="",D19="",C19<=0),"",D19*60/C19) -> 14336.283 | G19: =IF(F19="","",F19-E19) -> 2336.2832 | H19: ='Drawing Check'!$N$23 -> -0.6 | I19: =IF(COUNT(tblEvidence[Deviation Abs (mm)])+COUNT(tblObservations[Deviation Abs (mm)])=0,"",$B$11-MAX(tblEvidence[Deviation Abs (mm)],tblObservations[Deviation Abs (mm)])) -> 0.04 | J19: =IF(OR(F19="",H19="",I19=""),"INDETERMINATE",IF(OR(G19<0,H19<0,I19<0),"DOES NOT MEET","MEETS")) -> DOES NOT MEET | K19: ="SRC-01; SRC-02; SRC-03; SRC-05/ROI-02; SRC-06" -> SRC-01; SRC-02; SRC-03; SRC-05/ROI-02; SRC-06
A20: Peak stress | B20: Great Britain | C20: =$B$10 -> 1.65 | D20: =$B$6 -> 270 | E20: =$B$7 -> 12000 | F20: =IF(OR(C20="",D20="",C20<=0),"",D20*60/C20) -> 9818.1818 | G20: =IF(F20="","",F20-E20) -> -2181.8182 | H20: ='Drawing Check'!$N$22 -> 1.2 | I20: =IF(COUNT(tblEvidence[Deviation Abs (mm)])+COUNT(tblObservations[Deviation Abs (mm)])=0,"",$B$11-MAX(tblEvidence[Deviation Abs (mm)],tblObservations[Deviation Abs (mm)])) -> 0.04 | J20: =IF(OR(F20="",H20="",I20=""),"INDETERMINATE",IF(OR(G20<0,H20<0,I20<0),"DOES NOT MEET","MEETS")) -> DOES NOT MEET | K20: ="SRC-01; SRC-02; SRC-03; SRC-05/GB-02; SRC-06" -> SRC-01; SRC-02; SRC-03; SRC-05/GB-02; SRC-06
A21: Peak stress | B21: Republic of Ireland | C21: =$B$10 -> 1.65 | D21: =$B$6 -> 270 | E21: =$B$7 -> 12000 | F21: =IF(OR(C21="",D21="",C21<=0),"",D21*60/C21) -> 9818.1818 | G21: =IF(F21="","",F21-E21) -> -2181.8182 | H21: ='Drawing Check'!$N$23 -> -0.6 | I21: =IF(COUNT(tblEvidence[Deviation Abs (mm)])+COUNT(tblObservations[Deviation Abs (mm)])=0,"",$B$11-MAX(tblEvidence[Deviation Abs (mm)],tblObservations[Deviation Abs (mm)])) -> 0.04 | J21: =IF(OR(F21="",H21="",I21=""),"INDETERMINATE",IF(OR(G21<0,H21<0,I21<0),"DOES NOT MEET","MEETS")) -> DOES NOT MEET | K21: ="SRC-01; SRC-02; SRC-03; SRC-05/ROI-02; SRC-06" -> SRC-01; SRC-02; SRC-03; SRC-05/ROI-02; SRC-06
A22: Peak duration remains visible in Evidence Extract; the event record, not a favourable average, is the decision datum for Peak stress.

Sheet Approval
A1: Approval
A2: Gate-review handout page 2 of 2 | technical facts and traceability are current; completion fields remain blank.
A3: PENDING COMMISSIONING / APPROVAL
A5: Technical determination from current evidence
A7: Scenario | B7: Great Britain | C7: Republic of Ireland | D7: Displayed margins and governing constraint | E7: Traceability
A8: Acceptance basis | B8: ='Scenario Check'!$J$16 -> MEETS | C8: ='Scenario Check'!$J$17 -> DOES NOT MEET | D8: ="Throughput "&TEXT('Scenario Check'!$G$16,"+0.0;-0.0;0.0")&" units; clearance GB "&TEXT('Scenario Check'!$H$16,"+0.00;-0.00;0.00")&" mm, ROI "&TEXT('Scenario Check'!$H$17,"+0.00;-0.00;0.00")&" mm; tolerance "&TEXT('Scenario Check'!$I$16,"+0.00;-0.00;0.00")&" mm" -> Throughput +1500.0 units; clearance GB +1.20 mm, ROI -0.60 mm; tolerance +0.04 mm | E8: SRC-01; SRC-02; SRC-03; SRC-04; SRC-05; SRC-06
A9: Observed sustained | B9: ='Scenario Check'!$J$18 -> MEETS | C9: ='Scenario Check'!$J$19 -> DOES NOT MEET | D9: ="Throughput "&TEXT('Scenario Check'!$G$18,"+0.0;-0.0;0.0")&" units; clearance GB "&TEXT('Scenario Check'!$H$18,"+0.00;-0.00;0.00")&" mm, ROI "&TEXT('Scenario Check'!$H$19,"+0.00;-0.00;0.00")&" mm; tolerance "&TEXT('Scenario Check'!$I$18,"+0.00;-0.00;0.00")&" mm" -> Throughput +2336.3 units; clearance GB +1.20 mm, ROI -0.60 mm; tolerance +0.04 mm | E9: SRC-01; SRC-02; SRC-03; SRC-04; SRC-05; SRC-06
A10: Peak stress | B10: ='Scenario Check'!$J$20 -> DOES NOT MEET | C10: ='Scenario Check'!$J$21 -> DOES NOT MEET | D10: ="Throughput "&TEXT('Scenario Check'!$G$20,"+0.0;-0.0;0.0")&" units; clearance GB "&TEXT('Scenario Check'!$H$20,"+0.00;-0.00;0.00")&" mm, ROI "&TEXT('Scenario Check'!$H$21,"+0.00;-0.00;0.00")&" mm; tolerance "&TEXT('Scenario Check'!$I$20,"+0.00;-0.00;0.00")&" mm" -> Throughput -2181.8 units; clearance GB +1.20 mm, ROI -0.60 mm; tolerance +0.04 mm | E10: SRC-01; SRC-02; SRC-03; SRC-04; SRC-05; SRC-06
A12: Cross-jurisdiction technical conclusion
A13: =IF(COUNTIF(B8:C10,"DOES NOT MEET")>0,"DOES NOT MEET",IF(COUNTIF(B8:C10,"INDETERMINATE")>0,"INDETERMINATE","MEETS")) -> DOES NOT MEET | C13: Current evidence supports a factual DOES NOT MEET conclusion across the named jurisdictions; this is not an approval or an action recommendation.
A15: Governing index | B15: 1.20 s maximum from the frozen supplier criterion; retained GB and ROI profiles are 1.25 s maximum. | E15: SRC-01/AC-01; SRC-05/GB-01,ROI-01
A16: Drawing clearance | B16: Controlled drawing derives 7.20 mm minimum X envelope from D-101 lower and D-102 upper bounds; the 9.00 mm supplier claim has no supplied datum. | E16: SRC-01/AC-02; SRC-03/CLR-X
A17: Jurisdictional clearance | B17: Great Britain minimum 6.00 mm; Republic of Ireland minimum 7.80 mm. Both assertions remain visible in Limits and Drawing Check. | E17: SRC-05/GB-02,ROI-02
A18: Peak evidence | B18: CTRL-006 retains 1.65 s index time and 80 ms peak duration; it is not replaced by a favourable steady average. | E18: SRC-04/CTRL-006
A20: Completion fields - leave blank until commissioning / approval
A21: Commissioning disposition
A22: Reviewer name | D22: Reviewer initials or signature
A23: Review date
A24: Approval conditions or comments
A27: Pale yellow RGB FFF2CC = to be completed during commissioning or approval. The technical determination remains separate from these blank fields.
