Workbook

Sheet Read Me
A1: Annual Verification Visit Planner | Quarryfield Supply
A3: Purpose | B3: Blank operational workbook for the frontline service coordinator preparing Alderwick Collective annual verification visits before September purchase-order release.
A4: How to use | B4: 1. Complete the yellow Setup cells, including a deliberate travel interpretation choice. 2. Enter one date, start time, technician, standard, and sequence for each laboratory. 3. Read the calculated checks and correct any FAIL or NOT READY condition.
A5: Blank instrument | B5: This workbook ships with no proposed dates, times, technician assignments, standard assignments, or selected travel mode. It reports facts and does not recommend dates, rearrange visits, or take action on exceptions.
A7: Cell key | B7: Yellow = coordinator entry (unlocked). Blue/gray = supplied fact or calculated result (locked).
A8: Status legend | B8: PASS = requirement satisfied. FAIL = requirement not satisfied. NOT READY = a required input is missing; it is not a pass.
A9: Travel modes | B9: Route-chain: depot-to-first-site, then immediately preceding same-date sequence. Conservative depot: depot-to-site treatment for every visit. Choose one in Setup; blank remains NOT READY.
A10: Source provenance | B10: Access and Travel Reference sheets reproduce alderwick_2027_service_inputs.xlsx, source sheets Access and Travel.

Sheet Setup
A1: Setup | Enter yellow cells before scheduling
A3: Setup field | B3: Value | C3: Units / allowed values | D3: Status
A4: Planning year | C4: four-digit year | D4: NOT READY
A5: Travel interpretation | C5: Route-chain or Conservative depot | D5: NOT READY
A6: Workday start | C6: time | D6: NOT READY
A7: Workday end | C7: time | D7: NOT READY
A8: Certified technician | C8: Morgan Lee | D8: NOT READY
A10: Entry order | B10: Complete all five setup values, then fill Visit Plan entry columns. Calculated cells are protected.

Sheet Visit Plan
A1: Visit Plan | 19 contracted laboratories
A2: Scheduled visits | B2: =COUNTIF(E5:E23,">0") | C2: of 19 contracted
A4: Site ID | B4: Site Name | C4: Visit Duration (min) | D4: Required Standard | E4: Visit Date | F4: Start Time | G4: Finish Time | H4: Technician | I4: Assigned Standard | J4: Visit Sequence | K4: Access Check | L4: Technician Check | M4: Standard Check | N4: Travel Check | O4: Workday Check | P4: Overall Result
A5: ALD-01 | B5: Northgate Prep | C5: 45 | D5: Standard A | G5: =IF(F5="","",F5+C5/1440) | K5: =IF(OR(E5="",F5="",G5=""),"NOT READY",IF(AND(COUNTIFS('Access Reference'!$A:$A,A5,'Access Reference'!$B:$B,TEXT(E5,"dddd"),'Access Reference'!$C:$C,"<="&F5,'Access Reference'!$D:$D,">="&G5)>0,COUNTIFS('Access Reference'!$A:$A,A5,'Access Reference'!$B:$B,TEXT(E5,"dddd"),'Access Reference'!$E:$E,"<"&G5,'Access Reference'!$F:$F,">"&F5)=0),"PASS","FAIL")) | L5: =IF(OR(E5="",F5="",H5=""),"NOT READY",IF(COUNTIFS(E$5:E$23,E5,H$5:H$23,H5,F$5:F$23,"<"&G5,G$5:G$23,">"&F5)>1,"FAIL","PASS")) | M5: =IF(OR(I5="",D5=""),"NOT READY",IF(I5<>D5,"FAIL",IF(COUNTIFS(E$5:E$23,E5,I$5:I$23,I5)>1,"FAIL","PASS"))) | N5: =IF(OR(E5="",F5="",G5="",J5="",Setup!$B$5=""),"NOT READY",IF(Setup!$B$5="Conservative depot",IF(F5>=Setup!$B$6+SUMIFS('Travel Reference'!$C:$C,'Travel Reference'!$A:$A,"DEPOT",'Travel Reference'!$B:$B,A5)/1440,"PASS","FAIL"),IF(Setup!$B$5="Route-chain",IF(J5=1,IF(F5>=Setup!$B$6+SUMIFS('Travel Reference'!$C:$C,'Travel Reference'!$A:$A,"DEPOT",'Travel Reference'!$B:$B,A5)/1440,"PASS","FAIL"),IF(F5>=INDEX($G$5:$G$23,MATCH(1,INDEX(($E$5:$E$23=E5)*($J$5:$J$23=J5-1),0),0))+SUMIFS('Travel Reference'!$C:$C,'Travel Reference'!$A:$A,INDEX($A$5:$A$23,MATCH(1,INDEX(($E$5:$E$23=E5)*($J$5:$J$23=J5-1),0),0)),'Travel Reference'!$B:$B,A5)/1440,"PASS","FAIL")),"NOT READY"))) | O5: =IF(OR(E5="",F5="",G5="",Setup!$B$6="",Setup!$B$7="",N5="NOT READY"),"NOT READY",IF(AND(F5>=Setup!$B$6,G5<=Setup!$B$7),"PASS","FAIL")) | P5: =IF(COUNTBLANK(E5:F5)>0,"NOT READY",IF(COUNTIF(K5:O5,"FAIL")>0,"FAIL",IF(COUNTIF(K5:O5,"NOT READY")>0,"NOT READY","PASS")))
A6: ALD-02 | B6: Riverside Technical | C6: 60 | D6: Standard B | G6: =IF(F6="","",F6+C6/1440) | K6: =IF(OR(E6="",F6="",G6=""),"NOT READY",IF(AND(COUNTIFS('Access Reference'!$A:$A,A6,'Access Reference'!$B:$B,TEXT(E6,"dddd"),'Access Reference'!$C:$C,"<="&F6,'Access Reference'!$D:$D,">="&G6)>0,COUNTIFS('Access Reference'!$A:$A,A6,'Access Reference'!$B:$B,TEXT(E6,"dddd"),'Access Reference'!$E:$E,"<"&G6,'Access Reference'!$F:$F,">"&F6)=0),"PASS","FAIL")) | L6: =IF(OR(E6="",F6="",H6=""),"NOT READY",IF(COUNTIFS(E$5:E$23,E6,H$5:H$23,H6,F$5:F$23,"<"&G6,G$5:G$23,">"&F6)>1,"FAIL","PASS")) | M6: =IF(OR(I6="",D6=""),"NOT READY",IF(I6<>D6,"FAIL",IF(COUNTIFS(E$5:E$23,E6,I$5:I$23,I6)>1,"FAIL","PASS"))) | N6: =IF(OR(E6="",F6="",G6="",J6="",Setup!$B$5=""),"NOT READY",IF(Setup!$B$5="Conservative depot",IF(F6>=Setup!$B$6+SUMIFS('Travel Reference'!$C:$C,'Travel Reference'!$A:$A,"DEPOT",'Travel Reference'!$B:$B,A6)/1440,"PASS","FAIL"),IF(Setup!$B$5="Route-chain",IF(J6=1,IF(F6>=Setup!$B$6+SUMIFS('Travel Reference'!$C:$C,'Travel Reference'!$A:$A,"DEPOT",'Travel Reference'!$B:$B,A6)/1440,"PASS","FAIL"),IF(F6>=INDEX($G$5:$G$23,MATCH(1,INDEX(($E$5:$E$23=E6)*($J$5:$J$23=J6-1),0),0))+SUMIFS('Travel Reference'!$C:$C,'Travel Reference'!$A:$A,INDEX($A$5:$A$23,MATCH(1,INDEX(($E$5:$E$23=E6)*($J$5:$J$23=J6-1),0),0)),'Travel Reference'!$B:$B,A6)/1440,"PASS","FAIL")),"NOT READY"))) | O6: =IF(OR(E6="",F6="",G6="",Setup!$B$6="",Setup!$B$7="",N6="NOT READY"),"NOT READY",IF(AND(F6>=Setup!$B$6,G6<=Setup!$B$7),"PASS","FAIL")) | P6: =IF(COUNTBLANK(E6:F6)>0,"NOT READY",IF(COUNTIF(K6:O6,"FAIL")>0,"FAIL",IF(COUNTIF(K6:O6,"NOT READY")>0,"NOT READY","PASS")))
A7: ALD-03 | B7: Maple Hollow Academy | C7: 50 | D7: Standard A | G7: =IF(F7="","",F7+C7/1440) | K7: =IF(OR(E7="",F7="",G7=""),"NOT READY",IF(AND(COUNTIFS('Access Reference'!$A:$A,A7,'Access Reference'!$B:$B,TEXT(E7,"dddd"),'Access Reference'!$C:$C,"<="&F7,'Access Reference'!$D:$D,">="&G7)>0,COUNTIFS('Access Reference'!$A:$A,A7,'Access Reference'!$B:$B,TEXT(E7,"dddd"),'Access Reference'!$E:$E,"<"&G7,'Access Reference'!$F:$F,">"&F7)=0),"PASS","FAIL")) | L7: =IF(OR(E7="",F7="",H7=""),"NOT READY",IF(COUNTIFS(E$5:E$23,E7,H$5:H$23,H7,F$5:F$23,"<"&G7,G$5:G$23,">"&F7)>1,"FAIL","PASS")) | M7: =IF(OR(I7="",D7=""),"NOT READY",IF(I7<>D7,"FAIL",IF(COUNTIFS(E$5:E$23,E7,I$5:I$23,I7)>1,"FAIL","PASS"))) | N7: =IF(OR(E7="",F7="",G7="",J7="",Setup!$B$5=""),"NOT READY",IF(Setup!$B$5="Conservative depot",IF(F7>=Setup!$B$6+SUMIFS('Travel Reference'!$C:$C,'Travel Reference'!$A:$A,"DEPOT",'Travel Reference'!$B:$B,A7)/1440,"PASS","FAIL"),IF(Setup!$B$5="Route-chain",IF(J7=1,IF(F7>=Setup!$B$6+SUMIFS('Travel Reference'!$C:$C,'Travel Reference'!$A:$A,"DEPOT",'Travel Reference'!$B:$B,A7)/1440,"PASS","FAIL"),IF(F7>=INDEX($G$5:$G$23,MATCH(1,INDEX(($E$5:$E$23=E7)*($J$5:$J$23=J7-1),0),0))+SUMIFS('Travel Reference'!$C:$C,'Travel Reference'!$A:$A,INDEX($A$5:$A$23,MATCH(1,INDEX(($E$5:$E$23=E7)*($J$5:$J$23=J7-1),0),0)),'Travel Reference'!$B:$B,A7)/1440,"PASS","FAIL")),"NOT READY"))) | O7: =IF(OR(E7="",F7="",G7="",Setup!$B$6="",Setup!$B$7="",N7="NOT READY"),"NOT READY",IF(AND(F7>=Setup!$B$6,G7<=Setup!$B$7),"PASS","FAIL")) | P7: =IF(COUNTBLANK(E7:F7)>0,"NOT READY",IF(COUNTIF(K7:O7,"FAIL")>0,"FAIL",IF(COUNTIF(K7:O7,"NOT READY")>0,"NOT READY","PASS")))
A8: ALD-04 | B8: Alderwick East | C8: 40 | D8: Standard B | G8: =IF(F8="","",F8+C8/1440) | K8: =IF(OR(E8="",F8="",G8=""),"NOT READY",IF(AND(COUNTIFS('Access Reference'!$A:$A,A8,'Access Reference'!$B:$B,TEXT(E8,"dddd"),'Access Reference'!$C:$C,"<="&F8,'Access Reference'!$D:$D,">="&G8)>0,COUNTIFS('Access Reference'!$A:$A,A8,'Access Reference'!$B:$B,TEXT(E8,"dddd"),'Access Reference'!$E:$E,"<"&G8,'Access Reference'!$F:$F,">"&F8)=0),"PASS","FAIL")) | L8: =IF(OR(E8="",F8="",H8=""),"NOT READY",IF(COUNTIFS(E$5:E$23,E8,H$5:H$23,H8,F$5:F$23,"<"&G8,G$5:G$23,">"&F8)>1,"FAIL","PASS")) | M8: =IF(OR(I8="",D8=""),"NOT READY",IF(I8<>D8,"FAIL",IF(COUNTIFS(E$5:E$23,E8,I$5:I$23,I8)>1,"FAIL","PASS"))) | N8: =IF(OR(E8="",F8="",G8="",J8="",Setup!$B$5=""),"NOT READY",IF(Setup!$B$5="Conservative depot",IF(F8>=Setup!$B$6+SUMIFS('Travel Reference'!$C:$C,'Travel Reference'!$A:$A,"DEPOT",'Travel Reference'!$B:$B,A8)/1440,"PASS","FAIL"),IF(Setup!$B$5="Route-chain",IF(J8=1,IF(F8>=Setup!$B$6+SUMIFS('Travel Reference'!$C:$C,'Travel Reference'!$A:$A,"DEPOT",'Travel Reference'!$B:$B,A8)/1440,"PASS","FAIL"),IF(F8>=INDEX($G$5:$G$23,MATCH(1,INDEX(($E$5:$E$23=E8)*($J$5:$J$23=J8-1),0),0))+SUMIFS('Travel Reference'!$C:$C,'Travel Reference'!$A:$A,INDEX($A$5:$A$23,MATCH(1,INDEX(($E$5:$E$23=E8)*($J$5:$J$23=J8-1),0),0)),'Travel Reference'!$B:$B,A8)/1440,"PASS","FAIL")),"NOT READY"))) | O8: =IF(OR(E8="",F8="",G8="",Setup!$B$6="",Setup!$B$7="",N8="NOT READY"),"NOT READY",IF(AND(F8>=Setup!$B$6,G8<=Setup!$B$7),"PASS","FAIL")) | P8: =IF(COUNTBLANK(E8:F8)>0,"NOT READY",IF(COUNTIF(K8:O8,"FAIL")>0,"FAIL",IF(COUNTIF(K8:O8,"NOT READY")>0,"NOT READY","PASS")))
A9: ALD-05 | B9: Cedar Ridge School | C9: 55 | D9: Standard A | G9: =IF(F9="","",F9+C9/1440) | K9: =IF(OR(E9="",F9="",G9=""),"NOT READY",IF(AND(COUNTIFS('Access Reference'!$A:$A,A9,'Access Reference'!$B:$B,TEXT(E9,"dddd"),'Access Reference'!$C:$C,"<="&F9,'Access Reference'!$D:$D,">="&G9)>0,COUNTIFS('Access Reference'!$A:$A,A9,'Access Reference'!$B:$B,TEXT(E9,"dddd"),'Access Reference'!$E:$E,"<"&G9,'Access Reference'!$F:$F,">"&F9)=0),"PASS","FAIL")) | L9: =IF(OR(E9="",F9="",H9=""),"NOT READY",IF(COUNTIFS(E$5:E$23,E9,H$5:H$23,H9,F$5:F$23,"<"&G9,G$5:G$23,">"&F9)>1,"FAIL","PASS")) | M9: =IF(OR(I9="",D9=""),"NOT READY",IF(I9<>D9,"FAIL",IF(COUNTIFS(E$5:E$23,E9,I$5:I$23,I9)>1,"FAIL","PASS"))) | N9: =IF(OR(E9="",F9="",G9="",J9="",Setup!$B$5=""),"NOT READY",IF(Setup!$B$5="Conservative depot",IF(F9>=Setup!$B$6+SUMIFS('Travel Reference'!$C:$C,'Travel Reference'!$A:$A,"DEPOT",'Travel Reference'!$B:$B,A9)/1440,"PASS","FAIL"),IF(Setup!$B$5="Route-chain",IF(J9=1,IF(F9>=Setup!$B$6+SUMIFS('Travel Reference'!$C:$C,'Travel Reference'!$A:$A,"DEPOT",'Travel Reference'!$B:$B,A9)/1440,"PASS","FAIL"),IF(F9>=INDEX($G$5:$G$23,MATCH(1,INDEX(($E$5:$E$23=E9)*($J$5:$J$23=J9-1),0),0))+SUMIFS('Travel Reference'!$C:$C,'Travel Reference'!$A:$A,INDEX($A$5:$A$23,MATCH(1,INDEX(($E$5:$E$23=E9)*($J$5:$J$23=J9-1),0),0)),'Travel Reference'!$B:$B,A9)/1440,"PASS","FAIL")),"NOT READY"))) | O9: =IF(OR(E9="",F9="",G9="",Setup!$B$6="",Setup!$B$7="",N9="NOT READY"),"NOT READY",IF(AND(F9>=Setup!$B$6,G9<=Setup!$B$7),"PASS","FAIL")) | P9: =IF(COUNTBLANK(E9:F9)>0,"NOT READY",IF(COUNTIF(K9:O9,"FAIL")>0,"FAIL",IF(COUNTIF(K9:O9,"NOT READY")>0,"NOT READY","PASS")))
A10: ALD-06 | B10: Briarwood Collegiate | C10: 45 | D10: Standard B | G10: =IF(F10="","",F10+C10/1440) | K10: =IF(OR(E10="",F10="",G10=""),"NOT READY",IF(AND(COUNTIFS('Access Reference'!$A:$A,A10,'Access Reference'!$B:$B,TEXT(E10,"dddd"),'Access Reference'!$C:$C,"<="&F10,'Access Reference'!$D:$D,">="&G10)>0,COUNTIFS('Access Reference'!$A:$A,A10,'Access Reference'!$B:$B,TEXT(E10,"dddd"),'Access Reference'!$E:$E,"<"&G10,'Access Reference'!$F:$F,">"&F10)=0),"PASS","FAIL")) | L10: =IF(OR(E10="",F10="",H10=""),"NOT READY",IF(COUNTIFS(E$5:E$23,E10,H$5:H$23,H10,F$5:F$23,"<"&G10,G$5:G$23,">"&F10)>1,"FAIL","PASS")) | M10: =IF(OR(I10="",D10=""),"NOT READY",IF(I10<>D10,"FAIL",IF(COUNTIFS(E$5:E$23,E10,I$5:I$23,I10)>1,"FAIL","PASS"))) | N10: =IF(OR(E10="",F10="",G10="",J10="",Setup!$B$5=""),"NOT READY",IF(Setup!$B$5="Conservative depot",IF(F10>=Setup!$B$6+SUMIFS('Travel Reference'!$C:$C,'Travel Reference'!$A:$A,"DEPOT",'Travel Reference'!$B:$B,A10)/1440,"PASS","FAIL"),IF(Setup!$B$5="Route-chain",IF(J10=1,IF(F10>=Setup!$B$6+SUMIFS('Travel Reference'!$C:$C,'Travel Reference'!$A:$A,"DEPOT",'Travel Reference'!$B:$B,A10)/1440,"PASS","FAIL"),IF(F10>=INDEX($G$5:$G$23,MATCH(1,INDEX(($E$5:$E$23=E10)*($J$5:$J$23=J10-1),0),0))+SUMIFS('Travel Reference'!$C:$C,'Travel Reference'!$A:$A,INDEX($A$5:$A$23,MATCH(1,INDEX(($E$5:$E$23=E10)*($J$5:$J$23=J10-1),0),0)),'Travel Reference'!$B:$B,A10)/1440,"PASS","FAIL")),"NOT READY"))) | O10: =IF(OR(E10="",F10="",G10="",Setup!$B$6="",Setup!$B$7="",N10="NOT READY"),"NOT READY",IF(AND(F10>=Setup!$B$6,G10<=Setup!$B$7),"PASS","FAIL")) | P10: =IF(COUNTBLANK(E10:F10)>0,"NOT READY",IF(COUNTIF(K10:O10,"FAIL")>0,"FAIL",IF(COUNTIF(K10:O10,"NOT READY")>0,"NOT READY","PASS")))
A11: ALD-07 | B11: West Quay School | C11: 60 | D11: Standard A | G11: =IF(F11="","",F11+C11/1440) | K11: =IF(OR(E11="",F11="",G11=""),"NOT READY",IF(AND(COUNTIFS('Access Reference'!$A:$A,A11,'Access Reference'!$B:$B,TEXT(E11,"dddd"),'Access Reference'!$C:$C,"<="&F11,'Access Reference'!$D:$D,">="&G11)>0,COUNTIFS('Access Reference'!$A:$A,A11,'Access Reference'!$B:$B,TEXT(E11,"dddd"),'Access Reference'!$E:$E,"<"&G11,'Access Reference'!$F:$F,">"&F11)=0),"PASS","FAIL")) | L11: =IF(OR(E11="",F11="",H11=""),"NOT READY",IF(COUNTIFS(E$5:E$23,E11,H$5:H$23,H11,F$5:F$23,"<"&G11,G$5:G$23,">"&F11)>1,"FAIL","PASS")) | M11: =IF(OR(I11="",D11=""),"NOT READY",IF(I11<>D11,"FAIL",IF(COUNTIFS(E$5:E$23,E11,I$5:I$23,I11)>1,"FAIL","PASS"))) | N11: =IF(OR(E11="",F11="",G11="",J11="",Setup!$B$5=""),"NOT READY",IF(Setup!$B$5="Conservative depot",IF(F11>=Setup!$B$6+SUMIFS('Travel Reference'!$C:$C,'Travel Reference'!$A:$A,"DEPOT",'Travel Reference'!$B:$B,A11)/1440,"PASS","FAIL"),IF(Setup!$B$5="Route-chain",IF(J11=1,IF(F11>=Setup!$B$6+SUMIFS('Travel Reference'!$C:$C,'Travel Reference'!$A:$A,"DEPOT",'Travel Reference'!$B:$B,A11)/1440,"PASS","FAIL"),IF(F11>=INDEX($G$5:$G$23,MATCH(1,INDEX(($E$5:$E$23=E11)*($J$5:$J$23=J11-1),0),0))+SUMIFS('Travel Reference'!$C:$C,'Travel Reference'!$A:$A,INDEX($A$5:$A$23,MATCH(1,INDEX(($E$5:$E$23=E11)*($J$5:$J$23=J11-1),0),0)),'Travel Reference'!$B:$B,A11)/1440,"PASS","FAIL")),"NOT READY"))) | O11: =IF(OR(E11="",F11="",G11="",Setup!$B$6="",Setup!$B$7="",N11="NOT READY"),"NOT READY",IF(AND(F11>=Setup!$B$6,G11<=Setup!$B$7),"PASS","FAIL")) | P11: =IF(COUNTBLANK(E11:F11)>0,"NOT READY",IF(COUNTIF(K11:O11,"FAIL")>0,"FAIL",IF(COUNTIF(K11:O11,"NOT READY")>0,"NOT READY","PASS")))
A12: ALD-08 | B12: Linden Park Lab | C12: 50 | D12: Standard B | G12: =IF(F12="","",F12+C12/1440) | K12: =IF(OR(E12="",F12="",G12=""),"NOT READY",IF(AND(COUNTIFS('Access Reference'!$A:$A,A12,'Access Reference'!$B:$B,TEXT(E12,"dddd"),'Access Reference'!$C:$C,"<="&F12,'Access Reference'!$D:$D,">="&G12)>0,COUNTIFS('Access Reference'!$A:$A,A12,'Access Reference'!$B:$B,TEXT(E12,"dddd"),'Access Reference'!$E:$E,"<"&G12,'Access Reference'!$F:$F,">"&F12)=0),"PASS","FAIL")) | L12: =IF(OR(E12="",F12="",H12=""),"NOT READY",IF(COUNTIFS(E$5:E$23,E12,H$5:H$23,H12,F$5:F$23,"<"&G12,G$5:G$23,">"&F12)>1,"FAIL","PASS")) | M12: =IF(OR(I12="",D12=""),"NOT READY",IF(I12<>D12,"FAIL",IF(COUNTIFS(E$5:E$23,E12,I$5:I$23,I12)>1,"FAIL","PASS"))) | N12: =IF(OR(E12="",F12="",G12="",J12="",Setup!$B$5=""),"NOT READY",IF(Setup!$B$5="Conservative depot",IF(F12>=Setup!$B$6+SUMIFS('Travel Reference'!$C:$C,'Travel Reference'!$A:$A,"DEPOT",'Travel Reference'!$B:$B,A12)/1440,"PASS","FAIL"),IF(Setup!$B$5="Route-chain",IF(J12=1,IF(F12>=Setup!$B$6+SUMIFS('Travel Reference'!$C:$C,'Travel Reference'!$A:$A,"DEPOT",'Travel Reference'!$B:$B,A12)/1440,"PASS","FAIL"),IF(F12>=INDEX($G$5:$G$23,MATCH(1,INDEX(($E$5:$E$23=E12)*($J$5:$J$23=J12-1),0),0))+SUMIFS('Travel Reference'!$C:$C,'Travel Reference'!$A:$A,INDEX($A$5:$A$23,MATCH(1,INDEX(($E$5:$E$23=E12)*($J$5:$J$23=J12-1),0),0)),'Travel Reference'!$B:$B,A12)/1440,"PASS","FAIL")),"NOT READY"))) | O12: =IF(OR(E12="",F12="",G12="",Setup!$B$6="",Setup!$B$7="",N12="NOT READY"),"NOT READY",IF(AND(F12>=Setup!$B$6,G12<=Setup!$B$7),"PASS","FAIL")) | P12: =IF(COUNTBLANK(E12:F12)>0,"NOT READY",IF(COUNTIF(K12:O12,"FAIL")>0,"FAIL",IF(COUNTIF(K12:O12,"NOT READY")>0,"NOT READY","PASS")))
A13: ALD-09 | B13: Harbourview Institute | C13: 40 | D13: Standard A | G13: =IF(F13="","",F13+C13/1440) | K13: =IF(OR(E13="",F13="",G13=""),"NOT READY",IF(AND(COUNTIFS('Access Reference'!$A:$A,A13,'Access Reference'!$B:$B,TEXT(E13,"dddd"),'Access Reference'!$C:$C,"<="&F13,'Access Reference'!$D:$D,">="&G13)>0,COUNTIFS('Access Reference'!$A:$A,A13,'Access Reference'!$B:$B,TEXT(E13,"dddd"),'Access Reference'!$E:$E,"<"&G13,'Access Reference'!$F:$F,">"&F13)=0),"PASS","FAIL")) | L13: =IF(OR(E13="",F13="",H13=""),"NOT READY",IF(COUNTIFS(E$5:E$23,E13,H$5:H$23,H13,F$5:F$23,"<"&G13,G$5:G$23,">"&F13)>1,"FAIL","PASS")) | M13: =IF(OR(I13="",D13=""),"NOT READY",IF(I13<>D13,"FAIL",IF(COUNTIFS(E$5:E$23,E13,I$5:I$23,I13)>1,"FAIL","PASS"))) | N13: =IF(OR(E13="",F13="",G13="",J13="",Setup!$B$5=""),"NOT READY",IF(Setup!$B$5="Conservative depot",IF(F13>=Setup!$B$6+SUMIFS('Travel Reference'!$C:$C,'Travel Reference'!$A:$A,"DEPOT",'Travel Reference'!$B:$B,A13)/1440,"PASS","FAIL"),IF(Setup!$B$5="Route-chain",IF(J13=1,IF(F13>=Setup!$B$6+SUMIFS('Travel Reference'!$C:$C,'Travel Reference'!$A:$A,"DEPOT",'Travel Reference'!$B:$B,A13)/1440,"PASS","FAIL"),IF(F13>=INDEX($G$5:$G$23,MATCH(1,INDEX(($E$5:$E$23=E13)*($J$5:$J$23=J13-1),0),0))+SUMIFS('Travel Reference'!$C:$C,'Travel Reference'!$A:$A,INDEX($A$5:$A$23,MATCH(1,INDEX(($E$5:$E$23=E13)*($J$5:$J$23=J13-1),0),0)),'Travel Reference'!$B:$B,A13)/1440,"PASS","FAIL")),"NOT READY"))) | O13: =IF(OR(E13="",F13="",G13="",Setup!$B$6="",Setup!$B$7="",N13="NOT READY"),"NOT READY",IF(AND(F13>=Setup!$B$6,G13<=Setup!$B$7),"PASS","FAIL")) | P13: =IF(COUNTBLANK(E13:F13)>0,"NOT READY",IF(COUNTIF(K13:O13,"FAIL")>0,"FAIL",IF(COUNTIF(K13:O13,"NOT READY")>0,"NOT READY","PASS")))
A14: ALD-10 | B14: Meadowbrook Senior | C14: 55 | D14: Standard B | G14: =IF(F14="","",F14+C14/1440) | K14: =IF(OR(E14="",F14="",G14=""),"NOT READY",IF(AND(COUNTIFS('Access Reference'!$A:$A,A14,'Access Reference'!$B:$B,TEXT(E14,"dddd"),'Access Reference'!$C:$C,"<="&F14,'Access Reference'!$D:$D,">="&G14)>0,COUNTIFS('Access Reference'!$A:$A,A14,'Access Reference'!$B:$B,TEXT(E14,"dddd"),'Access Reference'!$E:$E,"<"&G14,'Access Reference'!$F:$F,">"&F14)=0),"PASS","FAIL")) | L14: =IF(OR(E14="",F14="",H14=""),"NOT READY",IF(COUNTIFS(E$5:E$23,E14,H$5:H$23,H14,F$5:F$23,"<"&G14,G$5:G$23,">"&F14)>1,"FAIL","PASS")) | M14: =IF(OR(I14="",D14=""),"NOT READY",IF(I14<>D14,"FAIL",IF(COUNTIFS(E$5:E$23,E14,I$5:I$23,I14)>1,"FAIL","PASS"))) | N14: =IF(OR(E14="",F14="",G14="",J14="",Setup!$B$5=""),"NOT READY",IF(Setup!$B$5="Conservative depot",IF(F14>=Setup!$B$6+SUMIFS('Travel Reference'!$C:$C,'Travel Reference'!$A:$A,"DEPOT",'Travel Reference'!$B:$B,A14)/1440,"PASS","FAIL"),IF(Setup!$B$5="Route-chain",IF(J14=1,IF(F14>=Setup!$B$6+SUMIFS('Travel Reference'!$C:$C,'Travel Reference'!$A:$A,"DEPOT",'Travel Reference'!$B:$B,A14)/1440,"PASS","FAIL"),IF(F14>=INDEX($G$5:$G$23,MATCH(1,INDEX(($E$5:$E$23=E14)*($J$5:$J$23=J14-1),0),0))+SUMIFS('Travel Reference'!$C:$C,'Travel Reference'!$A:$A,INDEX($A$5:$A$23,MATCH(1,INDEX(($E$5:$E$23=E14)*($J$5:$J$23=J14-1),0),0)),'Travel Reference'!$B:$B,A14)/1440,"PASS","FAIL")),"NOT READY"))) | O14: =IF(OR(E14="",F14="",G14="",Setup!$B$6="",Setup!$B$7="",N14="NOT READY"),"NOT READY",IF(AND(F14>=Setup!$B$6,G14<=Setup!$B$7),"PASS","FAIL")) | P14: =IF(COUNTBLANK(E14:F14)>0,"NOT READY",IF(COUNTIF(K14:O14,"FAIL")>0,"FAIL",IF(COUNTIF(K14:O14,"NOT READY")>0,"NOT READY","PASS")))
A15: ALD-11 | B15: Pinecrest Academy | C15: 45 | D15: Standard A | G15: =IF(F15="","",F15+C15/1440) | K15: =IF(OR(E15="",F15="",G15=""),"NOT READY",IF(AND(COUNTIFS('Access Reference'!$A:$A,A15,'Access Reference'!$B:$B,TEXT(E15,"dddd"),'Access Reference'!$C:$C,"<="&F15,'Access Reference'!$D:$D,">="&G15)>0,COUNTIFS('Access Reference'!$A:$A,A15,'Access Reference'!$B:$B,TEXT(E15,"dddd"),'Access Reference'!$E:$E,"<"&G15,'Access Reference'!$F:$F,">"&F15)=0),"PASS","FAIL")) | L15: =IF(OR(E15="",F15="",H15=""),"NOT READY",IF(COUNTIFS(E$5:E$23,E15,H$5:H$23,H15,F$5:F$23,"<"&G15,G$5:G$23,">"&F15)>1,"FAIL","PASS")) | M15: =IF(OR(I15="",D15=""),"NOT READY",IF(I15<>D15,"FAIL",IF(COUNTIFS(E$5:E$23,E15,I$5:I$23,I15)>1,"FAIL","PASS"))) | N15: =IF(OR(E15="",F15="",G15="",J15="",Setup!$B$5=""),"NOT READY",IF(Setup!$B$5="Conservative depot",IF(F15>=Setup!$B$6+SUMIFS('Travel Reference'!$C:$C,'Travel Reference'!$A:$A,"DEPOT",'Travel Reference'!$B:$B,A15)/1440,"PASS","FAIL"),IF(Setup!$B$5="Route-chain",IF(J15=1,IF(F15>=Setup!$B$6+SUMIFS('Travel Reference'!$C:$C,'Travel Reference'!$A:$A,"DEPOT",'Travel Reference'!$B:$B,A15)/1440,"PASS","FAIL"),IF(F15>=INDEX($G$5:$G$23,MATCH(1,INDEX(($E$5:$E$23=E15)*($J$5:$J$23=J15-1),0),0))+SUMIFS('Travel Reference'!$C:$C,'Travel Reference'!$A:$A,INDEX($A$5:$A$23,MATCH(1,INDEX(($E$5:$E$23=E15)*($J$5:$J$23=J15-1),0),0)),'Travel Reference'!$B:$B,A15)/1440,"PASS","FAIL")),"NOT READY"))) | O15: =IF(OR(E15="",F15="",G15="",Setup!$B$6="",Setup!$B$7="",N15="NOT READY"),"NOT READY",IF(AND(F15>=Setup!$B$6,G15<=Setup!$B$7),"PASS","FAIL")) | P15: =IF(COUNTBLANK(E15:F15)>0,"NOT READY",IF(COUNTIF(K15:O15,"FAIL")>0,"FAIL",IF(COUNTIF(K15:O15,"NOT READY")>0,"NOT READY","PASS")))
A16: ALD-12 | B16: Stonebridge School | C16: 60 | D16: Standard B | G16: =IF(F16="","",F16+C16/1440) | K16: =IF(OR(E16="",F16="",G16=""),"NOT READY",IF(AND(COUNTIFS('Access Reference'!$A:$A,A16,'Access Reference'!$B:$B,TEXT(E16,"dddd"),'Access Reference'!$C:$C,"<="&F16,'Access Reference'!$D:$D,">="&G16)>0,COUNTIFS('Access Reference'!$A:$A,A16,'Access Reference'!$B:$B,TEXT(E16,"dddd"),'Access Reference'!$E:$E,"<"&G16,'Access Reference'!$F:$F,">"&F16)=0),"PASS","FAIL")) | L16: =IF(OR(E16="",F16="",H16=""),"NOT READY",IF(COUNTIFS(E$5:E$23,E16,H$5:H$23,H16,F$5:F$23,"<"&G16,G$5:G$23,">"&F16)>1,"FAIL","PASS")) | M16: =IF(OR(I16="",D16=""),"NOT READY",IF(I16<>D16,"FAIL",IF(COUNTIFS(E$5:E$23,E16,I$5:I$23,I16)>1,"FAIL","PASS"))) | N16: =IF(OR(E16="",F16="",G16="",J16="",Setup!$B$5=""),"NOT READY",IF(Setup!$B$5="Conservative depot",IF(F16>=Setup!$B$6+SUMIFS('Travel Reference'!$C:$C,'Travel Reference'!$A:$A,"DEPOT",'Travel Reference'!$B:$B,A16)/1440,"PASS","FAIL"),IF(Setup!$B$5="Route-chain",IF(J16=1,IF(F16>=Setup!$B$6+SUMIFS('Travel Reference'!$C:$C,'Travel Reference'!$A:$A,"DEPOT",'Travel Reference'!$B:$B,A16)/1440,"PASS","FAIL"),IF(F16>=INDEX($G$5:$G$23,MATCH(1,INDEX(($E$5:$E$23=E16)*($J$5:$J$23=J16-1),0),0))+SUMIFS('Travel Reference'!$C:$C,'Travel Reference'!$A:$A,INDEX($A$5:$A$23,MATCH(1,INDEX(($E$5:$E$23=E16)*($J$5:$J$23=J16-1),0),0)),'Travel Reference'!$B:$B,A16)/1440,"PASS","FAIL")),"NOT READY"))) | O16: =IF(OR(E16="",F16="",G16="",Setup!$B$6="",Setup!$B$7="",N16="NOT READY"),"NOT READY",IF(AND(F16>=Setup!$B$6,G16<=Setup!$B$7),"PASS","FAIL")) | P16: =IF(COUNTBLANK(E16:F16)>0,"NOT READY",IF(COUNTIF(K16:O16,"FAIL")>0,"FAIL",IF(COUNTIF(K16:O16,"NOT READY")>0,"NOT READY","PASS")))
... A23: ALD-19 | B23: Glenhaven School | C23: 40 | D23: Standard A | G23: =IF(F23="","",F23+C23/1440) | K23: =IF(OR(E23="",F23="",G23=""),"NOT READY",IF(AND(COUNTIFS('Access Reference'!$A:$A,A23,'Access Reference'!$B:$B,TEXT(E23,"dddd"),'Access Reference'!$C:$C,"<="&F23,'Access Reference'!$D:$D,">="&G23)>0,COUNTIFS('Access Reference'!$A:$A,A23,'Access Reference'!$B:$B,TEXT(E23,"dddd"),'Access Reference'!$E:$E,"<"&G23,'Access Reference'!$F:$F,">"&F23)=0),"PASS","FAIL")) | L23: =IF(OR(E23="",F23="",H23=""),"NOT READY",IF(COUNTIFS(E$5:E$23,E23,H$5:H$23,H23,F$5:F$23,"<"&G23,G$5:G$23,">"&F23)>1,"FAIL","PASS")) | M23: =IF(OR(I23="",D23=""),"NOT READY",IF(I23<>D23,"FAIL",IF(COUNTIFS(E$5:E$23,E23,I$5:I$23,I23)>1,"FAIL","PASS"))) | N23: =IF(OR(E23="",F23="",G23="",J23="",Setup!$B$5=""),"NOT READY",IF(Setup!$B$5="Conservative depot",IF(F23>=Setup!$B$6+SUMIFS('Travel Reference'!$C:$C,'Travel Reference'!$A:$A,"DEPOT",'Travel Reference'!$B:$B,A23)/1440,"PASS","FAIL"),IF(Setup!$B$5="Route-chain",IF(J23=1,IF(F23>=Setup!$B$6+SUMIFS('Travel Reference'!$C:$C,'Travel Reference'!$A:$A,"DEPOT",'Travel Reference'!$B:$B,A23)/1440,"PASS","FAIL"),IF(F23>=INDEX($G$5:$G$23,MATCH(1,INDEX(($E$5:$E$23=E23)*($J$5:$J$23=J23-1),0),0))+SUMIFS('Travel Reference'!$C:$C,'Travel Reference'!$A:$A,INDEX($A$5:$A$23,MATCH(1,INDEX(($E$5:$E$23=E23)*($J$5:$J$23=J23-1),0),0)),'Travel Reference'!$B:$B,A23)/1440,"PASS","FAIL")),"NOT READY"))) | O23: =IF(OR(E23="",F23="",G23="",Setup!$B$6="",Setup!$B$7="",N23="NOT READY"),"NOT READY",IF(AND(F23>=Setup!$B$6,G23<=Setup!$B$7),"PASS","FAIL")) | P23: =IF(COUNTBLANK(E23:F23)>0,"NOT READY",IF(COUNTIF(K23:O23,"FAIL")>0,"FAIL",IF(COUNTIF(K23:O23,"NOT READY")>0,"NOT READY","PASS")))

Sheet Constraint Summary
A1: Constraint Summary | Live exhibit check
A3: Metric | B3: Value | C3: Interpretation | D3: Status
A4: Contracted visits | B4: =COUNTA('Visit Plan'!A5:A23) | C4: distinct supplied laboratories | D4: =IF(B4="","NOT READY",IF(OR(B4="FAIL",B4="NOT READY"),B4,"PASS"))
A5: Scheduled visits | B5: ='Visit Plan'!B2 | C5: date entered | D5: =IF(B5="","NOT READY",IF(OR(B5="FAIL",B5="NOT READY"),B5,"PASS"))
A6: Unscheduled visits | B6: =B4-B5 | C6: contracted minus scheduled | D6: =IF(B6="","NOT READY",IF(OR(B6="FAIL",B6="NOT READY"),B6,"PASS"))
A7: Fully compliant visits | B7: =COUNTIF('Visit Plan'!P5:P23,"PASS") | C7: overall PASS | D7: =IF(B7="","NOT READY",IF(OR(B7="FAIL",B7="NOT READY"),B7,"PASS"))
A8: Visits with exceptions | B8: =COUNTIF('Visit Plan'!P5:P23,"FAIL") | C8: entered rows with FAIL | D8: =IF(B8="","NOT READY",IF(OR(B8="FAIL",B8="NOT READY"),B8,"PASS"))
A9: Standard A conflict indicator | B9: =IF(COUNTIF('Visit Plan'!M5:M23,"FAIL")>0,"FAIL",IF(B5=0,"NOT READY","PASS")) | C9: required/shared Standard A | D9: =IF(B9="","NOT READY",IF(OR(B9="FAIL",B9="NOT READY"),B9,"PASS"))
A10: Standard B conflict indicator | B10: =IF(COUNTIF('Visit Plan'!M5:M23,"FAIL")>0,"FAIL",IF(B5=0,"NOT READY","PASS")) | C10: required/shared Standard B | D10: =IF(B10="","NOT READY",IF(OR(B10="FAIL",B10="NOT READY"),B10,"PASS"))
A11: Technician conflict indicator | B11: =IF(COUNTIF('Visit Plan'!L5:L23,"FAIL")>0,"FAIL",IF(B5=0,"NOT READY","PASS")) | C11: same-day interval overlap | D11: =IF(B11="","NOT READY",IF(OR(B11="FAIL",B11="NOT READY"),B11,"PASS"))
A12: Access conflict indicator | B12: =IF(COUNTIF('Visit Plan'!K5:K23,"FAIL")>0,"FAIL",IF(B5=0,"NOT READY","PASS")) | C12: access window or class exclusion | D12: =IF(B12="","NOT READY",IF(OR(B12="FAIL",B12="NOT READY"),B12,"PASS"))
A13: Travel conflict indicator | B13: =IF(Setup!B5="","NOT READY",IF(COUNTIF('Visit Plan'!N5:N23,"FAIL")>0,"FAIL",IF(B5=0,"NOT READY","PASS"))) | C13: active travel interpretation | D13: =IF(B13="","NOT READY",IF(OR(B13="FAIL",B13="NOT READY"),B13,"PASS"))
A14: Active travel interpretation | B14: =IF(Setup!B5="","NOT READY",Setup!B5) | C14: deliberate setup choice | D14: =IF(B14="","NOT READY",IF(OR(B14="FAIL",B14="NOT READY"),B14,"PASS"))

Sheet Access Reference
A1: Access Reference | Supplied facts
A2: Source: alderwick_2027_service_inputs.xlsx | source sheet: Access
A4: Site ID | B4: Weekday | C4: Window Start | D4: Window End | E4: Class Exclusion Start | F4: Class Exclusion End
A5: ALD-01 | B5: Monday | C5: 0.35416667 | D5: 0.64583333 | E5: 0.47916667 | F5: 0.5
A6: ALD-02 | B6: Tuesday | C6: 0.35416667 | D6: 0.64583333 | E6: 0.47916667 | F6: 0.5
A7: ALD-03 | B7: Wednesday | C7: 0.33333333 | D7: 0.41666667 | E7: 0.375 | F7: 0.39583333
A8: ALD-03 | B8: Wednesday | C8: 0.54166667 | D8: 0.66666667
A9: ALD-04 | B9: Thursday | C9: 0.35416667 | D9: 0.64583333 | E9: 0.47916667 | F9: 0.5
A10: ALD-05 | B10: Friday | C10: 0.35416667 | D10: 0.64583333 | E10: 0.47916667 | F10: 0.5
A11: ALD-06 | B11: Monday | C11: 0.33333333 | D11: 0.41666667 | E11: 0.375 | F11: 0.39583333
A12: ALD-06 | B12: Monday | C12: 0.54166667 | D12: 0.66666667
A13: ALD-07 | B13: Tuesday | C13: 0.35416667 | D13: 0.64583333 | E13: 0.47916667 | F13: 0.5
A14: ALD-08 | B14: Wednesday | C14: 0.35416667 | D14: 0.64583333 | E14: 0.47916667 | F14: 0.5
A15: ALD-09 | B15: Thursday | C15: 0.33333333 | D15: 0.41666667 | E15: 0.375 | F15: 0.39583333
A16: ALD-09 | B16: Thursday | C16: 0.54166667 | D16: 0.66666667
A17: ALD-10 | B17: Friday | C17: 0.35416667 | D17: 0.64583333 | E17: 0.47916667 | F17: 0.5
A18: ALD-11 | B18: Monday | C18: 0.35416667 | D18: 0.64583333 | E18: 0.47916667 | F18: 0.5
A19: ALD-12 | B19: Tuesday | C19: 0.33333333 | D19: 0.41666667 | E19: 0.375 | F19: 0.39583333
A20: ALD-12 | B20: Tuesday | C20: 0.54166667 | D20: 0.66666667
A21: ALD-13 | B21: Wednesday | C21: 0.35416667 | D21: 0.64583333 | E21: 0.47916667 | F21: 0.5
A22: ALD-14 | B22: Thursday | C22: 0.35416667 | D22: 0.64583333 | E22: 0.47916667 | F22: 0.5
A23: ALD-15 | B23: Friday | C23: 0.33333333 | D23: 0.41666667 | E23: 0.375 | F23: 0.39583333
A24: ALD-15 | B24: Friday | C24: 0.54166667 | D24: 0.66666667
A25: ALD-16 | B25: Monday | C25: 0.35416667 | D25: 0.64583333 | E25: 0.47916667 | F25: 0.5
A26: ALD-17 | B26: Tuesday | C26: 0.35416667 | D26: 0.64583333 | E26: 0.47916667 | F26: 0.5
A27: ALD-18 | B27: Wednesday | C27: 0.33333333 | D27: 0.41666667 | E27: 0.375 | F27: 0.39583333
A28: ALD-18 | B28: Wednesday | C28: 0.54166667 | D28: 0.66666667
A29: ALD-19 | B29: Thursday | C29: 0.35416667 | D29: 0.64583333 | E29: 0.47916667 | F29: 0.5

Sheet Travel Reference
A1: Travel Reference | Supplied facts
A2: Source: alderwick_2027_service_inputs.xlsx | source sheet: Travel
A4: Origin | B4: Destination | C4: Travel Minutes
A5: DEPOT | B5: DEPOT | C5: 0
A6: DEPOT | B6: ALD-01 | C6: 16
A7: DEPOT | B7: ALD-02 | C7: 24
A8: DEPOT | B8: ALD-03 | C8: 32
A9: DEPOT | B9: ALD-04 | C9: 23
A10: DEPOT | B10: ALD-05 | C10: 31
A11: DEPOT | B11: ALD-06 | C11: 39
A12: DEPOT | B12: ALD-07 | C12: 30
A13: DEPOT | B13: ALD-08 | C13: 38
A14: DEPOT | B14: ALD-09 | C14: 46
A15: DEPOT | B15: ALD-10 | C15: 54
A16: DEPOT | B16: ALD-11 | C16: 45
... A404: ALD-19 | B404: ALD-19 | C404: 0

Sheet Lists
A1: Controlled Lists | Workbook vocabulary
A2: Technician | B2: Travel interpretation | C2: Assigned Standard | D2: Status
A3: Morgan Lee | B3: Route-chain | C3: Standard A | D3: PASS
B4: Conservative depot | C4: Standard B | D4: FAIL
D5: NOT READY
