Workbook
Name DecisionOptions: 'Scoring Guide'!$B$13:$B$15
Name ReasonCodes: 'Scoring Guide'!$B$19:$B$26
Name DecisionPoints: 'Scoring Guide'!$B$5
Name ReasonPoints: 'Scoring Guide'!$B$6
Name PassMark: 'Scoring Guide'!$B$7
Name JurisdictionOptions: 'Scoring Guide'!$F$13:$F$14

Sheet Read Me
A1: Slateford return-inspection supervisor training
A2: Reusable blank instrument for leased demonstration devices returned to Northgale Trust | Contract snapshot frozen 12 March 2026
A4: Purpose and working boundary
A5: Slateford Studios trainers use this workbook to rehearse supervisor inspection decisions for returned leased demonstration devices. It applies the frozen Northgale Trust contract snapshot dated 12 March 2026 for operational training and review; it is not legal advice or a substitute for counsel's interpretation.
A8: Policy periods
A9: Jurisdictions: England & Wales and Scotland. Prior period: 01 Apr 2025 to 30 Sep 2025 | Current period: 01 Oct 2025 to 31 Mar 2026.
A11: Use the workbook
A12: Trainee | B12: On Trainee Cases, complete only the pale-yellow decision, reason, evidence, and sign-off cells. Keep evidence tied to the fixed facts shown for that case.
A13: Workbook | B13: Green cells calculate completion, checks, points, and score. They are protected and remain formula-driven; do not type over them.
A14: Trainer | B14: Review Answer Key and Scoring Guide after the trainee attempt. Use Period Comparison to discuss the period and jurisdiction differences before printing the review pack.
A15: Training record | B15: When all cases and the four pale-yellow record fields are complete, Training Record emits the fixed-format import values and PASS or FAIL.
A17: Role legend
A19: Entry | C19: Fixed | E19: Calculated | G19: Trainer-only key
A20: Enter here | B20: Blank, unlocked user-entry cell | C20: Source fact | D20: Locked cleaned source content or fixed import value | E20: Formula | F20: Locked workbook calculation | G20: Expected answer | H20: Locked key, rationale, or scoring content
A23: Operational recommendation boundary: use the snapshot to apply the stated inspection routes consistently. Escalate ambiguous physical findings through the operational route; do not treat this training material as advice on law, statutes, or terms outside the frozen snapshot.

Sheet Trainee Cases
A1: Trainee return-inspection cases
A2: Complete only the pale-yellow cells. Cosmetic and tamper-seal observations are fixed, separate facts. Green cells calculate automatically.
A3: Completed cases | B3: =COUNTIF($L$6:$L$27,"Complete") | D3: Total points | E3: =SUM($O$6:$O$27) | G3: Maximum points | H3: =COUNTA($A$6:$A$27)*(DecisionPoints+ReasonPoints) | J3: Score % | K3: =IF(COUNT($O$6:$O$27)=0,"",$E$3/$H$3) | M3: Live cases | N3: =COUNTA($A$6:$A$27)
A5: Case ID | B5: Jurisdiction | C5: Return Date | D5: Policy Period | E5: Cosmetic Observation | F5: Tamper-Seal Observation | G5: Function or Accessory Observation | H5: Trainee Decision | I5: Trainee Reason Code | J5: Evidence Note | K5: Trainee Sign-off | L5: Completion Status | M5: Decision Check | N5: Reason Check | O5: Points
A6: NS-101 | B6: England & Wales | C6: 45762 | D6: Prior period | E6: Minor scuff / scratch | F6: Seal intact | G6: Function pass; listed accessory present | L6: =IF(AND($H6<>"",$I6<>"",$J6<>"",$K6<>""),"Complete","") | M6: =IF($H6="","",IF($H6=VLOOKUP($A6,'Answer Key'!$A$6:$H$27,2,FALSE),"Correct","Incorrect")) | N6: =IF($I6="","",IF($I6=VLOOKUP($A6,'Answer Key'!$A$6:$H$27,3,FALSE),"Correct","Incorrect")) | O6: =IF(OR($H6="",$I6=""),"",IF($M6="Correct",DecisionPoints,0)+IF($N6="Correct",ReasonPoints,0))
A7: NS-102 | B7: Scotland | C7: 45783 | D7: Prior period | E7: Minor scuff / scratch | F7: Seal intact | G7: Function pass; listed accessory present | L7: =IF(AND($H7<>"",$I7<>"",$J7<>"",$K7<>""),"Complete","") | M7: =IF($H7="","",IF($H7=VLOOKUP($A7,'Answer Key'!$A$6:$H$27,2,FALSE),"Correct","Incorrect")) | N7: =IF($I7="","",IF($I7=VLOOKUP($A7,'Answer Key'!$A$6:$H$27,3,FALSE),"Correct","Incorrect")) | O7: =IF(OR($H7="",$I7=""),"",IF($M7="Correct",DecisionPoints,0)+IF($N7="Correct",ReasonPoints,0))
A8: NS-103 | B8: England & Wales | C8: 45933 | D8: Current period | E8: No visible cosmetic issue | F8: Seal intact | G8: Function pass; listed accessory present | L8: =IF(AND($H8<>"",$I8<>"",$J8<>"",$K8<>""),"Complete","") | M8: =IF($H8="","",IF($H8=VLOOKUP($A8,'Answer Key'!$A$6:$H$27,2,FALSE),"Correct","Incorrect")) | N8: =IF($I8="","",IF($I8=VLOOKUP($A8,'Answer Key'!$A$6:$H$27,3,FALSE),"Correct","Incorrect")) | O8: =IF(OR($H8="",$I8=""),"",IF($M8="Correct",DecisionPoints,0)+IF($N8="Correct",ReasonPoints,0))
A9: NS-104 | B9: Scotland | C9: 45946 | D9: Current period | E9: Minor scuff / scratch | F9: Seal intact | G9: Function pass; listed accessory present | L9: =IF(AND($H9<>"",$I9<>"",$J9<>"",$K9<>""),"Complete","") | M9: =IF($H9="","",IF($H9=VLOOKUP($A9,'Answer Key'!$A$6:$H$27,2,FALSE),"Correct","Incorrect")) | N9: =IF($I9="","",IF($I9=VLOOKUP($A9,'Answer Key'!$A$6:$H$27,3,FALSE),"Correct","Incorrect")) | O9: =IF(OR($H9="",$I9=""),"",IF($M9="Correct",DecisionPoints,0)+IF($N9="Correct",ReasonPoints,0))
A10: NS-105 | B10: England & Wales | C10: 45820 | D10: Prior period | E10: No visible cosmetic issue | F10: Seal broken | G10: Function pass; listed accessory present | L10: =IF(AND($H10<>"",$I10<>"",$J10<>"",$K10<>""),"Complete","") | M10: =IF($H10="","",IF($H10=VLOOKUP($A10,'Answer Key'!$A$6:$H$27,2,FALSE),"Correct","Incorrect")) | N10: =IF($I10="","",IF($I10=VLOOKUP($A10,'Answer Key'!$A$6:$H$27,3,FALSE),"Correct","Incorrect")) | O10: =IF(OR($H10="",$I10=""),"",IF($M10="Correct",DecisionPoints,0)+IF($N10="Correct",ReasonPoints,0))
A11: NS-106 | B11: Scotland | C11: 45840 | D11: Prior period | E11: Minor scuff / scratch | F11: Seal missing | G11: Function pass; listed accessory present | L11: =IF(AND($H11<>"",$I11<>"",$J11<>"",$K11<>""),"Complete","") | M11: =IF($H11="","",IF($H11=VLOOKUP($A11,'Answer Key'!$A$6:$H$27,2,FALSE),"Correct","Incorrect")) | N11: =IF($I11="","",IF($I11=VLOOKUP($A11,'Answer Key'!$A$6:$H$27,3,FALSE),"Correct","Incorrect")) | O11: =IF(OR($H11="",$I11=""),"",IF($M11="Correct",DecisionPoints,0)+IF($N11="Correct",ReasonPoints,0))
A12: NS-107 | B12: England & Wales | C12: 45952 | D12: Current period | E12: No visible cosmetic issue | F12: Seal mismatched | G12: Function pass; listed accessory present | L12: =IF(AND($H12<>"",$I12<>"",$J12<>"",$K12<>""),"Complete","") | M12: =IF($H12="","",IF($H12=VLOOKUP($A12,'Answer Key'!$A$6:$H$27,2,FALSE),"Correct","Incorrect")) | N12: =IF($I12="","",IF($I12=VLOOKUP($A12,'Answer Key'!$A$6:$H$27,3,FALSE),"Correct","Incorrect")) | O12: =IF(OR($H12="",$I12=""),"",IF($M12="Correct",DecisionPoints,0)+IF($N12="Correct",ReasonPoints,0))
A13: NS-108 | B13: Scotland | C13: 45965 | D13: Current period | E13: Minor scuff / scratch | F13: Seal broken | G13: Function pass; listed accessory present | L13: =IF(AND($H13<>"",$I13<>"",$J13<>"",$K13<>""),"Complete","") | M13: =IF($H13="","",IF($H13=VLOOKUP($A13,'Answer Key'!$A$6:$H$27,2,FALSE),"Correct","Incorrect")) | N13: =IF($I13="","",IF($I13=VLOOKUP($A13,'Answer Key'!$A$6:$H$27,3,FALSE),"Correct","Incorrect")) | O13: =IF(OR($H13="",$I13=""),"",IF($M13="Correct",DecisionPoints,0)+IF($N13="Correct",ReasonPoints,0))
A14: NS-109 | B14: England & Wales | C14: 45890 | D14: Prior period | E14: Non-functional casing dent (10-20 mm; no functional impact) | F14: Seal intact | G14: Function pass; listed accessory present | L14: =IF(AND($H14<>"",$I14<>"",$J14<>"",$K14<>""),"Complete","") | M14: =IF($H14="","",IF($H14=VLOOKUP($A14,'Answer Key'!$A$6:$H$27,2,FALSE),"Correct","Incorrect")) | N14: =IF($I14="","",IF($I14=VLOOKUP($A14,'Answer Key'!$A$6:$H$27,3,FALSE),"Correct","Incorrect")) | O14: =IF(OR($H14="",$I14=""),"",IF($M14="Correct",DecisionPoints,0)+IF($N14="Correct",ReasonPoints,0))
A15: NS-110 | B15: Scotland | C15: 45909 | D15: Prior period | E15: Non-functional casing dent (10-20 mm; no functional impact) | F15: Seal intact | G15: Function pass; listed accessory present | L15: =IF(AND($H15<>"",$I15<>"",$J15<>"",$K15<>""),"Complete","") | M15: =IF($H15="","",IF($H15=VLOOKUP($A15,'Answer Key'!$A$6:$H$27,2,FALSE),"Correct","Incorrect")) | N15: =IF($I15="","",IF($I15=VLOOKUP($A15,'Answer Key'!$A$6:$H$27,3,FALSE),"Correct","Incorrect")) | O15: =IF(OR($H15="",$I15=""),"",IF($M15="Correct",DecisionPoints,0)+IF($N15="Correct",ReasonPoints,0))
A16: NS-111 | B16: England & Wales | C16: 45958 | D16: Current period | E16: Non-functional casing dent (10-20 mm; no functional impact) | F16: Seal intact | G16: Function pass; listed accessory present | L16: =IF(AND($H16<>"",$I16<>"",$J16<>"",$K16<>""),"Complete","") | M16: =IF($H16="","",IF($H16=VLOOKUP($A16,'Answer Key'!$A$6:$H$27,2,FALSE),"Correct","Incorrect")) | N16: =IF($I16="","",IF($I16=VLOOKUP($A16,'Answer Key'!$A$6:$H$27,3,FALSE),"Correct","Incorrect")) | O16: =IF(OR($H16="",$I16=""),"",IF($M16="Correct",DecisionPoints,0)+IF($N16="Correct",ReasonPoints,0))
A17: NS-112 | B17: Scotland | C17: 46031 | D17: Current period | E17: Non-functional casing dent (10-20 mm; no functional impact) | F17: Seal intact | G17: Function pass; listed accessory present | L17: =IF(AND($H17<>"",$I17<>"",$J17<>"",$K17<>""),"Complete","") | M17: =IF($H17="","",IF($H17=VLOOKUP($A17,'Answer Key'!$A$6:$H$27,2,FALSE),"Correct","Incorrect")) | N17: =IF($I17="","",IF($I17=VLOOKUP($A17,'Answer Key'!$A$6:$H$27,3,FALSE),"Correct","Incorrect")) | O17: =IF(OR($H17="",$I17=""),"",IF($M17="Correct",DecisionPoints,0)+IF($N17="Correct",ReasonPoints,0))
... A27: NS-122 | B27: England & Wales | C27: 46095 | D27: Current period | E27: Minor scuff / scratch | F27: Seal intact | G27: Fail: diagnostic did not complete; Power adapter missing | L27: =IF(AND($H27<>"",$I27<>"",$J27<>"",$K27<>""),"Complete","") | M27: =IF($H27="","",IF($H27=VLOOKUP($A27,'Answer Key'!$A$6:$H$27,2,FALSE),"Correct","Incorrect")) | N27: =IF($I27="","",IF($I27=VLOOKUP($A27,'Answer Key'!$A$6:$H$27,3,FALSE),"Correct","Incorrect")) | O27: =IF(OR($H27="",$I27=""),"",IF($M27="Correct",DecisionPoints,0)+IF($N27="Correct",ReasonPoints,0))

Sheet Answer Key
A1: Answer key and clause-based rationale
A2: Trainer-only. One keyed answer per retained trainee case; source facts and the frozen snapshot determine the route.
A4: Keyed rows | B4: =COUNTA($A$6:$A$27)
A5: Case ID | B5: Expected Decision | C5: Expected Reason Code | D5: Clause ID | E5: Rationale | F5: Decision Points | G5: Reason Points | H5: Total Points
A6: NS-101 | B6: Accept | C6: COSMETIC_ONLY | D6: C-05 | E6: C-05: Only minor non-functional scuffing or scratching is recorded. | F6: =DecisionPoints | G6: =ReasonPoints | H6: =F6+G6
A7: NS-102 | B7: Accept | C7: COSMETIC_ONLY | D7: C-05 | E7: C-05: Only minor non-functional scuffing or scratching is recorded. | F7: =DecisionPoints | G7: =ReasonPoints | H7: =F7+G7
A8: NS-103 | B8: Accept | C8: COSMETIC_ONLY | D8: C-05 | E8: C-05: No functional, seal, identity, or essential-item issue is recorded. | F8: =DecisionPoints | G8: =ReasonPoints | H8: =F8+G8
A9: NS-104 | B9: Accept | C9: COSMETIC_ONLY | D9: C-05 | E9: C-05: Only minor non-functional scuffing or scratching is recorded. | F9: =DecisionPoints | G9: =ReasonPoints | H9: =F9+G9
A10: NS-105 | B10: Reject | C10: SEAL_FAIL | D10: C-06 | E10: C-06: Seal broken is recorded; the applicable England & Wales prior period seal route applies. | F10: =DecisionPoints | G10: =ReasonPoints | H10: =F10+G10
A11: NS-106 | B11: Escalate | C11: SEAL_REVIEW | D11: C-07 | E11: C-07: Seal missing is recorded; the applicable Scotland prior period seal route applies. | F11: =DecisionPoints | G11: =ReasonPoints | H11: =F11+G11
A12: NS-107 | B12: Escalate | C12: SEAL_REVIEW | D12: C-08 | E12: C-08: Seal mismatched is recorded; the applicable England & Wales current period seal route applies. | F12: =DecisionPoints | G12: =ReasonPoints | H12: =F12+G12
A13: NS-108 | B13: Escalate | C13: SEAL_REVIEW | D13: C-08 | E13: C-08: Seal broken is recorded; the applicable Scotland current period seal route applies. | F13: =DecisionPoints | G13: =ReasonPoints | H13: =F13+G13
A14: NS-109 | B14: Reject | C14: CONTRACT_EXCEPTION | D14: C-09 | E14: C-09: A non-functional casing dent within the stated range is recorded; the applicable England & Wales prior period dent route applies. | F14: =DecisionPoints | G14: =ReasonPoints | H14: =F14+G14
A15: NS-110 | B15: Escalate | C15: CONTRACT_EXCEPTION | D15: C-10 | E15: C-10: A non-functional casing dent within the stated range is recorded; the applicable Scotland prior period dent route applies. | F15: =DecisionPoints | G15: =ReasonPoints | H15: =F15+G15
A16: NS-111 | B16: Accept | C16: CONTRACT_EXCEPTION | D16: C-11 | E16: C-11: A non-functional casing dent within the stated range is recorded; the applicable England & Wales current period dent route applies. | F16: =DecisionPoints | G16: =ReasonPoints | H16: =F16+G16
A17: NS-112 | B17: Accept | C17: CONTRACT_EXCEPTION | D17: C-11 | E17: C-11: A non-functional casing dent within the stated range is recorded; the applicable Scotland current period dent route applies. | F17: =DecisionPoints | G17: =ReasonPoints | H17: =F17+G17
... A27: NS-122 | B27: Reject | C27: FUNCTION_FAIL | D27: C-02; C-16 | E27: C-02; C-16: A recorded diagnostic or normal-operation failure routes to rejection. C-16 resolves the recorded competing route(s). | F27: =DecisionPoints | G27: =ReasonPoints | H27: =F27+G27

Sheet Scoring Guide
A1: Scoring guide and controlled values
A2: Trainer-only reference. The named ranges below drive the case and import formulas.
A4: Scoring configuration | G4: Trainer interpretation
A5: Decision points | B5: 2 | C5: Independent credit for a correct trainee decision. | G5: Decision and reason score independently. A trainee can earn partial credit when one is correct and the other is not. Do not issue PASS or FAIL for an incomplete attempt: the case completion count and the four manual Training Record fields must be complete first.
A6: Reason points | B6: 1 | C6: Independent credit for a correct trainee reason code.
A7: Pass threshold | B7: 0.8 | C7: Complete attempt passes at or above this percentage.
A8: Completion status | B8: Complete | C8: Every case must have decision, reason, evidence, and trainee sign-off.
A9: Incomplete record | B9: Blank | C9: Training Record calculated fields remain blank until the manual record and all cases are complete.
A12: Controlled decisions | E12: Jurisdiction options | G12: Outcome codes
A13: 1 | B13: Accept | C13: Trainee Decision controlled value | E13: 1 | F13: England & Wales | G13: PASS | H13: Complete record and score at or above PassMark.
A14: 2 | B14: Escalate | C14: Trainee Decision controlled value | E14: 2 | F14: Scotland | G14: FAIL | H14: Complete record and score below PassMark.
A15: 3 | B15: Reject | C15: Trainee Decision controlled value | G15: Blank | H15: The workbook output for an incomplete record.
A18: Controlled reason codes
A19: 1 | B19: COSMETIC_ONLY | C19: Minor non-functional cosmetic wear only.
A20: 2 | B20: SEAL_REVIEW | C20: Tamper-seal observation requires the contract review route.
A21: 3 | B21: SEAL_FAIL | C21: Prior-period England & Wales tamper-seal rejection.
A22: 4 | B22: FUNCTION_FAIL | C22: Function, diagnostic, port, closure, or normal-operation failure.
A23: 5 | B23: MISSING_ESSENTIAL | C23: An essential item for the applicable matrix cell is absent.
A24: 6 | B24: IDENTITY_REVIEW | C24: Asset identity or lease-label mismatch requiring escalation.
A25: 7 | B25: SCREEN_DAMAGE | C25: An expressly cracked display.
A26: 8 | B26: CONTRACT_EXCEPTION | C26: A period-specific casing-dent or accessory exception.

Sheet Period Comparison
A1: Period and jurisdiction comparison
A2: Operational application of the Northgale Trust frozen snapshot dated 12 March 2026; prepared for Ravi Moravec's review recommendation.
A5: Jurisdiction | B5: Requirement | C5: Prior Period | D5: Current Period | E5: Material Change | F5: Operational Implication | G5: Recommendation
A6: England & Wales | B6: Tamper-seal break, missing, or mismatch | C6: Reject / SEAL_FAIL (C-06) | D6: Escalate / SEAL_REVIEW (C-08) | E6: Changed: rejection to escalation. | F6: Trainees must route current-period seal observations to review, not to automatic rejection. | G6: Keep a separate seal field and apply the date-specific route.
A7: Scotland | B7: Tamper-seal break, missing, or mismatch | C7: Escalate / SEAL_REVIEW (C-07) | D7: Escalate / SEAL_REVIEW (C-08) | E7: Unchanged: escalation and SEAL_REVIEW in both periods. | F7: Scotland remains a review route in both periods. | G7: Keep a separate seal field and apply the date-specific route.
A8: England & Wales | B8: Non-functional casing dent over 10 mm and up to 20 mm | C8: Reject / CONTRACT_EXCEPTION (C-09) | D8: Accept / CONTRACT_EXCEPTION (C-11) | E8: Changed: rejection to acceptance. | F8: Do not let a non-functional dent be mistaken for a seal issue or a function failure. | G8: Keep cosmetic observation separate and record functional impact independently.
A9: Scotland | B9: Non-functional casing dent over 10 mm and up to 20 mm | C9: Escalate / CONTRACT_EXCEPTION (C-10) | D9: Accept / CONTRACT_EXCEPTION (C-11) | E9: Changed: escalation to acceptance. | F9: The prior Scotland route differs from prior England & Wales even though the current route aligns. | G9: Keep cosmetic observation separate and record functional impact independently.
A10: England & Wales | B10: Northgale charging cradle missing | C10: Essential: Reject / MISSING_ESSENTIAL (C-04, C-14) | D10: Non-essential: Accept / CONTRACT_EXCEPTION (C-13) | E10: Changed: essential to non-essential. | F10: Check the matrix cell before calling a missing cradle an essential-item failure. | G10: Record accessory status independently from cosmetic and seal observations.
A11: Scotland | B11: Northgale charging cradle missing | C11: Essential: Reject / MISSING_ESSENTIAL (C-04, C-14) | D11: Essential: Reject / MISSING_ESSENTIAL (C-04, C-14) | E11: Unchanged essential status. | F11: Scotland still rejects a missing cradle in both periods. | G11: Record accessory status independently from cosmetic and seal observations.
A13: Operational recommendation for Ravi Moravec
A14: Retain separate fixed columns for cosmetic observation and tamper-seal observation, with independent trainee decisions and reason-code checks. The keyed cases show why: a current England & Wales broken seal now escalates while a non-functional casing dent can accept, and a cosmetic mark does not evidence a seal failure. Use the return date and jurisdiction to route the record through the frozen snapshot, then send ambiguous physical findings through the stated operational escalation route. This is an operational recommendation, not legal advice.

Sheet Training Record
A1: Northgale Trust training-record import output
A2: One completed trainee attempt per row. Fixed fields and calculated import outcomes are protected; enter only pale-yellow fields.
A3: Calculated import fields remain blank until every trainee case is Complete and all four manual record fields are entered.
A5: PROVIDER_CODE | B5: CLIENT_CODE | C5: COURSE_CODE | D5: COURSE_VERSION | E5: LEARNER_ID | F5: SESSION_DATE | G5: SUPERVISOR_ID | H5: JURISDICTION | I5: CASES_COMPLETED | J5: SCORE_PCT | K5: OUTCOME_CODE
A6: SLF001 | B6: NGT007 | C6: RET-RETURN-01 | D6: v2026.03 | I6: =IF(AND($E$6<>"",$F$6<>"",$G$6<>"",$H$6<>"",'Trainee Cases'!$B$3=COUNTA('Trainee Cases'!$A$6:$A$27)),'Trainee Cases'!$B$3,"") | J6: =IF(AND($E$6<>"",$F$6<>"",$G$6<>"",$H$6<>"",'Trainee Cases'!$B$3=COUNTA('Trainee Cases'!$A$6:$A$27)),'Trainee Cases'!$K$3,"") | K6: =IF(AND($E$6<>"",$F$6<>"",$G$6<>"",$H$6<>"",'Trainee Cases'!$B$3=COUNTA('Trainee Cases'!$A$6:$A$27)),IF('Trainee Cases'!$K$3>=PassMark,"PASS","FAIL"),"")
