Workbook
Name SiteList: 'ValidationLists'!$A$2:$A$4
Name DeskList: 'ValidationLists'!$B$2:$B$7
Name PolicyStatusList: 'ValidationLists'!$C$2:$C$4
Name AssignmentStatusList: 'ValidationLists'!$D$2:$D$4
Name BreakStatusList: 'ValidationLists'!$E$2:$E$4
Name TrainingStatusList: 'ValidationLists'!$F$2:$F$4
Name GapStatusList: 'ValidationLists'!$G$2:$G$3
Name IntervalList: 'ValidationLists'!$H$2:$H$4

Sheet Instructions
A1: Duncastle Intake Coverage Instrument
A2: Reusable blank instrument for a site lead to complete before a rota review.
A4: How to use this instrument
A5: 1. Use duncastle_intake_inputs.xlsx as the source of policy and input facts. Transfer only the facts relevant to this run.
A6: 2. Complete yellow entry cells on Inputs, then enter a candidate arrangement on Arrangement. Use the dropdowns for source-controlled terms.
A7: 3. Read factual check statuses on Checks and descriptive measures on Comparison. This instrument does not recommend a staffing decision.
A8: 4. Leave a value blank when it is not yet known, or use the red unavailable/not-supplied field to record the gap. Do not invent a figure.
A9: 5. The next site lead completes all operational cells for each new run; formulas remain protected and stay blank until enough information is entered.
A11: Field legend
A12: Yellow entry cell | B12: Enter or select a fact / candidate arrangement.
A13: Grey calculated cell | B13: Formula-derived; read only.
A14: Rose unavailable/not-supplied cell | B14: Record a source gap rather than an invented value.
A17: For Friday’s 3 p.m. rota meeting: print the completed run sheet after transferring the same field names and results.

Sheet Inputs
A1: Inputs — scenario facts and policy values
A2: Yellow fields are entered by the site lead from the supplied workbook; red is for a documented gap.
A4: Run details
A5: Review date
A6: Preparer
A7: Site
A8: Desk
A9: Desk operating window
A10: Expected volume
A11: Available clerk or cross-training information
A12: Policy status
A13: Unavailable/not supplied
... A23: Active scope to test
A24: Active site | B24: Active desk | C24: Scope source or assumption note

Sheet Arrangement
A1: Arrangement — candidate coverage entries
A2: Enter one record per clerk / desk coverage interval. Grey helper fields are derived and protected.
A4: Clerk | B4: Site | C4: Desk | D4: Coverage interval / shift | E4: Source or assumption note | F4: Break status | G4: Coverage / assignment status | H4: Cross-training status | I4: Coverage key (derived) | J4: Distinct active coverage flag (derived) | K4: Distinct cross-trained flag (derived)
I5: =IF(OR(A5="",B5="",C5="",D5=""),"",B5&" | "&C5&" | "&A5&" | "&D5) | J5: =IF(OR(A5="",B5="",F5="",G5=""),"",IF(AND(G5=Inputs!$B$19,F5=Inputs!$B$20),IF(COUNTIFS($B$5:B5,B5,$A$5:A5,A5,$F$5:F5,Inputs!$B$20,$G$5:G5,Inputs!$B$19)=1,1,0),0)) | K5: =IF(OR(A5="",B5="",C5="",F5="",G5="",H5=""),"",IF(AND(G5=Inputs!$B$19,F5=Inputs!$B$20,H5=Inputs!$B$21),IF(COUNTIFS($B$5:B5,B5,$C$5:C5,C5,$A$5:A5,A5,$F$5:F5,Inputs!$B$20,$G$5:G5,Inputs!$B$19,$H$5:H5,Inputs!$B$21)=1,1,0),0))
I6: =IF(OR(A6="",B6="",C6="",D6=""),"",B6&" | "&C6&" | "&A6&" | "&D6) | J6: =IF(OR(A6="",B6="",F6="",G6=""),"",IF(AND(G6=Inputs!$B$19,F6=Inputs!$B$20),IF(COUNTIFS($B$5:B6,B6,$A$5:A6,A6,$F$5:F6,Inputs!$B$20,$G$5:G6,Inputs!$B$19)=1,1,0),0)) | K6: =IF(OR(A6="",B6="",C6="",F6="",G6="",H6=""),"",IF(AND(G6=Inputs!$B$19,F6=Inputs!$B$20,H6=Inputs!$B$21),IF(COUNTIFS($B$5:B6,B6,$C$5:C6,C6,$A$5:A6,A6,$F$5:F6,Inputs!$B$20,$G$5:G6,Inputs!$B$19,$H$5:H6,Inputs!$B$21)=1,1,0),0))
I7: =IF(OR(A7="",B7="",C7="",D7=""),"",B7&" | "&C7&" | "&A7&" | "&D7) | J7: =IF(OR(A7="",B7="",F7="",G7=""),"",IF(AND(G7=Inputs!$B$19,F7=Inputs!$B$20),IF(COUNTIFS($B$5:B7,B7,$A$5:A7,A7,$F$5:F7,Inputs!$B$20,$G$5:G7,Inputs!$B$19)=1,1,0),0)) | K7: =IF(OR(A7="",B7="",C7="",F7="",G7="",H7=""),"",IF(AND(G7=Inputs!$B$19,F7=Inputs!$B$20,H7=Inputs!$B$21),IF(COUNTIFS($B$5:B7,B7,$C$5:C7,C7,$A$5:A7,A7,$F$5:F7,Inputs!$B$20,$G$5:G7,Inputs!$B$19,$H$5:H7,Inputs!$B$21)=1,1,0),0))
I8: =IF(OR(A8="",B8="",C8="",D8=""),"",B8&" | "&C8&" | "&A8&" | "&D8) | J8: =IF(OR(A8="",B8="",F8="",G8=""),"",IF(AND(G8=Inputs!$B$19,F8=Inputs!$B$20),IF(COUNTIFS($B$5:B8,B8,$A$5:A8,A8,$F$5:F8,Inputs!$B$20,$G$5:G8,Inputs!$B$19)=1,1,0),0)) | K8: =IF(OR(A8="",B8="",C8="",F8="",G8="",H8=""),"",IF(AND(G8=Inputs!$B$19,F8=Inputs!$B$20,H8=Inputs!$B$21),IF(COUNTIFS($B$5:B8,B8,$C$5:C8,C8,$A$5:A8,A8,$F$5:F8,Inputs!$B$20,$G$5:G8,Inputs!$B$19,$H$5:H8,Inputs!$B$21)=1,1,0),0))
I9: =IF(OR(A9="",B9="",C9="",D9=""),"",B9&" | "&C9&" | "&A9&" | "&D9) | J9: =IF(OR(A9="",B9="",F9="",G9=""),"",IF(AND(G9=Inputs!$B$19,F9=Inputs!$B$20),IF(COUNTIFS($B$5:B9,B9,$A$5:A9,A9,$F$5:F9,Inputs!$B$20,$G$5:G9,Inputs!$B$19)=1,1,0),0)) | K9: =IF(OR(A9="",B9="",C9="",F9="",G9="",H9=""),"",IF(AND(G9=Inputs!$B$19,F9=Inputs!$B$20,H9=Inputs!$B$21),IF(COUNTIFS($B$5:B9,B9,$C$5:C9,C9,$A$5:A9,A9,$F$5:F9,Inputs!$B$20,$G$5:G9,Inputs!$B$19,$H$5:H9,Inputs!$B$21)=1,1,0),0))
I10: =IF(OR(A10="",B10="",C10="",D10=""),"",B10&" | "&C10&" | "&A10&" | "&D10) | J10: =IF(OR(A10="",B10="",F10="",G10=""),"",IF(AND(G10=Inputs!$B$19,F10=Inputs!$B$20),IF(COUNTIFS($B$5:B10,B10,$A$5:A10,A10,$F$5:F10,Inputs!$B$20,$G$5:G10,Inputs!$B$19)=1,1,0),0)) | K10: =IF(OR(A10="",B10="",C10="",F10="",G10="",H10=""),"",IF(AND(G10=Inputs!$B$19,F10=Inputs!$B$20,H10=Inputs!$B$21),IF(COUNTIFS($B$5:B10,B10,$C$5:C10,C10,$A$5:A10,A10,$F$5:F10,Inputs!$B$20,$G$5:G10,Inputs!$B$19,$H$5:H10,Inputs!$B$21)=1,1,0),0))
I11: =IF(OR(A11="",B11="",C11="",D11=""),"",B11&" | "&C11&" | "&A11&" | "&D11) | J11: =IF(OR(A11="",B11="",F11="",G11=""),"",IF(AND(G11=Inputs!$B$19,F11=Inputs!$B$20),IF(COUNTIFS($B$5:B11,B11,$A$5:A11,A11,$F$5:F11,Inputs!$B$20,$G$5:G11,Inputs!$B$19)=1,1,0),0)) | K11: =IF(OR(A11="",B11="",C11="",F11="",G11="",H11=""),"",IF(AND(G11=Inputs!$B$19,F11=Inputs!$B$20,H11=Inputs!$B$21),IF(COUNTIFS($B$5:B11,B11,$C$5:C11,C11,$A$5:A11,A11,$F$5:F11,Inputs!$B$20,$G$5:G11,Inputs!$B$19,$H$5:H11,Inputs!$B$21)=1,1,0),0))
I12: =IF(OR(A12="",B12="",C12="",D12=""),"",B12&" | "&C12&" | "&A12&" | "&D12) | J12: =IF(OR(A12="",B12="",F12="",G12=""),"",IF(AND(G12=Inputs!$B$19,F12=Inputs!$B$20),IF(COUNTIFS($B$5:B12,B12,$A$5:A12,A12,$F$5:F12,Inputs!$B$20,$G$5:G12,Inputs!$B$19)=1,1,0),0)) | K12: =IF(OR(A12="",B12="",C12="",F12="",G12="",H12=""),"",IF(AND(G12=Inputs!$B$19,F12=Inputs!$B$20,H12=Inputs!$B$21),IF(COUNTIFS($B$5:B12,B12,$C$5:C12,C12,$A$5:A12,A12,$F$5:F12,Inputs!$B$20,$G$5:G12,Inputs!$B$19,$H$5:H12,Inputs!$B$21)=1,1,0),0))
I13: =IF(OR(A13="",B13="",C13="",D13=""),"",B13&" | "&C13&" | "&A13&" | "&D13) | J13: =IF(OR(A13="",B13="",F13="",G13=""),"",IF(AND(G13=Inputs!$B$19,F13=Inputs!$B$20),IF(COUNTIFS($B$5:B13,B13,$A$5:A13,A13,$F$5:F13,Inputs!$B$20,$G$5:G13,Inputs!$B$19)=1,1,0),0)) | K13: =IF(OR(A13="",B13="",C13="",F13="",G13="",H13=""),"",IF(AND(G13=Inputs!$B$19,F13=Inputs!$B$20,H13=Inputs!$B$21),IF(COUNTIFS($B$5:B13,B13,$C$5:C13,C13,$A$5:A13,A13,$F$5:F13,Inputs!$B$20,$G$5:G13,Inputs!$B$19,$H$5:H13,Inputs!$B$21)=1,1,0),0))
I14: =IF(OR(A14="",B14="",C14="",D14=""),"",B14&" | "&C14&" | "&A14&" | "&D14) | J14: =IF(OR(A14="",B14="",F14="",G14=""),"",IF(AND(G14=Inputs!$B$19,F14=Inputs!$B$20),IF(COUNTIFS($B$5:B14,B14,$A$5:A14,A14,$F$5:F14,Inputs!$B$20,$G$5:G14,Inputs!$B$19)=1,1,0),0)) | K14: =IF(OR(A14="",B14="",C14="",F14="",G14="",H14=""),"",IF(AND(G14=Inputs!$B$19,F14=Inputs!$B$20,H14=Inputs!$B$21),IF(COUNTIFS($B$5:B14,B14,$C$5:C14,C14,$A$5:A14,A14,$F$5:F14,Inputs!$B$20,$G$5:G14,Inputs!$B$19,$H$5:H14,Inputs!$B$21)=1,1,0),0))
I15: =IF(OR(A15="",B15="",C15="",D15=""),"",B15&" | "&C15&" | "&A15&" | "&D15) | J15: =IF(OR(A15="",B15="",F15="",G15=""),"",IF(AND(G15=Inputs!$B$19,F15=Inputs!$B$20),IF(COUNTIFS($B$5:B15,B15,$A$5:A15,A15,$F$5:F15,Inputs!$B$20,$G$5:G15,Inputs!$B$19)=1,1,0),0)) | K15: =IF(OR(A15="",B15="",C15="",F15="",G15="",H15=""),"",IF(AND(G15=Inputs!$B$19,F15=Inputs!$B$20,H15=Inputs!$B$21),IF(COUNTIFS($B$5:B15,B15,$C$5:C15,C15,$A$5:A15,A15,$F$5:F15,Inputs!$B$20,$G$5:G15,Inputs!$B$19,$H$5:H15,Inputs!$B$21)=1,1,0),0))
I16: =IF(OR(A16="",B16="",C16="",D16=""),"",B16&" | "&C16&" | "&A16&" | "&D16) | J16: =IF(OR(A16="",B16="",F16="",G16=""),"",IF(AND(G16=Inputs!$B$19,F16=Inputs!$B$20),IF(COUNTIFS($B$5:B16,B16,$A$5:A16,A16,$F$5:F16,Inputs!$B$20,$G$5:G16,Inputs!$B$19)=1,1,0),0)) | K16: =IF(OR(A16="",B16="",C16="",F16="",G16="",H16=""),"",IF(AND(G16=Inputs!$B$19,F16=Inputs!$B$20,H16=Inputs!$B$21),IF(COUNTIFS($B$5:B16,B16,$C$5:C16,C16,$A$5:A16,A16,$F$5:F16,Inputs!$B$20,$G$5:G16,Inputs!$B$19,$H$5:H16,Inputs!$B$21)=1,1,0),0))
... I24: =IF(OR(A24="",B24="",C24="",D24=""),"",B24&" | "&C24&" | "&A24&" | "&D24) | J24: =IF(OR(A24="",B24="",F24="",G24=""),"",IF(AND(G24=Inputs!$B$19,F24=Inputs!$B$20),IF(COUNTIFS($B$5:B24,B24,$A$5:A24,A24,$F$5:F24,Inputs!$B$20,$G$5:G24,Inputs!$B$19)=1,1,0),0)) | K24: =IF(OR(A24="",B24="",C24="",F24="",G24="",H24=""),"",IF(AND(G24=Inputs!$B$19,F24=Inputs!$B$20,H24=Inputs!$B$21),IF(COUNTIFS($B$5:B24,B24,$C$5:C24,C24,$A$5:A24,A24,$F$5:F24,Inputs!$B$20,$G$5:G24,Inputs!$B$19,$H$5:H24,Inputs!$B$21)=1,1,0),0))

Sheet Checks
A1: Checks — factual feasibility review
A2: Grey cells are formula-driven. A blank means no candidate arrangement has been entered yet.
A4: Hard-constraint check | B4: Formula-driven status | C4: What is being tested | D4: Failed-check detail
A5: Break compliance | B5: =IF(COUNTIFS(Arrangement!$G$5:$G$24,Inputs!$B$19)=0,"",IF(OR(Inputs!$B$19="",Inputs!$B$20=""),"Incomplete",IF(COUNTIFS(Arrangement!$G$5:$G$24,Inputs!$B$19,Arrangement!$F$5:$F$24,"")>0,"Incomplete",IF(COUNTIFS(Arrangement!$G$5:$G$24,Inputs!$B$19,Arrangement!$F$5:$F$24,"<>"&Inputs!$B$20)>0,"Infeasible","Feasible")))) | C5: Each covering record has the required break status. | D5: =IF(B5="","",IF(B5="Feasible","",IF(B5="Incomplete","Break status or policy value is missing","Covering entry has a non-required break status")))
A6: Non-alone coverage by active site | B6: =IF(COUNTA(Inputs!$A$25:$A$30)=0,"",IF(COUNTA(Arrangement!$A$5:$A$24)=0,"Incomplete",IF(OR(Inputs!$B$17="",Inputs!$B$19="",Inputs!$B$20=""),"Incomplete",IF(COUNTIF(B10:B15,"Incomplete")>0,"Incomplete",IF(COUNTIF(B10:B15,"Infeasible")>0,"Infeasible","Feasible"))))) | C6: Every active site reaches its entered distinct coverage requirement. | D6: =IF(B6="","",IF(B6="Feasible","",IF(B6="Incomplete","Active scope, arrangement or policy value is missing","At least one active site is below its distinct coverage requirement")))
A7: Cross-training compliance | B7: =IF(COUNTA(Inputs!$B$25:$B$30)=0,"",IF(COUNTA(Arrangement!$A$5:$A$24)=0,"Incomplete",IF(OR(Inputs!$B$18="",Inputs!$B$19="",Inputs!$B$20="",Inputs!$B$21=""),"Incomplete",IF(COUNTIF(B19:B24,"Incomplete")>0,"Incomplete",IF(COUNTIF(B19:B24,"Infeasible")>0,"Infeasible","Feasible"))))) | C7: Every active desk has the entered cross-trained coverage requirement. | D7: =IF(B7="","",IF(B7="Feasible","",IF(B7="Incomplete","Active scope, arrangement or policy value is missing","At least one active desk is below its cross-training requirement")))
A8: Overall feasibility | B8: =IF(COUNTA(B5:B7)=0,"",IF(COUNTIF(B5:B7,"Incomplete")>0,"Incomplete",IF(COUNTIF(B5:B7,"Infeasible")>0,"Infeasible","Feasible"))) | C8: Aggregates the three hard-constraint results. | D8: =IF(B8="","",IF(B8="Feasible","No failed hard-constraint check",IF(B8="Incomplete","Complete the listed missing inputs",TEXTJOIN("; ",TRUE,IF(B5="Infeasible","Break compliance",""),IF(B6="Infeasible","Non-alone coverage by active site",""),IF(B7="Infeasible","Cross-training compliance","")))) )
A10: Active-site detail (formula-driven)
A11: Active site | B11: Distinct active covering clerks | C11: Site coverage result | D11: Detail
A12: =Inputs!A25 | B12: =IF(A12="","",IF(OR(Inputs!$B$17="",COUNTA(Arrangement!$A$5:$A$24)=0),"",SUMIFS(Arrangement!$J$5:$J$24,Arrangement!$B$5:$B$24,A12))) | C12: =IF(A12="","",IF(OR(Inputs!$B$17="",Inputs!$B$19="",Inputs!$B$20="",COUNTA(Arrangement!$A$5:$A$24)=0),"Incomplete",IF(B12>=Inputs!$B$17,"Feasible","Infeasible"))) | D12: =IF(C12="","",IF(C12="Feasible","",IF(C12="Incomplete","Missing policy value or arrangement","Distinct active coverage is below the entered requirement")))
A13: =Inputs!A26 | B13: =IF(A13="","",IF(OR(Inputs!$B$17="",COUNTA(Arrangement!$A$5:$A$24)=0),"",SUMIFS(Arrangement!$J$5:$J$24,Arrangement!$B$5:$B$24,A13))) | C13: =IF(A13="","",IF(OR(Inputs!$B$17="",Inputs!$B$19="",Inputs!$B$20="",COUNTA(Arrangement!$A$5:$A$24)=0),"Incomplete",IF(B13>=Inputs!$B$17,"Feasible","Infeasible"))) | D13: =IF(C13="","",IF(C13="Feasible","",IF(C13="Incomplete","Missing policy value or arrangement","Distinct active coverage is below the entered requirement")))
A14: =Inputs!A27 | B14: =IF(A14="","",IF(OR(Inputs!$B$17="",COUNTA(Arrangement!$A$5:$A$24)=0),"",SUMIFS(Arrangement!$J$5:$J$24,Arrangement!$B$5:$B$24,A14))) | C14: =IF(A14="","",IF(OR(Inputs!$B$17="",Inputs!$B$19="",Inputs!$B$20="",COUNTA(Arrangement!$A$5:$A$24)=0),"Incomplete",IF(B14>=Inputs!$B$17,"Feasible","Infeasible"))) | D14: =IF(C14="","",IF(C14="Feasible","",IF(C14="Incomplete","Missing policy value or arrangement","Distinct active coverage is below the entered requirement")))
A15: =Inputs!A28 | B15: =IF(A15="","",IF(OR(Inputs!$B$17="",COUNTA(Arrangement!$A$5:$A$24)=0),"",SUMIFS(Arrangement!$J$5:$J$24,Arrangement!$B$5:$B$24,A15))) | C15: =IF(A15="","",IF(OR(Inputs!$B$17="",Inputs!$B$19="",Inputs!$B$20="",COUNTA(Arrangement!$A$5:$A$24)=0),"Incomplete",IF(B15>=Inputs!$B$17,"Feasible","Infeasible"))) | D15: =IF(C15="","",IF(C15="Feasible","",IF(C15="Incomplete","Missing policy value or arrangement","Distinct active coverage is below the entered requirement")))
A16: =Inputs!A29 | B16: =IF(A16="","",IF(OR(Inputs!$B$17="",COUNTA(Arrangement!$A$5:$A$24)=0),"",SUMIFS(Arrangement!$J$5:$J$24,Arrangement!$B$5:$B$24,A16))) | C16: =IF(A16="","",IF(OR(Inputs!$B$17="",Inputs!$B$19="",Inputs!$B$20="",COUNTA(Arrangement!$A$5:$A$24)=0),"Incomplete",IF(B16>=Inputs!$B$17,"Feasible","Infeasible"))) | D16: =IF(C16="","",IF(C16="Feasible","",IF(C16="Incomplete","Missing policy value or arrangement","Distinct active coverage is below the entered requirement")))
A17: =Inputs!A30 | B17: =IF(A17="","",IF(OR(Inputs!$B$17="",COUNTA(Arrangement!$A$5:$A$24)=0),"",SUMIFS(Arrangement!$J$5:$J$24,Arrangement!$B$5:$B$24,A17))) | C17: =IF(A17="","",IF(OR(Inputs!$B$17="",Inputs!$B$19="",Inputs!$B$20="",COUNTA(Arrangement!$A$5:$A$24)=0),"Incomplete",IF(B17>=Inputs!$B$17,"Feasible","Infeasible"))) | D17: =IF(C17="","",IF(C17="Feasible","",IF(C17="Incomplete","Missing policy value or arrangement","Distinct active coverage is below the entered requirement")))
A19: Active-desk cross-training detail (formula-driven)
A20: Active site | B20: Active desk | C20: Distinct cross-trained coverage | D20: Cross-training result
A21: =Inputs!A25 | B21: =Inputs!B25 | C21: =IF(OR(A21="",B21=""),"",IF(OR(Inputs!$B$18="",COUNTA(Arrangement!$A$5:$A$24)=0),"",SUMIFS(Arrangement!$K$5:$K$24,Arrangement!$B$5:$B$24,A21,Arrangement!$C$5:$C$24,B21))) | D21: =IF(OR(A21="",B21=""),"",IF(OR(Inputs!$B$18="",Inputs!$B$19="",Inputs!$B$20="",Inputs!$B$21="",COUNTA(Arrangement!$A$5:$A$24)=0),"Incomplete",IF(C21>=Inputs!$B$18,"Feasible","Infeasible")))
A22: =Inputs!A26 | B22: =Inputs!B26 | C22: =IF(OR(A22="",B22=""),"",IF(OR(Inputs!$B$18="",COUNTA(Arrangement!$A$5:$A$24)=0),"",SUMIFS(Arrangement!$K$5:$K$24,Arrangement!$B$5:$B$24,A22,Arrangement!$C$5:$C$24,B22))) | D22: =IF(OR(A22="",B22=""),"",IF(OR(Inputs!$B$18="",Inputs!$B$19="",Inputs!$B$20="",Inputs!$B$21="",COUNTA(Arrangement!$A$5:$A$24)=0),"Incomplete",IF(C22>=Inputs!$B$18,"Feasible","Infeasible")))
A23: =Inputs!A27 | B23: =Inputs!B27 | C23: =IF(OR(A23="",B23=""),"",IF(OR(Inputs!$B$18="",COUNTA(Arrangement!$A$5:$A$24)=0),"",SUMIFS(Arrangement!$K$5:$K$24,Arrangement!$B$5:$B$24,A23,Arrangement!$C$5:$C$24,B23))) | D23: =IF(OR(A23="",B23=""),"",IF(OR(Inputs!$B$18="",Inputs!$B$19="",Inputs!$B$20="",Inputs!$B$21="",COUNTA(Arrangement!$A$5:$A$24)=0),"Incomplete",IF(C23>=Inputs!$B$18,"Feasible","Infeasible")))
A24: =Inputs!A28 | B24: =Inputs!B28 | C24: =IF(OR(A24="",B24=""),"",IF(OR(Inputs!$B$18="",COUNTA(Arrangement!$A$5:$A$24)=0),"",SUMIFS(Arrangement!$K$5:$K$24,Arrangement!$B$5:$B$24,A24,Arrangement!$C$5:$C$24,B24))) | D24: =IF(OR(A24="",B24=""),"",IF(OR(Inputs!$B$18="",Inputs!$B$19="",Inputs!$B$20="",Inputs!$B$21="",COUNTA(Arrangement!$A$5:$A$24)=0),"Incomplete",IF(C24>=Inputs!$B$18,"Feasible","Infeasible")))
A25: =Inputs!A29 | B25: =Inputs!B29 | C25: =IF(OR(A25="",B25=""),"",IF(OR(Inputs!$B$18="",COUNTA(Arrangement!$A$5:$A$24)=0),"",SUMIFS(Arrangement!$K$5:$K$24,Arrangement!$B$5:$B$24,A25,Arrangement!$C$5:$C$24,B25))) | D25: =IF(OR(A25="",B25=""),"",IF(OR(Inputs!$B$18="",Inputs!$B$19="",Inputs!$B$20="",Inputs!$B$21="",COUNTA(Arrangement!$A$5:$A$24)=0),"Incomplete",IF(C25>=Inputs!$B$18,"Feasible","Infeasible")))
A26: =Inputs!A30 | B26: =Inputs!B30 | C26: =IF(OR(A26="",B26=""),"",IF(OR(Inputs!$B$18="",COUNTA(Arrangement!$A$5:$A$24)=0),"",SUMIFS(Arrangement!$K$5:$K$24,Arrangement!$B$5:$B$24,A26,Arrangement!$C$5:$C$24,B26))) | D26: =IF(OR(A26="",B26=""),"",IF(OR(Inputs!$B$18="",Inputs!$B$19="",Inputs!$B$20="",Inputs!$B$21="",COUNTA(Arrangement!$A$5:$A$24)=0),"Incomplete",IF(C26>=Inputs!$B$18,"Feasible","Infeasible")))

Sheet Comparison
A1: Comparison — descriptive measures
A2: All figures below are formula-driven except clearly marked baseline inputs on Inputs.
A4: Measure | B4: Candidate arrangement | C4: Baseline | D4: Candidate minus baseline
A5: Candidate feasibility reference | B5: =IF(Checks!B8="","",Checks!B8)
A6: Distinct active covering clerks | B6: =IF(COUNTA(Arrangement!$A$5:$A$24)=0,"",SUM(Arrangement!$J$5:$J$24))
A7: Abandoned-call exposure | B7: =IF(OR(Inputs!$B$10="",B6=""),"",IF(B6=0,"",Inputs!$B$10/B6)) | C7: =IF(Inputs!$B$15="","",Inputs!$B$15) | D7: =IF(OR(B7="",C7=""),"",B7-C7)
A8: Workload/coverage balance | B8: =IF(OR(Inputs!$B$10="",B6=""),"",IF(Inputs!$B$10=0,"",B6/Inputs!$B$10)) | C8: =IF(Inputs!$B$16="","",Inputs!$B$16) | D8: =IF(OR(B8="",C8=""),"",B8-C8)
A11: Reading note
A12: These measures describe the entered candidate arrangement against the transferred baseline. Blank cells signal missing or not-supplied inputs; no comparison is a staffing recommendation.

Sheet ValidationLists
A1: Site | B1: Desk | C1: PolicyStatus | D1: AssignmentStatus | E1: BreakStatus | F1: TrainingStatus | G1: GapStatus | H1: Interval
A2: Duncastle North | B2: North Intake A | C2: Active | D2: Covering | E2: On desk | F2: Cross-trained | G2: Not supplied | H2: Opening
A3: Duncastle Riverside | B3: North Intake B | C3: Limited | D3: Reserve | E3: On break | F3: Not cross-trained | G3: None stated | H3: Core
A4: Duncastle Heath | B4: Riverside Intake A | C4: Not supplied | D4: Unavailable | E4: Not supplied | F4: Not supplied | H4: Closing
B5: Riverside Intake B
B6: Heath Intake A
B7: Heath Intake B
