Workbook

Sheet Source Facts
A1: SOURCE FACTS
A2: Input | B2: Value | C2: Unit / period | D2: Trace
A3: Employees Y1 | B3: 180 | C3: employees | D3: headcount plan
A4: Employees Y2 | B4: 195 | C4: employees | D4: headcount plan
A5: Employees Y3 | B5: 210 | C5: employees | D5: headcount plan
A6: Baseline injury encounters | B6: 24 | C6: encounters/year | D6: incident log
A7: Baseline referrals | B7: 8 | C7: referrals/year | D7: referral log
A8: Baseline after-hours contacts | B8: 14 | C8: contacts/year | D8: after-hours log
A9: Night employees Y1 | B9: 20 | C9: employees | D9: staffing roster
A10: Night employees Y2 | B10: 35 | C10: employees | D10: expansion plan
A11: Night employees Y3 | B11: 50 | C11: employees | D11: expansion plan
A12: NP capacity | B12: 1560 | C12: onsite hours/NP/year | D12: Kestrel policy
A13: NP loaded cost | B13: 58 | C13: USD/onsite hour | D13: pricing policy
A14: Fixed fee rate | B14: 1200 | C14: USD/employee/year | D14: pricing policy

Sheet Assumptions
A1: SCENARIO ASSUMPTIONS
A2: Assumption | B2: Value | C2: Unit / period | D2: Rationale
A3: Demand growth | B3: 0.15 | C3: % per year | D3: Planning scenario applied to baseline demand
A4: Onsite day/evening hours | B4: 2600 | C4: hours/year | D4: 50 scheduled hours/week x 52
A5: Onsite night hours when activated | B5: 2080 | C5: hours/year | D5: 40 scheduled hours/week x 52
A6: Telehealth hours Y1/Y2 | B6: 16 | C6: hours/week | D6: Separate after-hours service
A7: Telehealth hours Y3 | B7: 24 | C7: hours/week | D7: Contingent remote support expansion
A8: Review trigger | B8: 12 | C8: night injuries/quarter | D8: Two consecutive quarters reopens schedule/fee
A9: Rounding rule | B9: 1 | C9: whole encounter | D9: No double-counting referrals

Sheet Projection
A1: THREE-YEAR COVERAGE PROJECTION
A2: Metric | B2: Year 1 | C2: Year 2 | D2: Year 3 | E2: Unit | F2: Formula / source
A3: Employee basis | B3: ='Source Facts'!B3 | C3: ='Source Facts'!B4 | D3: ='Source Facts'!B5 | E3: employees | F3: Source Facts
A4: Night employees | B4: ='Source Facts'!B9 | C4: ='Source Facts'!B10 | D4: ='Source Facts'!B11 | E4: employees | F4: Source Facts
A5: Projected injury encounters | B5: =ROUND('Source Facts'!B6,0) | C5: =ROUND(B5*(1+'Assumptions'!B3),0) | D5: =ROUND(C5*(1+'Assumptions'!B3),0) | E5: encounters/year | F5: Baseline x (1 + growth)
A6: Projected referrals | B6: =ROUND('Source Facts'!B7,0) | C6: =ROUND(B6*(1+'Assumptions'!B3),0) | D6: =ROUND(C6*(1+'Assumptions'!B3),0) | E6: referrals/year | F6: Baseline x (1 + growth)
A7: Onsite day/evening hours | B7: ='Assumptions'!B4 | C7: ='Assumptions'!B4 | D7: ='Assumptions'!B4 | E7: hours/year | F7: 50 h/week x 52
A8: Onsite night hours | B8: 0 | C8: ='Assumptions'!B5 | D8: ='Assumptions'!B5 | E8: hours/year | F8: 40 h/week x 52 when activated
A9: Total onsite NP hours | B9: =B7+B8 | C9: =C7+C8 | D9: =D7+D8 | E9: hours/year | F9: day/evening + night
A10: NPs required | B10: =ROUNDUP(B9/'Source Facts'!B12,0) | C10: =ROUNDUP(C9/'Source Facts'!B12,0) | D10: =ROUNDUP(D9/'Source Facts'!B12,0) | E10: clinicians | F10: hours / 1,560 capacity
A11: Annual fee | B11: =B3*'Source Facts'!B14 | C11: =C3*'Source Facts'!B14 | D11: =D3*'Source Facts'!B14 | E11: USD/year | F11: employees x $1,200
A12: Annual staffing cost | B12: =B9*'Source Facts'!B13 | C12: =C9*'Source Facts'!B13 | D12: =D9*'Source Facts'!B13 | E12: USD/year | F12: onsite hours x $58
A13: Fee less staffing cost | B13: =B11-B12 | C13: =C11-C12 | D13: =D11-D12 | E13: USD/year | F13: fee - staffing cost
A14: Telehealth availability | B14: ='Assumptions'!B6 | C14: ='Assumptions'!B6 | D14: ='Assumptions'!B7 | E14: hours/week | F14: separate, non-onsite service
