Workbook

Sheet Instructions
A1: KESTREL VEHICLE RENTAL | AIRPORT BRANCH
A3: Next-week return-line staffing instrument
A4: Authorized change | B4: Add dedicated damage-inspection position to return line
A5: Effective Monday date | B5: 46258
A6: Prepared for | B6: Rowan Mbeki (senior operations approver) | Ingrid Sallow
A7: Use | B7: Edit only Assigned clerk, Status, or Reason code when a change is authorized. Formulas remain live.
A8: Coverage definitions | B8: Position covered = status Planned or Standby. Shift active-clerk count = distinct named clerks on at least one active position.
A9: Material-change rule | B9: Flag when absolute change is at least 10% or at least 2 shifts; explanation is source-based.
A10: Later completion | B10: Post-week actuals and manager sign-off are TO COMPLETE. Blank entry cells are intentionally empty; not uncovered assignments.
A11: Legend | B11: Planned = committed (blue) | Standby = backup (amber) | Released = not covered (gray) | Uncovered = red | Material change = orange

Sheet Staffing Plan
A1: STAFFING PLAN — dispatch desk working view
A2: Shift ID | B2: Date | C2: Shift | D2: Position | E2: Assigned clerk | F2: Status | G2: Reason code | H2: Rationale | I2: Position coverage | J2: Post-week actual (TO COMPLETE)
A3: RL-01 | B3: 46258 | C3: AM Peak | D3: Return desk | E3: Renata Toledano | F3: Planned | G3: Continuity coverage | H3: Renata's airport-process and handoff knowledge keeps the return desk continuous. | I3: =IF(OR(F3="Planned",F3="Standby"),1,0) -> 1
A4: RL-01 | B4: 46258 | C4: AM Peak | D4: Vehicle check-in | E4: Eamon Kavanagh | F4: Planned | G4: Peak throughput | H4: Eamon's demonstrated speed and reliability protect vehicle check-in throughput during return waves. | I4: =IF(OR(F4="Planned",F4="Standby"),1,0) -> 1
A5: RL-01 | B5: 46258 | C5: AM Peak | D5: Key/fuel reconciliation | E5: Odile Blackwood | F5: Planned | G5: Inspection accuracy | H5: Odile's checklist accuracy reduces key/fuel reconciliation errors. | I5: =IF(OR(F5="Planned",F5="Standby"),1,0) -> 1
A6: RL-01 | B6: 46258 | C6: AM Peak | D6: Damage inspection | E6: Mahdi Ingram | F6: Planned | G6: Damage advocacy | H6: Mahdi's observed ability to defend damage charges and document evidence covers this high-risk return window. | I6: =IF(OR(F6="Planned",F6="Standby"),1,0) -> 1
A7: RL-02 | B7: 46258 | C7: PM | D7: Return desk | E7: Grigor Coutinho | F7: Planned | G7: Coaching opportunity | H7: Grigor's steady desk work is a supported coaching opportunity for stronger damage-document handoffs. | I7: =IF(OR(F7="Planned",F7="Standby"),1,0) -> 1
A8: RL-02 | B8: 46258 | C8: PM | D8: Vehicle check-in | E8: Eamon Kavanagh | F8: Planned | G8: Peak throughput | H8: Eamon's demonstrated speed and reliability protect vehicle check-in throughput during return waves. | I8: =IF(OR(F8="Planned",F8="Standby"),1,0) -> 1
A9: RL-02 | B9: 46258 | C9: PM | D9: Key/fuel reconciliation | E9: Grigor Coutinho | F9: Planned | G9: Coaching opportunity | H9: Grigor's steady reconciliation work gives him coached continuity with documentation support. | I9: =IF(OR(F9="Planned",F9="Standby"),1,0) -> 1
A10: RL-02 | B10: 46258 | C10: PM | D10: Damage inspection | E10: Mahdi Ingram | F10: Planned | G10: Damage advocacy | H10: Mahdi's observed ability to defend damage charges and document evidence covers this high-risk return window. | I10: =IF(OR(F10="Planned",F10="Standby"),1,0) -> 1
A11: RL-03 | B11: 46259 | C11: AM | D11: Return desk | E11: Renata Toledano | F11: Planned | G11: Continuity coverage | H11: Renata's airport-process and handoff knowledge keeps the return desk continuous. | I11: =IF(OR(F11="Planned",F11="Standby"),1,0) -> 1
A12: RL-03 | B12: 46259 | C12: AM | D12: Vehicle check-in | E12: Renata Toledano | F12: Planned | G12: Continuity coverage | H12: Renata's cross-process knowledge supports a clean check-in handoff while she develops speed. | I12: =IF(OR(F12="Planned",F12="Standby"),1,0) -> 1
A13: RL-03 | B13: 46259 | C13: AM | D13: Key/fuel reconciliation | E13: Eamon Kavanagh | F13: Planned | G13: Peak throughput | H13: Eamon's peak-wave reliability keeps key/fuel reconciliation moving. | I13: =IF(OR(F13="Planned",F13="Standby"),1,0) -> 1
A14: RL-03 | B14: 46259 | C14: AM | D14: Damage inspection | E14: Odile Blackwood | F14: Planned | G14: Inspection accuracy | H14: Odile's high inspection accuracy and checklist discipline provide reliable damage evidence while she builds conversation confidence. | I14: =IF(OR(F14="Planned",F14="Standby"),1,0) -> 1
... A34: RL-08 | B34: 46264 | C34: PM | D34: Damage inspection | E34: Odile Blackwood | F34: Planned | G34: Inspection accuracy | H34: Odile's high inspection accuracy and checklist discipline provide reliable damage evidence while she builds conversation confidence. | I34: =IF(OR(F34="Planned",F34="Standby"),1,0) -> 1

Sheet Comparison
A1: COMPARISON — prior period vs next week
A2: Position | B2: Prior period | C2: Next week | D2: Change | E2: Percent change | F2: Material-change flag | G2: Operational explanation
A3: Return desk | B3: 6 | C3: =COUNTIFS('Staffing Plan'!$D$3:$D$34,A3,'Staffing Plan'!$F$3:$F$34,"Planned")+COUNTIFS('Staffing Plan'!$D$3:$D$34,A3,'Staffing Plan'!$F$3:$F$34,"Standby") -> 8 | D3: =C3-B3 -> 2 | E3: =IFERROR(D3/B3,IF(C3>0,1,0)) -> 0.33333333 | F3: =IF(OR(ABS(E3)>=10%,ABS(D3)>=2),"MATERIAL","Routine") -> MATERIAL | G3: Baseline desk coverage retained across eight shifts.
A4: Vehicle check-in | B4: 6 | C4: =COUNTIFS('Staffing Plan'!$D$3:$D$34,A4,'Staffing Plan'!$F$3:$F$34,"Planned")+COUNTIFS('Staffing Plan'!$D$3:$D$34,A4,'Staffing Plan'!$F$3:$F$34,"Standby") -> 8 | D4: =C4-B4 -> 2 | E4: =IFERROR(D4/B4,IF(C4>0,1,0)) -> 0.33333333 | F4: =IF(OR(ABS(E4)>=10%,ABS(D4)>=2),"MATERIAL","Routine") -> MATERIAL | G4: One additional active shift supports peak-return throughput.
A5: Key/fuel reconciliation | B5: 6 | C5: =COUNTIFS('Staffing Plan'!$D$3:$D$34,A5,'Staffing Plan'!$F$3:$F$34,"Planned")+COUNTIFS('Staffing Plan'!$D$3:$D$34,A5,'Staffing Plan'!$F$3:$F$34,"Standby") -> 8 | D5: =C5-B5 -> 2 | E5: =IFERROR(D5/B5,IF(C5>0,1,0)) -> 0.33333333 | F5: =IF(OR(ABS(E5)>=10%,ABS(D5)>=2),"MATERIAL","Routine") -> MATERIAL | G5: Demand remains at prior-period level with continuity rotation.
A6: Damage inspection | B6: 0 | C6: =COUNTIFS('Staffing Plan'!$D$3:$D$34,A6,'Staffing Plan'!$F$3:$F$34,"Planned")+COUNTIFS('Staffing Plan'!$D$3:$D$34,A6,'Staffing Plan'!$F$3:$F$34,"Standby") -> 8 | D6: =C6-B6 -> 8 | E6: =IFERROR(D6/B6,IF(C6>0,1,0)) -> 1 | F6: =IF(OR(ABS(E6)>=10%,ABS(D6)>=2),"MATERIAL","Routine") -> MATERIAL | G6: New dedicated position every shift from Monday, authorized after airport chargeback.
A9: Shift coverage summary
A10: Shift ID | B10: Date | C10: Shift | D10: Required positions | E10: Covered positions | F10: Distinct active clerks | G10: Shift coverage status
A11: RL-01 | B11: 46258 | C11: AM Peak | D11: =COUNTIF('Staffing Plan'!$A$3:$A$34,A11) -> 4 | E11: =SUMIF('Staffing Plan'!$A$3:$A$34,A11,'Staffing Plan'!$I$3:$I$34) -> 4 | F11: =SUMPRODUCT(--((COUNTIFS('Staffing Plan'!$A$3:$A$34,A11,'Staffing Plan'!$E$3:$E$34,Lists!$C$2:$C$6,'Staffing Plan'!$F$3:$F$34,"Planned")+COUNTIFS('Staffing Plan'!$A$3:$A$34,A11,'Staffing Plan'!$E$3:$E$34,Lists!$C$2:$C$6,'Staffing Plan'!$F$3:$F$34,"Standby"))>0)) -> 4 | G11: =IF(E11=D11,"Covered","Uncovered") -> Covered
A12: RL-02 | B12: 46258 | C12: PM | D12: =COUNTIF('Staffing Plan'!$A$3:$A$34,A12) -> 4 | E12: =SUMIF('Staffing Plan'!$A$3:$A$34,A12,'Staffing Plan'!$I$3:$I$34) -> 4 | F12: =SUMPRODUCT(--((COUNTIFS('Staffing Plan'!$A$3:$A$34,A12,'Staffing Plan'!$E$3:$E$34,Lists!$C$2:$C$6,'Staffing Plan'!$F$3:$F$34,"Planned")+COUNTIFS('Staffing Plan'!$A$3:$A$34,A12,'Staffing Plan'!$E$3:$E$34,Lists!$C$2:$C$6,'Staffing Plan'!$F$3:$F$34,"Standby"))>0)) -> 3 | G12: =IF(E12=D12,"Covered","Uncovered") -> Covered
A13: RL-03 | B13: 46259 | C13: AM | D13: =COUNTIF('Staffing Plan'!$A$3:$A$34,A13) -> 4 | E13: =SUMIF('Staffing Plan'!$A$3:$A$34,A13,'Staffing Plan'!$I$3:$I$34) -> 4 | F13: =SUMPRODUCT(--((COUNTIFS('Staffing Plan'!$A$3:$A$34,A13,'Staffing Plan'!$E$3:$E$34,Lists!$C$2:$C$6,'Staffing Plan'!$F$3:$F$34,"Planned")+COUNTIFS('Staffing Plan'!$A$3:$A$34,A13,'Staffing Plan'!$E$3:$E$34,Lists!$C$2:$C$6,'Staffing Plan'!$F$3:$F$34,"Standby"))>0)) -> 3 | G13: =IF(E13=D13,"Covered","Uncovered") -> Covered
A14: RL-04 | B14: 46260 | C14: PM Peak | D14: =COUNTIF('Staffing Plan'!$A$3:$A$34,A14) -> 4 | E14: =SUMIF('Staffing Plan'!$A$3:$A$34,A14,'Staffing Plan'!$I$3:$I$34) -> 4 | F14: =SUMPRODUCT(--((COUNTIFS('Staffing Plan'!$A$3:$A$34,A14,'Staffing Plan'!$E$3:$E$34,Lists!$C$2:$C$6,'Staffing Plan'!$F$3:$F$34,"Planned")+COUNTIFS('Staffing Plan'!$A$3:$A$34,A14,'Staffing Plan'!$E$3:$E$34,Lists!$C$2:$C$6,'Staffing Plan'!$F$3:$F$34,"Standby"))>0)) -> 4 | G14: =IF(E14=D14,"Covered","Uncovered") -> Covered
A15: RL-05 | B15: 46261 | C15: AM | D15: =COUNTIF('Staffing Plan'!$A$3:$A$34,A15) -> 4 | E15: =SUMIF('Staffing Plan'!$A$3:$A$34,A15,'Staffing Plan'!$I$3:$I$34) -> 4 | F15: =SUMPRODUCT(--((COUNTIFS('Staffing Plan'!$A$3:$A$34,A15,'Staffing Plan'!$E$3:$E$34,Lists!$C$2:$C$6,'Staffing Plan'!$F$3:$F$34,"Planned")+COUNTIFS('Staffing Plan'!$A$3:$A$34,A15,'Staffing Plan'!$E$3:$E$34,Lists!$C$2:$C$6,'Staffing Plan'!$F$3:$F$34,"Standby"))>0)) -> 3 | G15: =IF(E15=D15,"Covered","Uncovered") -> Covered
A16: RL-06 | B16: 46262 | C16: PM Peak | D16: =COUNTIF('Staffing Plan'!$A$3:$A$34,A16) -> 4 | E16: =SUMIF('Staffing Plan'!$A$3:$A$34,A16,'Staffing Plan'!$I$3:$I$34) -> 4 | F16: =SUMPRODUCT(--((COUNTIFS('Staffing Plan'!$A$3:$A$34,A16,'Staffing Plan'!$E$3:$E$34,Lists!$C$2:$C$6,'Staffing Plan'!$F$3:$F$34,"Planned")+COUNTIFS('Staffing Plan'!$A$3:$A$34,A16,'Staffing Plan'!$E$3:$E$34,Lists!$C$2:$C$6,'Staffing Plan'!$F$3:$F$34,"Standby"))>0)) -> 3 | G16: =IF(E16=D16,"Covered","Uncovered") -> Covered
A17: RL-07 | B17: 46263 | C17: AM Peak | D17: =COUNTIF('Staffing Plan'!$A$3:$A$34,A17) -> 4 | E17: =SUMIF('Staffing Plan'!$A$3:$A$34,A17,'Staffing Plan'!$I$3:$I$34) -> 4 | F17: =SUMPRODUCT(--((COUNTIFS('Staffing Plan'!$A$3:$A$34,A17,'Staffing Plan'!$E$3:$E$34,Lists!$C$2:$C$6,'Staffing Plan'!$F$3:$F$34,"Planned")+COUNTIFS('Staffing Plan'!$A$3:$A$34,A17,'Staffing Plan'!$E$3:$E$34,Lists!$C$2:$C$6,'Staffing Plan'!$F$3:$F$34,"Standby"))>0)) -> 4 | G17: =IF(E17=D17,"Covered","Uncovered") -> Covered
A18: RL-08 | B18: 46264 | C18: PM | D18: =COUNTIF('Staffing Plan'!$A$3:$A$34,A18) -> 4 | E18: =SUMIF('Staffing Plan'!$A$3:$A$34,A18,'Staffing Plan'!$I$3:$I$34) -> 4 | F18: =SUMPRODUCT(--((COUNTIFS('Staffing Plan'!$A$3:$A$34,A18,'Staffing Plan'!$E$3:$E$34,Lists!$C$2:$C$6,'Staffing Plan'!$F$3:$F$34,"Planned")+COUNTIFS('Staffing Plan'!$A$3:$A$34,A18,'Staffing Plan'!$E$3:$E$34,Lists!$C$2:$C$6,'Staffing Plan'!$F$3:$F$34,"Standby"))>0)) -> 3 | G18: =IF(E18=D18,"Covered","Uncovered") -> Covered
A21: Weekly active assignments by clerk
A22: Clerk | B22: Active assignments (Planned + Standby) | C22: Post-week actual (TO COMPLETE)
A23: Mahdi Ingram | B23: =COUNTIFS('Staffing Plan'!$E$3:$E$34,A23,'Staffing Plan'!$F$3:$F$34,"Planned")+COUNTIFS('Staffing Plan'!$E$3:$E$34,A23,'Staffing Plan'!$F$3:$F$34,"Standby") -> 5
A24: Odile Blackwood | B24: =COUNTIFS('Staffing Plan'!$E$3:$E$34,A24,'Staffing Plan'!$F$3:$F$34,"Planned")+COUNTIFS('Staffing Plan'!$E$3:$E$34,A24,'Staffing Plan'!$F$3:$F$34,"Standby") -> 6
A25: Eamon Kavanagh | B25: =COUNTIFS('Staffing Plan'!$E$3:$E$34,A25,'Staffing Plan'!$F$3:$F$34,"Planned")+COUNTIFS('Staffing Plan'!$E$3:$E$34,A25,'Staffing Plan'!$F$3:$F$34,"Standby") -> 9
A26: Grigor Coutinho | B26: =COUNTIFS('Staffing Plan'!$E$3:$E$34,A26,'Staffing Plan'!$F$3:$F$34,"Planned")+COUNTIFS('Staffing Plan'!$E$3:$E$34,A26,'Staffing Plan'!$F$3:$F$34,"Standby") -> 6
A27: Renata Toledano | B27: =COUNTIFS('Staffing Plan'!$E$3:$E$34,A27,'Staffing Plan'!$F$3:$F$34,"Planned")+COUNTIFS('Staffing Plan'!$E$3:$E$34,A27,'Staffing Plan'!$F$3:$F$34,"Standby") -> 6
A30: Manager sign-off name (TO COMPLETE)
A31: Manager sign-off date (TO COMPLETE)

Sheet Lists
A1: Approved status | B1: Approved reason code | C1: Clerk roster
A2: Planned | B2: Damage advocacy | C2: Mahdi Ingram
A3: Standby | B3: Inspection accuracy | C3: Odile Blackwood
A4: Released | B4: Peak throughput | C4: Eamon Kavanagh
B5: Coaching opportunity | C5: Grigor Coutinho
B6: Continuity coverage | C6: Renata Toledano
