Workbook

Sheet Instructions
A1: Saltmarch Seafood | Credit Exposure Model
A3: Purpose
A4: Operational line-level model for Controller Corinne Ashby to review Glassmere Health Network exposure before quarter close.
A6: How to use | B6: Review Source Evidence first, then Exposure Model. Blue cells are source-linked inputs; green cells are formulas; yellow cells are controlled treatments. Period View allocates exposure using the supplied 4-5-4 calendar. Executive Summary is the decision view.
A7: Extend / refresh | B7: When another source line is added, append it to Source Evidence and add a corresponding row in Exposure Model using the same formulas and controlled Treatment dropdown; extend the Excel table and Period View SUMPRODUCT ranges. Do not overwrite source values.
A8: Treatment legend | B8: Late = late-delivery remedy; Short = shortage remedy; Temperature = failed temperature remedy; Salvage = salvage-offset treatment; Excluded = evidence outside credit scope; No Credit = qualifying condition not met. Yellow status cells are selections; red fill flags zero/no-credit outcomes.
A9: Traceability | B9: Each model row retains Order Line ID, Claim Case, Lot ID, source row IDs, and clause IDs. The Answer Key contains the keyed rationale and compact review guide; use it to check treatment, quantity, rate, exposure, non-stacking, salvage, and period logic.
A10: Controller completion | B10: The reserve decision and sign-off cells on Executive Summary are intentionally blank. The adjacent label “Controller completion required” and shaded border indicate where Corinne must enter the final decision later; blank cells contain no placeholder or formula.
A11: Formula conventions | B11: Derived eligible quantity, rate, exposure, period allocation, and summary values are formula-driven. Dates and quantities come only from the supplied bundle; no external links, macros, or internet assumptions are used.

Sheet Source Evidence
A1: Source Evidence | supplied saltmarch_credit_source.xlsx
A2: Faithful transcription of the source bundle; values below are evidence, not model outputs.
A4: Order Line ID | B4: Claim Case | C4: Lot ID | D4: Customer | E4: Authority | F4: Promised Delivery | G4: Actual Delivery | H4: Contracted Qty | I4: Qty Shipped | J4: Gross Affected Qty | K4: Short Qty | L4: Salvage Qty | M4: Unit Value | N4: Invoice Value | O4: Order Source Row ID | P4: Temp Evidence ID | Q4: Temp Result | R4: Observed Temp | S4: Temp Threshold | T4: Salvage ID | U4: Salvage Note | V4: P4 Start | W4: P4 End | X4: P5 Start | Y4: P5 End | Z4: P6 Start | AA4: P6 End | AB4: Clause ID | AC4: Clause Topic | AD4: Clause Text
A5: OL-1001 | B5: LM-01 | C5: LT-01 | D5: Glassmere Health Network | E5: Flintridge Authority | F5: 46227 | G5: 46231 | H5: 100 | I5: 100 | J5: 100 | K5: 0 | L5: 0 | M5: 12 | N5: 1200 | O5: ORD-ROW-01 | P5: TEMP-01 | Q5: Pass | R5: 2.8 C | S5: <=4.0 C | T5: SALV-01 | U5: No resale recorded | V5: 46202 | W5: 46229 | X5: 46230 | Y5: 46257 | Z5: 46258 | AA5: 46285 | AB5: C-LATE | AC5: Late delivery | AD5: If actual delivery is after promised delivery, credit 20% of invoice unit value for the affected quantity.
A6: OL-1002 | B6: LM-02 | C6: LT-02 | D6: Glassmere Health Network | E6: Flintridge Authority | F6: 46229 | G6: 46230 | H6: 120 | I6: 105 | J6: 105 | K6: 15 | L6: 0 | M6: 15 | N6: 1575 | O6: ORD-ROW-02 | P6: TEMP-02 | Q6: Pass | R6: 3.1 C | S6: <=4.0 C | T6: SALV-02 | U6: No resale recorded | V6: 46202 | W6: 46229 | X6: 46230 | Y6: 46257 | Z6: 46258 | AA6: 46285 | AB6: C-SHORT | AC6: Short shipment | AD6: Short quantity is credited at 100% of unit value. Where late and short occur in the same claim case, use the short-shipment remedy only; do not stack credits.
A7: OL-1003 | B7: LM-03 | C7: LT-03 | D7: Glassmere Health Network | E7: Flintridge Authority | F7: 46239 | G7: 46240 | H7: 80 | I7: 80 | J7: 80 | K7: 0 | L7: 10 | M7: 20 | N7: 1600 | O7: ORD-ROW-03 | P7: TEMP-03 | Q7: Fail | R7: 7.2 C | S7: <=4.0 C | T7: SALV-03 | U7: Resold through secondary channel | V7: 46202 | W7: 46229 | X7: 46230 | Y7: 46257 | Z7: 46258 | AA7: 46285 | AB7: C-TEMP | AC7: Temperature excursion | AD7: A failed temperature result above the 4.0 C threshold permits 50% of unit value for the affected quantity that was not salvaged.
A8: OL-1004 | B8: LM-04 | C8: LT-04 | D8: Glassmere Health Network | E8: Flintridge Authority | F8: 46248 | G8: 46248 | H8: 60 | I8: 40 | J8: 40 | K8: 20 | L8: 8 | M8: 18 | N8: 720 | O8: ORD-ROW-04 | P8: TEMP-04 | Q8: Pass | R8: 3.6 C | S8: <=4.0 C | T8: SALV-04 | U8: Resold through secondary channel | V8: 46202 | W8: 46229 | X8: 46230 | Y8: 46257 | Z8: 46258 | AA8: 46285 | AB8: C-SALVAGE | AC8: Salvage offset | AD8: Quantity resold at salvage is deducted from affected quantity before any credit; the same quantity cannot receive a second credit.
A9: OL-1005 | B9: LM-05 | C9: LT-05 | D9: Glassmere Health Network | E9: Flintridge Authority | F9: 46267 | G9: 46267 | H9: 30 | I9: 30 | J9: 30 | K9: 0 | L9: 0 | M9: 10 | N9: 300 | O9: ORD-ROW-05 | P9: TEMP-05 | Q9: Pass | R9: 3.4 C | S9: <=4.0 C | T9: SALV-05 | U9: No resale recorded | V9: 46202 | W9: 46229 | X9: 46230 | Y9: 46257 | Z9: 46258 | AA9: 46285 | AB9: C-EXCL | AC9: No defect / excluded | AD9: No credit applies where delivery and temperature evidence pass and no shortage or other qualifying defect is recorded.
A12: Complete contract clause register (faithful source transcription)
A13: Clause ID | B13: Topic | C13: Clause Text
A14: C-LATE | B14: Late delivery | C14: If actual delivery is after promised delivery, credit 20% of invoice unit value for the affected quantity.
A15: C-SHORT | B15: Short shipment | C15: Short quantity is credited at 100% of unit value. Where late and short occur in the same claim case, use the short-shipment remedy only; do not stack credits.
A16: C-TEMP | B16: Temperature excursion | C16: A failed temperature result above the 4.0 C threshold permits 50% of unit value for the affected quantity that was not salvaged.
A17: C-SALVAGE | B17: Salvage offset | C17: Quantity resold at salvage is deducted from affected quantity before any credit; the same quantity cannot receive a second credit.
A18: C-EXCL | B18: No defect / excluded | C18: No credit applies where delivery and temperature evidence pass and no shortage or other qualifying defect is recorded.
A19: C-PERIOD | B19: Period assignment | C19: Use the supplied 4-5-4 calendar. For a claim interval crossing a boundary, allocate exposure by calendar days in each period.
A20: C-NONSTACK | B20: Non-stacking | C20: One credit remedy per claim case; select the most specific permitted remedy supported by evidence.

Sheet Exposure Model
A1: Exposure Model | formula-driven line calculation
A2: Yellow = controlled treatment input | Blue = source-linked evidence | Green = calculated fields
A4: Order Line ID | B4: Claim Case | C4: Lot ID | D4: Actual Start | E4: Actual End | F4: Gross Affected Qty | G4: Short Qty | H4: Salvage Qty | I4: Eligible Credited Qty | J4: Treatment | K4: Applicable Rate | L4: Unit Value | M4: Monetary Basis | N4: Credit Exposure | O4: Period Assignment | P4: Order Source Row ID | Q4: Temp Evidence ID | R4: Salvage ID | S4: Clause ID | T4: Rationale / trace
A5: OL-1001 | B5: LM-01 | C5: LT-01 | D5: ='Source Evidence'!F5 -> 46227 | E5: ='Source Evidence'!G5 -> 46231 | F5: ='Source Evidence'!J5 -> 100 | G5: ='Source Evidence'!K5 -> 0 | H5: ='Source Evidence'!L5 -> 0 | I5: =IF(OR(J5="Excluded",J5="No Credit"),0,IF(J5="Short",G5,MAX(0,IF(G5>0,G5,F5)-IF(OR(J5="Salvage",J5="Temperature"),H5,0)))) -> 100 | J5: Late | K5: =IF(J5="Late",20%,IF(J5="Short",100%,IF(J5="Temperature",50%,IF(J5="Salvage",100%,0%)))) -> 0.2 | L5: ='Source Evidence'!M5 -> 12 | M5: =L5 -> 12 | N5: =ROUND(I5*K5*M5,2) -> 240 | O5: =IF(AND(D5<='Source Evidence'!W5,E5>='Source Evidence'!V5),"P4/P5 boundary",IF(D5<='Source Evidence'!W5,"P4",IF(D5<='Source Evidence'!Y5,"P5",IF(D5<='Source Evidence'!AA5,"P6","Outside")))) -> P4/P5 boundary | P5: ='Source Evidence'!O5 -> ORD-ROW-01 | Q5: ='Source Evidence'!P5 -> TEMP-01 | R5: ='Source Evidence'!T5 -> SALV-01 | S5: ='Source Evidence'!AB5 -> C-LATE | T5: =IF(J5="Short","C-SHORT + C-NONSTACK: short remedy selected; late credit not stacked",IF(J5="Temperature","C-TEMP + C-SALVAGE: failed temperature, salvage deducted",IF(J5="Salvage","C-SALVAGE: salvaged quantity excluded from credit",IF(J5="Late","C-LATE: late delivery remedy","C-EXCL: no qualifying defect")))) -> C-LATE: late delivery remedy
A6: OL-1002 | B6: LM-02 | C6: LT-02 | D6: ='Source Evidence'!F6 -> 46229 | E6: ='Source Evidence'!G6 -> 46230 | F6: ='Source Evidence'!J6 -> 105 | G6: ='Source Evidence'!K6 -> 15 | H6: ='Source Evidence'!L6 -> 0 | I6: =IF(OR(J6="Excluded",J6="No Credit"),0,IF(J6="Short",G6,MAX(0,IF(G6>0,G6,F6)-IF(OR(J6="Salvage",J6="Temperature"),H6,0)))) -> 15 | J6: Short | K6: =IF(J6="Late",20%,IF(J6="Short",100%,IF(J6="Temperature",50%,IF(J6="Salvage",100%,0%)))) -> 1 | L6: ='Source Evidence'!M6 -> 15 | M6: =L6 -> 15 | N6: =ROUND(I6*K6*M6,2) -> 225 | O6: =IF(AND(D6<='Source Evidence'!W6,E6>='Source Evidence'!V6),"P4/P5 boundary",IF(D6<='Source Evidence'!W6,"P4",IF(D6<='Source Evidence'!Y6,"P5",IF(D6<='Source Evidence'!AA6,"P6","Outside")))) -> P4/P5 boundary | P6: ='Source Evidence'!O6 -> ORD-ROW-02 | Q6: ='Source Evidence'!P6 -> TEMP-02 | R6: ='Source Evidence'!T6 -> SALV-02 | S6: ='Source Evidence'!AB6 -> C-SHORT | T6: =IF(J6="Short","C-SHORT + C-NONSTACK: short remedy selected; late credit not stacked",IF(J6="Temperature","C-TEMP + C-SALVAGE: failed temperature, salvage deducted",IF(J6="Salvage","C-SALVAGE: salvaged quantity excluded from credit",IF(J6="Late","C-LATE: late delivery remedy","C-EXCL: no qualifying defect")))) -> C-SHORT + C-NONSTACK: short remedy selected; late credit not stacked
A7: OL-1003 | B7: LM-03 | C7: LT-03 | D7: ='Source Evidence'!F7 -> 46239 | E7: ='Source Evidence'!G7 -> 46240 | F7: ='Source Evidence'!J7 -> 80 | G7: ='Source Evidence'!K7 -> 0 | H7: ='Source Evidence'!L7 -> 10 | I7: =IF(OR(J7="Excluded",J7="No Credit"),0,IF(J7="Short",G7,MAX(0,IF(G7>0,G7,F7)-IF(OR(J7="Salvage",J7="Temperature"),H7,0)))) -> 70 | J7: Temperature | K7: =IF(J7="Late",20%,IF(J7="Short",100%,IF(J7="Temperature",50%,IF(J7="Salvage",100%,0%)))) -> 0.5 | L7: ='Source Evidence'!M7 -> 20 | M7: =L7 -> 20 | N7: =ROUND(I7*K7*M7,2) -> 700 | O7: =IF(AND(D7<='Source Evidence'!W7,E7>='Source Evidence'!V7),"P4/P5 boundary",IF(D7<='Source Evidence'!W7,"P4",IF(D7<='Source Evidence'!Y7,"P5",IF(D7<='Source Evidence'!AA7,"P6","Outside")))) -> P5 | P7: ='Source Evidence'!O7 -> ORD-ROW-03 | Q7: ='Source Evidence'!P7 -> TEMP-03 | R7: ='Source Evidence'!T7 -> SALV-03 | S7: ='Source Evidence'!AB7 -> C-TEMP | T7: =IF(J7="Short","C-SHORT + C-NONSTACK: short remedy selected; late credit not stacked",IF(J7="Temperature","C-TEMP + C-SALVAGE: failed temperature, salvage deducted",IF(J7="Salvage","C-SALVAGE: salvaged quantity excluded from credit",IF(J7="Late","C-LATE: late delivery remedy","C-EXCL: no qualifying defect")))) -> C-TEMP + C-SALVAGE: failed temperature, salvage deducted
A8: OL-1004 | B8: LM-04 | C8: LT-04 | D8: ='Source Evidence'!F8 -> 46248 | E8: ='Source Evidence'!G8 -> 46248 | F8: ='Source Evidence'!J8 -> 40 | G8: ='Source Evidence'!K8 -> 20 | H8: ='Source Evidence'!L8 -> 8 | I8: =IF(OR(J8="Excluded",J8="No Credit"),0,IF(J8="Short",G8,MAX(0,IF(G8>0,G8,F8)-IF(OR(J8="Salvage",J8="Temperature"),H8,0)))) -> 12 | J8: Salvage | K8: =IF(J8="Late",20%,IF(J8="Short",100%,IF(J8="Temperature",50%,IF(J8="Salvage",100%,0%)))) -> 1 | L8: ='Source Evidence'!M8 -> 18 | M8: =L8 -> 18 | N8: =ROUND(I8*K8*M8,2) -> 216 | O8: =IF(AND(D8<='Source Evidence'!W8,E8>='Source Evidence'!V8),"P4/P5 boundary",IF(D8<='Source Evidence'!W8,"P4",IF(D8<='Source Evidence'!Y8,"P5",IF(D8<='Source Evidence'!AA8,"P6","Outside")))) -> P5 | P8: ='Source Evidence'!O8 -> ORD-ROW-04 | Q8: ='Source Evidence'!P8 -> TEMP-04 | R8: ='Source Evidence'!T8 -> SALV-04 | S8: ='Source Evidence'!AB8 -> C-SALVAGE | T8: =IF(J8="Short","C-SHORT + C-NONSTACK: short remedy selected; late credit not stacked",IF(J8="Temperature","C-TEMP + C-SALVAGE: failed temperature, salvage deducted",IF(J8="Salvage","C-SALVAGE: salvaged quantity excluded from credit",IF(J8="Late","C-LATE: late delivery remedy","C-EXCL: no qualifying defect")))) -> C-SALVAGE: salvaged quantity excluded from credit
A9: OL-1005 | B9: LM-05 | C9: LT-05 | D9: ='Source Evidence'!F9 -> 46267 | E9: ='Source Evidence'!G9 -> 46267 | F9: ='Source Evidence'!J9 -> 30 | G9: ='Source Evidence'!K9 -> 0 | H9: ='Source Evidence'!L9 -> 0 | I9: =IF(OR(J9="Excluded",J9="No Credit"),0,IF(J9="Short",G9,MAX(0,IF(G9>0,G9,F9)-IF(OR(J9="Salvage",J9="Temperature"),H9,0)))) -> 0 | J9: No Credit | K9: =IF(J9="Late",20%,IF(J9="Short",100%,IF(J9="Temperature",50%,IF(J9="Salvage",100%,0%)))) -> 0 | L9: ='Source Evidence'!M9 -> 10 | M9: =L9 -> 10 | N9: =ROUND(I9*K9*M9,2) -> 0 | O9: =IF(AND(D9<='Source Evidence'!W9,E9>='Source Evidence'!V9),"P4/P5 boundary",IF(D9<='Source Evidence'!W9,"P4",IF(D9<='Source Evidence'!Y9,"P5",IF(D9<='Source Evidence'!AA9,"P6","Outside")))) -> P6 | P9: ='Source Evidence'!O9 -> ORD-ROW-05 | Q9: ='Source Evidence'!P9 -> TEMP-05 | R9: ='Source Evidence'!T9 -> SALV-05 | S9: ='Source Evidence'!AB9 -> C-EXCL | T9: =IF(J9="Short","C-SHORT + C-NONSTACK: short remedy selected; late credit not stacked",IF(J9="Temperature","C-TEMP + C-SALVAGE: failed temperature, salvage deducted",IF(J9="Salvage","C-SALVAGE: salvaged quantity excluded from credit",IF(J9="Late","C-LATE: late delivery remedy","C-EXCL: no qualifying defect")))) -> C-EXCL: no qualifying defect
A10: Model total | F10: =SUM(F5:F9) -> 355 | H10: =SUM(H5:H9) -> 18 | I10: =SUM(I5:I9) -> 197 | M10: =SUM(M5:M9) -> 75 | N10: =SUM(N5:N9) -> 1381
I11: =IF(A11="","",IF(OR(J11="Excluded",J11="No Credit"),0,IF(J11="Short",G11,MAX(0,IF(G11>0,G11,F11)-IF(OR(J11="Salvage",J11="Temperature"),H11,0))))) | K11: =IF(J11="Late",20%,IF(J11="Short",100%,IF(J11="Temperature",50%,IF(J11="Salvage",100%,0%)))) -> 0 | M11: =IF(A11="","",L11) | N11: =IF(A11="","",ROUND(I11*K11*M11,2)) | O11: =IF(A11="","","Review calendar")
I12: =IF(A12="","",IF(OR(J12="Excluded",J12="No Credit"),0,IF(J12="Short",G12,MAX(0,IF(G12>0,G12,F12)-IF(OR(J12="Salvage",J12="Temperature"),H12,0))))) | K12: =IF(J12="Late",20%,IF(J12="Short",100%,IF(J12="Temperature",50%,IF(J12="Salvage",100%,0%)))) -> 0 | M12: =IF(A12="","",L12) | N12: =IF(A12="","",ROUND(I12*K12*M12,2)) | O12: =IF(A12="","","Review calendar")
I13: =IF(A13="","",IF(OR(J13="Excluded",J13="No Credit"),0,IF(J13="Short",G13,MAX(0,IF(G13>0,G13,F13)-IF(OR(J13="Salvage",J13="Temperature"),H13,0))))) | K13: =IF(J13="Late",20%,IF(J13="Short",100%,IF(J13="Temperature",50%,IF(J13="Salvage",100%,0%)))) -> 0 | M13: =IF(A13="","",L13) | N13: =IF(A13="","",ROUND(I13*K13*M13,2)) | O13: =IF(A13="","","Review calendar")
I14: =IF(A14="","",IF(OR(J14="Excluded",J14="No Credit"),0,IF(J14="Short",G14,MAX(0,IF(G14>0,G14,F14)-IF(OR(J14="Salvage",J14="Temperature"),H14,0))))) | K14: =IF(J14="Late",20%,IF(J14="Short",100%,IF(J14="Temperature",50%,IF(J14="Salvage",100%,0%)))) -> 0 | M14: =IF(A14="","",L14) | N14: =IF(A14="","",ROUND(I14*K14*M14,2)) | O14: =IF(A14="","","Review calendar")
I15: =IF(A15="","",IF(OR(J15="Excluded",J15="No Credit"),0,IF(J15="Short",G15,MAX(0,IF(G15>0,G15,F15)-IF(OR(J15="Salvage",J15="Temperature"),H15,0))))) | K15: =IF(J15="Late",20%,IF(J15="Short",100%,IF(J15="Temperature",50%,IF(J15="Salvage",100%,0%)))) -> 0 | M15: =IF(A15="","",L15) | N15: =IF(A15="","",ROUND(I15*K15*M15,2)) | O15: =IF(A15="","","Review calendar")

Sheet Period View
A1: Period View | supplied 4-5-4 allocation
A2: Boundary line OL-1002 runs 26-Jul to 27-Jul and is allocated 1 calendar day to P4 and 1 calendar day to P5.
A4: Period Label | B4: Start Date | C4: End Date | D4: Days in Period | E4: Eligible Qty | F4: Exposure | G4: Boundary Allocation Note | H4: Source Calendar Ref
A5: P4 | B5: 46202 | C5: 46229 | D5: =C5-B5+1 -> 28 | E5: =SUMPRODUCT(('Exposure Model'!$D$5:$D$9<=C5)*('Exposure Model'!$E$5:$E$9>=B5)*'Exposure Model'!$I$5:$I$9*(((('Exposure Model'!$E$5:$E$9<C5)*'Exposure Model'!$E$5:$E$9+('Exposure Model'!$E$5:$E$9>=C5)*C5)-(('Exposure Model'!$D$5:$D$9>B5)*'Exposure Model'!$D$5:$D$9+('Exposure Model'!$D$5:$D$9<=B5)*B5)+1)/('Exposure Model'!$E$5:$E$9-'Exposure Model'!$D$5:$D$9+1))) -> 67.5 | F5: =SUMPRODUCT(('Exposure Model'!$D$5:$D$9<=C5)*('Exposure Model'!$E$5:$E$9>=B5)*'Exposure Model'!$N$5:$N$9*(((('Exposure Model'!$E$5:$E$9<C5)*'Exposure Model'!$E$5:$E$9+('Exposure Model'!$E$5:$E$9>=C5)*C5)-(('Exposure Model'!$D$5:$D$9>B5)*'Exposure Model'!$D$5:$D$9+('Exposure Model'!$D$5:$D$9<=B5)*B5)+1)/('Exposure Model'!$E$5:$E$9-'Exposure Model'!$D$5:$D$9+1))) -> 256.5 | G5: OL-1002 split 1 day P4 / 1 day P5 | H5: 4-5-4 Calendar!4
A6: P5 | B6: 46230 | C6: 46257 | D6: =C6-B6+1 -> 28 | E6: =SUMPRODUCT(('Exposure Model'!$D$5:$D$9<=C6)*('Exposure Model'!$E$5:$E$9>=B6)*'Exposure Model'!$I$5:$I$9*(((('Exposure Model'!$E$5:$E$9<C6)*'Exposure Model'!$E$5:$E$9+('Exposure Model'!$E$5:$E$9>=C6)*C6)-(('Exposure Model'!$D$5:$D$9>B6)*'Exposure Model'!$D$5:$D$9+('Exposure Model'!$D$5:$D$9<=B6)*B6)+1)/('Exposure Model'!$E$5:$E$9-'Exposure Model'!$D$5:$D$9+1))) -> 129.5 | F6: =SUMPRODUCT(('Exposure Model'!$D$5:$D$9<=C6)*('Exposure Model'!$E$5:$E$9>=B6)*'Exposure Model'!$N$5:$N$9*(((('Exposure Model'!$E$5:$E$9<C6)*'Exposure Model'!$E$5:$E$9+('Exposure Model'!$E$5:$E$9>=C6)*C6)-(('Exposure Model'!$D$5:$D$9>B6)*'Exposure Model'!$D$5:$D$9+('Exposure Model'!$D$5:$D$9<=B6)*B6)+1)/('Exposure Model'!$E$5:$E$9-'Exposure Model'!$D$5:$D$9+1))) -> 1124.5 | G6: OL-1002 split 1 day P4 / 1 day P5 | H6: 4-5-4 Calendar!5
A7: P6 | B7: 46258 | C7: 46285 | D7: =C7-B7+1 -> 28 | E7: =SUMPRODUCT(('Exposure Model'!$D$5:$D$9<=C7)*('Exposure Model'!$E$5:$E$9>=B7)*'Exposure Model'!$I$5:$I$9*(((('Exposure Model'!$E$5:$E$9<C7)*'Exposure Model'!$E$5:$E$9+('Exposure Model'!$E$5:$E$9>=C7)*C7)-(('Exposure Model'!$D$5:$D$9>B7)*'Exposure Model'!$D$5:$D$9+('Exposure Model'!$D$5:$D$9<=B7)*B7)+1)/('Exposure Model'!$E$5:$E$9-'Exposure Model'!$D$5:$D$9+1))) -> 0 | F7: =SUMPRODUCT(('Exposure Model'!$D$5:$D$9<=C7)*('Exposure Model'!$E$5:$E$9>=B7)*'Exposure Model'!$N$5:$N$9*(((('Exposure Model'!$E$5:$E$9<C7)*'Exposure Model'!$E$5:$E$9+('Exposure Model'!$E$5:$E$9>=C7)*C7)-(('Exposure Model'!$D$5:$D$9>B7)*'Exposure Model'!$D$5:$D$9+('Exposure Model'!$D$5:$D$9<=B7)*B7)+1)/('Exposure Model'!$E$5:$E$9-'Exposure Model'!$D$5:$D$9+1))) -> 0 | H7: 4-5-4 Calendar!6
A8: Total | E8: =SUM(E5:E7) -> 197 | F8: =SUM(F5:F7) -> 1381

Sheet Executive Summary
A1: Executive Summary | Glassmere Health Network
A3: Decision scope | B3: Traceable reserve view for disputed seafood lots supplied under the Flintridge Authority arrangement.
A5: Total eligible credited quantity | B5: ='Exposure Model'!I10 -> 197
A6: Total credit exposure | B6: ='Exposure Model'!N10 -> 1381
A7: Period View check | B7: ='Period View'!F8 -> 1381
A8: Boundary line | B8: OL-1002
A9: Boundary handling | B9: 1 day in P4 and 1 day in P5; no stacked late credit
A10: Salvage handling | B10: SALV-03 and SALV-04 quantities deducted before credit
A13: Controller completion required | D13: Leave B14:B15 blank until review
A14: Final reserve decision (enter amount)
A15: Controller sign-off / date
A18: Review notes
A19: Exposure is calculated from line evidence and source clauses. Late and short conditions on OL-1002 use the specific short remedy only; salvage is visible and excluded from eligible quantity; the period check should agree to the model total.

Sheet Answer Key
A1: Answer Key | keyed rationale and reviewer scoring guide
A2: Use this tab to review whether each model row follows the supplied evidence and clause logic.
A4: Order Line ID | B4: Lot ID | C4: Expected Treatment | D4: Expected Eligible Qty | E4: Expected Rate | F4: Expected Exposure | G4: Clause IDs | H4: Keyed rationale
A5: OL-1001 | B5: LT-01 | C5: Late | D5: 100 | E5: 0.2 | F5: 240 | G5: C-LATE | H5: Actual delivery is after promise; apply late remedy only.
A6: OL-1002 | B6: LT-02 | C6: Short | D6: 15 | E6: 1 | F6: 225 | G6: C-SHORT; C-NONSTACK | H6: Late and short overlap; select short remedy and do not stack.
A7: OL-1003 | B7: LT-03 | C7: Temperature | D7: 70 | E7: 0.5 | F7: 700 | G7: C-TEMP; C-SALVAGE | H7: Temperature failed; deduct 10 salvaged units before 50% credit.
A8: OL-1004 | B8: LT-04 | C8: Salvage | D8: 12 | E8: 1 | F8: 216 | G8: C-SALVAGE | H8: 20 affected shortage units less 8 salvaged units; credit remaining 12.
A9: OL-1005 | B9: LT-05 | C9: No Credit | D9: 0 | E9: 0 | F9: 0 | G9: C-EXCL | H9: Delivery and temperature pass; no qualifying credit condition.
A12: Reviewer scoring guide
A13: • 1 point per line: identifier and source row traceable.
A14: • 1 point per line: treatment matches evidence and Answer Key.
A15: • 1 point per line: eligible quantity reconciles affected, shortage, and salvage.
A16: • 1 point per line: rate and exposure formulas use cited clause and unit value.
A17: • 2 points: overlap case uses non-stacking short remedy.
A18: • 2 points: period totals reconcile to model and boundary split is visible.
A19: • 2 points: controller completion cells remain blank and clearly marked.
