Workbook
Name SharedSectorTable: 'Inputs'!$A$10:$F$20
Name Controlled_Sectors: 'Inputs'!$H$2:$H$12
Name Quarter_End_Date: 'Inputs'!$B$4
Name Fund_Name: 'Inputs'!$B$5
Name Portfolio_Return: 'Inputs'!$B$6
Name Benchmark_Return: 'Inputs'!$B$7

Sheet Guide
A1: Ashcombe Provisions | Quarterly factsheet production guide
A3: Purpose | B3: Prepare the current-quarter bilingual factsheet for branch print distribution. Complete Inputs first; English and Français are printable output pages.
A5: Legend | B5: Editable input | C5: Calculated / linked display
A7: Entry areas | B7: Enter the quarter-end date, fund name, returns and sector figures only in the yellow cells on Inputs. Green cells are formulas or linked displays and should not be overwritten.
A9: Sector selector | B9: Use the dropdown in each Sector row. It contains only the controlled choices carried from the previous edition; do not type a new classification.
A11: Expanded coverage | B11: The prior edition displayed six sectors. This production grid reserves nine rows. Use only supplied current-quarter sectors from the controlled list; leave unsupported or unused rows blank and do not infer classifications.
A13: Warnings | B13: Red warnings identify missing required entries, weights outside 0%–100%, and completed portfolio or benchmark weights that do not total 100%. Resolve them before release.
A15: Commentary | B15: Write approved English and French commentary in the bordered yellow areas on their respective pages. Do not state a figure or conclusion that is not supported by the entered data and approved review.
A17: Pre-release checklist | B17: □ Required inputs complete □ Portfolio and benchmark totals reviewed □ English/French numeric agreement confirmed □ Commentary supported and approved □ Print preview confirms both pages fit and table borders are visible
A19: Bilingual linkage | B19: Both language pages link to the same Inputs values. If a display looks different, use the review warning and check the shared input rather than editing either page.

Sheet Inputs
A1: Ashcombe Provisions | Current-quarter shared inputs | H1: Controlled sector list
H2: Communication Services
H3: Consumer Discretionary
A4: Quarter-end date | D4: Review status | H4: Consumer Staples
A5: Fund name | D5: Required entries | E5: =IF(COUNTA(B4:B7)=4,"Complete","Incomplete") | H5: Energy
A6: Portfolio Return | D6: Portfolio weights | E6: =IF(COUNT(B11:B19)<9,"Pending",IF(ABS(B20-1)<0.0001,"OK","Check total")) | H6: Financials
A7: Benchmark Return | D7: Benchmark weights | E7: =IF(COUNT(C11:C19)<9,"Pending",IF(ABS(C20-1)<0.0001,"OK","Check total")) | H7: Health Care
A8: Active Return | B8: =IF(OR(B6="",B7=""),"",B6-B7) | D8: Language linkage | E8: =IF(AND(English!D6=Français!D6,English!D7=Français!D7,English!D8=Français!D8),"Linked","Check pages") | H8: Industrials
A9: Approval / status | H9: Information Technology
A10: Sector | B10: Portfolio Weight | C10: Benchmark Weight | D10: Portfolio Contribution | E10: Benchmark Contribution | F10: Active Contribution | H10: Materials
F11: =IF(OR(D11="",E11=""),"",D11-E11) | H11: Real Estate
F12: =IF(OR(D12="",E12=""),"",D12-E12) | H12: Utilities
F13: =IF(OR(D13="",E13=""),"",D13-E13)
F14: =IF(OR(D14="",E14=""),"",D14-E14)
F15: =IF(OR(D15="",E15=""),"",D15-E15)
F16: =IF(OR(D16="",E16=""),"",D16-E16)
F17: =IF(OR(D17="",E17=""),"",D17-E17)
F18: =IF(OR(D18="",E18=""),"",D18-E18)
F19: =IF(OR(D19="",E19=""),"",D19-E19)
A20: Total | B20: =IF(COUNT(B11:B19)=0,"",SUM(B11:B19)) | C20: =IF(COUNT(C11:C19)=0,"",SUM(C11:C19)) | D20: =IF(COUNT(D11:D19)=0,"",SUM(D11:D19)) | E20: =IF(COUNT(E11:E19)=0,"",SUM(E11:E19)) | F20: =IF(COUNT(F11:F19)=0,"",SUM(F11:F19))

Sheet English
A1: Ashcombe Provisions | Global Credit Strategy
A2: Quarter ended / Trimestre terminé
A3: =IF(Inputs!$B$4="","",Inputs!$B$4)
A5: Portfolio Performance
A6: Portfolio Return | D6: =IF(Inputs!$B$6="","",Inputs!$B$6)
A7: Benchmark Return | D7: =IF(Inputs!$B$7="","",Inputs!$B$7)
A8: Active Return | D8: =IF(Inputs!$B$8="","",Inputs!$B$8)
A10: Sector Attribution
A11: Sector | B11: Portfolio Weight | C11: Benchmark Weight | D11: Portfolio Contribution | E11: Benchmark Contribution | F11: Active Contribution
A12: =IF(Inputs!$A$11="","",Inputs!$A$11) | B12: =IF(Inputs!$B$11="","",Inputs!$B$11) | C12: =IF(Inputs!$C$11="","",Inputs!$C$11) | D12: =IF(Inputs!$D$11="","",Inputs!$D$11) | E12: =IF(Inputs!$E$11="","",Inputs!$E$11) | F12: =IF(Inputs!$F$11="","",Inputs!$F$11)
A13: =IF(Inputs!$A$12="","",Inputs!$A$12) | B13: =IF(Inputs!$B$12="","",Inputs!$B$12) | C13: =IF(Inputs!$C$12="","",Inputs!$C$12) | D13: =IF(Inputs!$D$12="","",Inputs!$D$12) | E13: =IF(Inputs!$E$12="","",Inputs!$E$12) | F13: =IF(Inputs!$F$12="","",Inputs!$F$12)
A14: =IF(Inputs!$A$13="","",Inputs!$A$13) | B14: =IF(Inputs!$B$13="","",Inputs!$B$13) | C14: =IF(Inputs!$C$13="","",Inputs!$C$13) | D14: =IF(Inputs!$D$13="","",Inputs!$D$13) | E14: =IF(Inputs!$E$13="","",Inputs!$E$13) | F14: =IF(Inputs!$F$13="","",Inputs!$F$13)
A15: =IF(Inputs!$A$14="","",Inputs!$A$14) | B15: =IF(Inputs!$B$14="","",Inputs!$B$14) | C15: =IF(Inputs!$C$14="","",Inputs!$C$14) | D15: =IF(Inputs!$D$14="","",Inputs!$D$14) | E15: =IF(Inputs!$E$14="","",Inputs!$E$14) | F15: =IF(Inputs!$F$14="","",Inputs!$F$14)
A16: =IF(Inputs!$A$15="","",Inputs!$A$15) | B16: =IF(Inputs!$B$15="","",Inputs!$B$15) | C16: =IF(Inputs!$C$15="","",Inputs!$C$15) | D16: =IF(Inputs!$D$15="","",Inputs!$D$15) | E16: =IF(Inputs!$E$15="","",Inputs!$E$15) | F16: =IF(Inputs!$F$15="","",Inputs!$F$15)
A17: =IF(Inputs!$A$16="","",Inputs!$A$16) | B17: =IF(Inputs!$B$16="","",Inputs!$B$16) | C17: =IF(Inputs!$C$16="","",Inputs!$C$16) | D17: =IF(Inputs!$D$16="","",Inputs!$D$16) | E17: =IF(Inputs!$E$16="","",Inputs!$E$16) | F17: =IF(Inputs!$F$16="","",Inputs!$F$16)
A18: =IF(Inputs!$A$17="","",Inputs!$A$17) | B18: =IF(Inputs!$B$17="","",Inputs!$B$17) | C18: =IF(Inputs!$C$17="","",Inputs!$C$17) | D18: =IF(Inputs!$D$17="","",Inputs!$D$17) | E18: =IF(Inputs!$E$17="","",Inputs!$E$17) | F18: =IF(Inputs!$F$17="","",Inputs!$F$17)
A19: =IF(Inputs!$A$18="","",Inputs!$A$18) | B19: =IF(Inputs!$B$18="","",Inputs!$B$18) | C19: =IF(Inputs!$C$18="","",Inputs!$C$18) | D19: =IF(Inputs!$D$18="","",Inputs!$D$18) | E19: =IF(Inputs!$E$18="","",Inputs!$E$18) | F19: =IF(Inputs!$F$18="","",Inputs!$F$18)
A20: =IF(Inputs!$A$19="","",Inputs!$A$19) | B20: =IF(Inputs!$B$19="","",Inputs!$B$19) | C20: =IF(Inputs!$C$19="","",Inputs!$C$19) | D20: =IF(Inputs!$D$19="","",Inputs!$D$19) | E20: =IF(Inputs!$E$19="","",Inputs!$E$19) | F20: =IF(Inputs!$F$19="","",Inputs!$F$19)
A21: Total | B21: =IF(COUNT(B12:B20)=0,"",SUM(B12:B20)) | C21: =IF(COUNT(C12:C20)=0,"",SUM(C12:C20)) | D21: =IF(COUNT(D12:D20)=0,"",SUM(D12:D20)) | E21: =IF(COUNT(E12:E20)=0,"",SUM(E12:E20)) | F21: =IF(COUNT(F12:F20)=0,"",SUM(F12:F20))
A23: Commentary
A29: For institutional distribution only. Past performance is not indicative of future results.

Sheet Français
A1: Ashcombe Provisions | Global Credit Strategy
A2: Trimestre terminé / Quarter ended
A3: =IF(Inputs!$B$4="","",Inputs!$B$4)
A5: Rendement du portefeuille
A6: Rendement du portefeuille | D6: =IF(Inputs!$B$6="","",Inputs!$B$6)
A7: Rendement de l’indice de référence | D7: =IF(Inputs!$B$7="","",Inputs!$B$7)
A8: Rendement actif | D8: =IF(Inputs!$B$8="","",Inputs!$B$8)
A10: Attribution sectorielle
A11: Secteur | B11: Pondération du portefeuille | C11: Pondération de l’indice | D11: Contribution du portefeuille | E11: Contribution de l’indice | F11: Contribution active
A12: =IF(Inputs!$A$11="","",Inputs!$A$11) | B12: =IF(Inputs!$B$11="","",Inputs!$B$11) | C12: =IF(Inputs!$C$11="","",Inputs!$C$11) | D12: =IF(Inputs!$D$11="","",Inputs!$D$11) | E12: =IF(Inputs!$E$11="","",Inputs!$E$11) | F12: =IF(Inputs!$F$11="","",Inputs!$F$11)
A13: =IF(Inputs!$A$12="","",Inputs!$A$12) | B13: =IF(Inputs!$B$12="","",Inputs!$B$12) | C13: =IF(Inputs!$C$12="","",Inputs!$C$12) | D13: =IF(Inputs!$D$12="","",Inputs!$D$12) | E13: =IF(Inputs!$E$12="","",Inputs!$E$12) | F13: =IF(Inputs!$F$12="","",Inputs!$F$12)
A14: =IF(Inputs!$A$13="","",Inputs!$A$13) | B14: =IF(Inputs!$B$13="","",Inputs!$B$13) | C14: =IF(Inputs!$C$13="","",Inputs!$C$13) | D14: =IF(Inputs!$D$13="","",Inputs!$D$13) | E14: =IF(Inputs!$E$13="","",Inputs!$E$13) | F14: =IF(Inputs!$F$13="","",Inputs!$F$13)
A15: =IF(Inputs!$A$14="","",Inputs!$A$14) | B15: =IF(Inputs!$B$14="","",Inputs!$B$14) | C15: =IF(Inputs!$C$14="","",Inputs!$C$14) | D15: =IF(Inputs!$D$14="","",Inputs!$D$14) | E15: =IF(Inputs!$E$14="","",Inputs!$E$14) | F15: =IF(Inputs!$F$14="","",Inputs!$F$14)
A16: =IF(Inputs!$A$15="","",Inputs!$A$15) | B16: =IF(Inputs!$B$15="","",Inputs!$B$15) | C16: =IF(Inputs!$C$15="","",Inputs!$C$15) | D16: =IF(Inputs!$D$15="","",Inputs!$D$15) | E16: =IF(Inputs!$E$15="","",Inputs!$E$15) | F16: =IF(Inputs!$F$15="","",Inputs!$F$15)
A17: =IF(Inputs!$A$16="","",Inputs!$A$16) | B17: =IF(Inputs!$B$16="","",Inputs!$B$16) | C17: =IF(Inputs!$C$16="","",Inputs!$C$16) | D17: =IF(Inputs!$D$16="","",Inputs!$D$16) | E17: =IF(Inputs!$E$16="","",Inputs!$E$16) | F17: =IF(Inputs!$F$16="","",Inputs!$F$16)
A18: =IF(Inputs!$A$17="","",Inputs!$A$17) | B18: =IF(Inputs!$B$17="","",Inputs!$B$17) | C18: =IF(Inputs!$C$17="","",Inputs!$C$17) | D18: =IF(Inputs!$D$17="","",Inputs!$D$17) | E18: =IF(Inputs!$E$17="","",Inputs!$E$17) | F18: =IF(Inputs!$F$17="","",Inputs!$F$17)
A19: =IF(Inputs!$A$18="","",Inputs!$A$18) | B19: =IF(Inputs!$B$18="","",Inputs!$B$18) | C19: =IF(Inputs!$C$18="","",Inputs!$C$18) | D19: =IF(Inputs!$D$18="","",Inputs!$D$18) | E19: =IF(Inputs!$E$18="","",Inputs!$E$18) | F19: =IF(Inputs!$F$18="","",Inputs!$F$18)
A20: =IF(Inputs!$A$19="","",Inputs!$A$19) | B20: =IF(Inputs!$B$19="","",Inputs!$B$19) | C20: =IF(Inputs!$C$19="","",Inputs!$C$19) | D20: =IF(Inputs!$D$19="","",Inputs!$D$19) | E20: =IF(Inputs!$E$19="","",Inputs!$E$19) | F20: =IF(Inputs!$F$19="","",Inputs!$F$19)
A21: Total | B21: =IF(COUNT(B12:B20)=0,"",SUM(B12:B20)) | C21: =IF(COUNT(C12:C20)=0,"",SUM(C12:C20)) | D21: =IF(COUNT(D12:D20)=0,"",SUM(D12:D20)) | E21: =IF(COUNT(E12:E20)=0,"",SUM(E12:E20)) | F21: =IF(COUNT(F12:F20)=0,"",SUM(F12:F20))
A23: Commentaire
A29: Destiné uniquement à la distribution institutionnelle. Les rendements passés ne sont pas indicatifs des résultats futurs.
