Workbook

Sheet Instructions
A1: Shelf-life exposure review instrument
A3: Blank working pack for six consumables complaint cases | Ardveigh Technical Trading
A5: Purpose | B5: Capture comparable facts for a shelf-life exposure review. This instrument records evidence and derived views; it does not prescribe an action.
A6: 1 | Enter cases | B6: Use Case Intake for up to six cases. Complete the eleven shared fields; dates must be entered as yyyy-mm-dd.
A7: 2 | Review exposure | B7: Exposure Analysis calculates date-based measures and provides blank comparison rows for dispatch week, forwarder lane, and transhipment hub.
A8: 3 | Prepare panel | B8: Use the projected review pack to transfer the six case slots, comparisons, evidence interpretation, and factual panel record.
A9: 4 | Export | B9: Machine Export mirrors the intake table with exact machine-readable headers. Keep controlled wording unchanged when handing data to another system.
A12: Legend
A13: User entry | B13: Pale yellow cells are completed by the review team.
A14: Derived output | B14: Pale blue cells are formula-linked and remain visually blank until inputs exist.
A15: Panel record | B15: Pale green cells are reserved for a factual record entered after review.
A16: Controlled wording | B16: Dropdown fields use the listed vocabulary; leave blank when not known.
A19: Controlled vocabularies
A20: complaint_type | B20: rejected on arrival, credit request, stock too old to use, other
A21: evidence_status | B21: entered, plausible, confirmed, insufficient evidence
A22: forwarder_lane | B22: lane 1, lane 2, lane 3

Sheet Case Intake
A1: Case intake | six available slots
A3: Enter one complaint per row. Yellow cells are user entry; dropdowns enforce controlled wording. Dates use ISO format.
A5: case_id | B5: dispatch_week | C5: forwarder_lane | D5: transhipment_hub | E5: product | F5: lot | G5: manufacture_date | H5: expiry_date | I5: received_date | J5: complaint_type | K5: evidence_status
A14: Entry note | B14: Keep case IDs unique within this six-case review. Leave an entire row blank when no case is available.

Sheet Exposure Analysis
A1: Exposure analysis | derived views
A3: Formula-linked outputs update from Case Intake. Leave comparison keys blank until a real grouping is selected.
A5: Case-level derived exposure
A6: case_id | B6: shelf_life_at_receipt_days | C6: days_remaining_at_receipt | D6: exposure_flag
A7: =IF('Case Intake'!A6="","",'Case Intake'!A6) | B7: =IF(OR('Case Intake'!G6="",'Case Intake'!I6=""),"",'Case Intake'!I6-'Case Intake'!G6) | C7: =IF(OR('Case Intake'!H6="",'Case Intake'!I6=""),"",'Case Intake'!H6-'Case Intake'!I6) | D7: =IF(OR('Case Intake'!H6="",'Case Intake'!I6=""),"",IF('Case Intake'!H6-'Case Intake'!I6<0,"expired at receipt",IF('Case Intake'!H6-'Case Intake'!I6<=30,"within 30 days","more than 30 days")))
A8: =IF('Case Intake'!A7="","",'Case Intake'!A7) | B8: =IF(OR('Case Intake'!G7="",'Case Intake'!I7=""),"",'Case Intake'!I7-'Case Intake'!G7) | C8: =IF(OR('Case Intake'!H7="",'Case Intake'!I7=""),"",'Case Intake'!H7-'Case Intake'!I7) | D8: =IF(OR('Case Intake'!H7="",'Case Intake'!I7=""),"",IF('Case Intake'!H7-'Case Intake'!I7<0,"expired at receipt",IF('Case Intake'!H7-'Case Intake'!I7<=30,"within 30 days","more than 30 days")))
A9: =IF('Case Intake'!A8="","",'Case Intake'!A8) | B9: =IF(OR('Case Intake'!G8="",'Case Intake'!I8=""),"",'Case Intake'!I8-'Case Intake'!G8) | C9: =IF(OR('Case Intake'!H8="",'Case Intake'!I8=""),"",'Case Intake'!H8-'Case Intake'!I8) | D9: =IF(OR('Case Intake'!H8="",'Case Intake'!I8=""),"",IF('Case Intake'!H8-'Case Intake'!I8<0,"expired at receipt",IF('Case Intake'!H8-'Case Intake'!I8<=30,"within 30 days","more than 30 days")))
A10: =IF('Case Intake'!A9="","",'Case Intake'!A9) | B10: =IF(OR('Case Intake'!G9="",'Case Intake'!I9=""),"",'Case Intake'!I9-'Case Intake'!G9) | C10: =IF(OR('Case Intake'!H9="",'Case Intake'!I9=""),"",'Case Intake'!H9-'Case Intake'!I9) | D10: =IF(OR('Case Intake'!H9="",'Case Intake'!I9=""),"",IF('Case Intake'!H9-'Case Intake'!I9<0,"expired at receipt",IF('Case Intake'!H9-'Case Intake'!I9<=30,"within 30 days","more than 30 days")))
A11: =IF('Case Intake'!A10="","",'Case Intake'!A10) | B11: =IF(OR('Case Intake'!G10="",'Case Intake'!I10=""),"",'Case Intake'!I10-'Case Intake'!G10) | C11: =IF(OR('Case Intake'!H10="",'Case Intake'!I10=""),"",'Case Intake'!H10-'Case Intake'!I10) | D11: =IF(OR('Case Intake'!H10="",'Case Intake'!I10=""),"",IF('Case Intake'!H10-'Case Intake'!I10<0,"expired at receipt",IF('Case Intake'!H10-'Case Intake'!I10<=30,"within 30 days","more than 30 days")))
A12: =IF('Case Intake'!A11="","",'Case Intake'!A11) | B12: =IF(OR('Case Intake'!G11="",'Case Intake'!I11=""),"",'Case Intake'!I11-'Case Intake'!G11) | C12: =IF(OR('Case Intake'!H11="",'Case Intake'!I11=""),"",'Case Intake'!H11-'Case Intake'!I11) | D12: =IF(OR('Case Intake'!H11="",'Case Intake'!I11=""),"",IF('Case Intake'!H11-'Case Intake'!I11<0,"expired at receipt",IF('Case Intake'!H11-'Case Intake'!I11<=30,"within 30 days","more than 30 days")))
A15: Dispatch-week comparison
A16: dispatch_week | B16: case_count | C16: expired_at_receipt_count | D16: mean_days_remaining
B17: =IF(A17="","",COUNTIF('Case Intake'!$B$6:$B$11,A17)) | C17: =IF(A17="","",COUNTIFS('Case Intake'!$B$6:$B$11,A17,'Exposure Analysis'!$D$7:$D$12,"expired at receipt")) | D17: =IF(A17="","",IFERROR(AVERAGEIF('Case Intake'!$B$6:$B$11,A17,'Exposure Analysis'!$C$7:$C$12),""))
B18: =IF(A18="","",COUNTIF('Case Intake'!$B$6:$B$11,A18)) | C18: =IF(A18="","",COUNTIFS('Case Intake'!$B$6:$B$11,A18,'Exposure Analysis'!$D$7:$D$12,"expired at receipt")) | D18: =IF(A18="","",IFERROR(AVERAGEIF('Case Intake'!$B$6:$B$11,A18,'Exposure Analysis'!$C$7:$C$12),""))
B19: =IF(A19="","",COUNTIF('Case Intake'!$B$6:$B$11,A19)) | C19: =IF(A19="","",COUNTIFS('Case Intake'!$B$6:$B$11,A19,'Exposure Analysis'!$D$7:$D$12,"expired at receipt")) | D19: =IF(A19="","",IFERROR(AVERAGEIF('Case Intake'!$B$6:$B$11,A19,'Exposure Analysis'!$C$7:$C$12),""))
B20: =IF(A20="","",COUNTIF('Case Intake'!$B$6:$B$11,A20)) | C20: =IF(A20="","",COUNTIFS('Case Intake'!$B$6:$B$11,A20,'Exposure Analysis'!$D$7:$D$12,"expired at receipt")) | D20: =IF(A20="","",IFERROR(AVERAGEIF('Case Intake'!$B$6:$B$11,A20,'Exposure Analysis'!$C$7:$C$12),""))
B21: =IF(A21="","",COUNTIF('Case Intake'!$B$6:$B$11,A21)) | C21: =IF(A21="","",COUNTIFS('Case Intake'!$B$6:$B$11,A21,'Exposure Analysis'!$D$7:$D$12,"expired at receipt")) | D21: =IF(A21="","",IFERROR(AVERAGEIF('Case Intake'!$B$6:$B$11,A21,'Exposure Analysis'!$C$7:$C$12),""))
B22: =IF(A22="","",COUNTIF('Case Intake'!$B$6:$B$11,A22)) | C22: =IF(A22="","",COUNTIFS('Case Intake'!$B$6:$B$11,A22,'Exposure Analysis'!$D$7:$D$12,"expired at receipt")) | D22: =IF(A22="","",IFERROR(AVERAGEIF('Case Intake'!$B$6:$B$11,A22,'Exposure Analysis'!$C$7:$C$12),""))
A25: Forwarder-lane comparison
A26: forwarder_lane | B26: case_count | C26: expired_at_receipt_count | D26: mean_days_remaining
B27: =IF(A27="","",COUNTIF('Case Intake'!$C$6:$C$11,A27)) | C27: =IF(A27="","",COUNTIFS('Case Intake'!$C$6:$C$11,A27,'Exposure Analysis'!$D$7:$D$12,"expired at receipt")) | D27: =IF(A27="","",IFERROR(AVERAGEIF('Case Intake'!$C$6:$C$11,A27,'Exposure Analysis'!$C$7:$C$12),""))
B28: =IF(A28="","",COUNTIF('Case Intake'!$C$6:$C$11,A28)) | C28: =IF(A28="","",COUNTIFS('Case Intake'!$C$6:$C$11,A28,'Exposure Analysis'!$D$7:$D$12,"expired at receipt")) | D28: =IF(A28="","",IFERROR(AVERAGEIF('Case Intake'!$C$6:$C$11,A28,'Exposure Analysis'!$C$7:$C$12),""))
B29: =IF(A29="","",COUNTIF('Case Intake'!$C$6:$C$11,A29)) | C29: =IF(A29="","",COUNTIFS('Case Intake'!$C$6:$C$11,A29,'Exposure Analysis'!$D$7:$D$12,"expired at receipt")) | D29: =IF(A29="","",IFERROR(AVERAGEIF('Case Intake'!$C$6:$C$11,A29,'Exposure Analysis'!$C$7:$C$12),""))
A32: Transhipment-hub comparison
A33: transhipment_hub | B33: case_count | C33: expired_at_receipt_count | D33: mean_days_remaining
B34: =IF(A34="","",COUNTIF('Case Intake'!$D$6:$D$11,A34)) | C34: =IF(A34="","",COUNTIFS('Case Intake'!$D$6:$D$11,A34,'Exposure Analysis'!$D$7:$D$12,"expired at receipt")) | D34: =IF(A34="","",IFERROR(AVERAGEIF('Case Intake'!$D$6:$D$11,A34,'Exposure Analysis'!$C$7:$C$12),""))
B35: =IF(A35="","",COUNTIF('Case Intake'!$D$6:$D$11,A35)) | C35: =IF(A35="","",COUNTIFS('Case Intake'!$D$6:$D$11,A35,'Exposure Analysis'!$D$7:$D$12,"expired at receipt")) | D35: =IF(A35="","",IFERROR(AVERAGEIF('Case Intake'!$D$6:$D$11,A35,'Exposure Analysis'!$C$7:$C$12),""))
B36: =IF(A36="","",COUNTIF('Case Intake'!$D$6:$D$11,A36)) | C36: =IF(A36="","",COUNTIFS('Case Intake'!$D$6:$D$11,A36,'Exposure Analysis'!$D$7:$D$12,"expired at receipt")) | D36: =IF(A36="","",IFERROR(AVERAGEIF('Case Intake'!$D$6:$D$11,A36,'Exposure Analysis'!$C$7:$C$12),""))
B37: =IF(A37="","",COUNTIF('Case Intake'!$D$6:$D$11,A37)) | C37: =IF(A37="","",COUNTIFS('Case Intake'!$D$6:$D$11,A37,'Exposure Analysis'!$D$7:$D$12,"expired at receipt")) | D37: =IF(A37="","",IFERROR(AVERAGEIF('Case Intake'!$D$6:$D$11,A37,'Exposure Analysis'!$C$7:$C$12),""))
B38: =IF(A38="","",COUNTIF('Case Intake'!$D$6:$D$11,A38)) | C38: =IF(A38="","",COUNTIFS('Case Intake'!$D$6:$D$11,A38,'Exposure Analysis'!$D$7:$D$12,"expired at receipt")) | D38: =IF(A38="","",IFERROR(AVERAGEIF('Case Intake'!$D$6:$D$11,A38,'Exposure Analysis'!$C$7:$C$12),""))
B39: =IF(A39="","",COUNTIF('Case Intake'!$D$6:$D$11,A39)) | C39: =IF(A39="","",COUNTIFS('Case Intake'!$D$6:$D$11,A39,'Exposure Analysis'!$D$7:$D$12,"expired at receipt")) | D39: =IF(A39="","",IFERROR(AVERAGEIF('Case Intake'!$D$6:$D$11,A39,'Exposure Analysis'!$C$7:$C$12),""))
A42: Factual panel record
A43: factual finding
A44: evidence basis
A45: period comparison note
A47: Legend | B47: Yellow = user entry | C47: Blue = derived formula | D47: Green = panel record

Sheet Machine Export
A1: case_id | B1: dispatch_week | C1: forwarder_lane | D1: transhipment_hub | E1: product | F1: lot | G1: manufacture_date | H1: expiry_date | I1: received_date | J1: complaint_type | K1: evidence_status
A2: =IF('Case Intake'!A6="","",'Case Intake'!A6) | B2: =IF('Case Intake'!B6="","",'Case Intake'!B6) | C2: =IF('Case Intake'!C6="","",'Case Intake'!C6) | D2: =IF('Case Intake'!D6="","",'Case Intake'!D6) | E2: =IF('Case Intake'!E6="","",'Case Intake'!E6) | F2: =IF('Case Intake'!F6="","",'Case Intake'!F6) | G2: =IF('Case Intake'!G6="","",'Case Intake'!G6) | H2: =IF('Case Intake'!H6="","",'Case Intake'!H6) | ... K2: =IF('Case Intake'!K6="","",'Case Intake'!K6)
A3: =IF('Case Intake'!A7="","",'Case Intake'!A7) | B3: =IF('Case Intake'!B7="","",'Case Intake'!B7) | C3: =IF('Case Intake'!C7="","",'Case Intake'!C7) | D3: =IF('Case Intake'!D7="","",'Case Intake'!D7) | E3: =IF('Case Intake'!E7="","",'Case Intake'!E7) | F3: =IF('Case Intake'!F7="","",'Case Intake'!F7) | G3: =IF('Case Intake'!G7="","",'Case Intake'!G7) | H3: =IF('Case Intake'!H7="","",'Case Intake'!H7) | ... K3: =IF('Case Intake'!K7="","",'Case Intake'!K7)
A4: =IF('Case Intake'!A8="","",'Case Intake'!A8) | B4: =IF('Case Intake'!B8="","",'Case Intake'!B8) | C4: =IF('Case Intake'!C8="","",'Case Intake'!C8) | D4: =IF('Case Intake'!D8="","",'Case Intake'!D8) | E4: =IF('Case Intake'!E8="","",'Case Intake'!E8) | F4: =IF('Case Intake'!F8="","",'Case Intake'!F8) | G4: =IF('Case Intake'!G8="","",'Case Intake'!G8) | H4: =IF('Case Intake'!H8="","",'Case Intake'!H8) | ... K4: =IF('Case Intake'!K8="","",'Case Intake'!K8)
A5: =IF('Case Intake'!A9="","",'Case Intake'!A9) | B5: =IF('Case Intake'!B9="","",'Case Intake'!B9) | C5: =IF('Case Intake'!C9="","",'Case Intake'!C9) | D5: =IF('Case Intake'!D9="","",'Case Intake'!D9) | E5: =IF('Case Intake'!E9="","",'Case Intake'!E9) | F5: =IF('Case Intake'!F9="","",'Case Intake'!F9) | G5: =IF('Case Intake'!G9="","",'Case Intake'!G9) | H5: =IF('Case Intake'!H9="","",'Case Intake'!H9) | ... K5: =IF('Case Intake'!K9="","",'Case Intake'!K9)
A6: =IF('Case Intake'!A10="","",'Case Intake'!A10) | B6: =IF('Case Intake'!B10="","",'Case Intake'!B10) | C6: =IF('Case Intake'!C10="","",'Case Intake'!C10) | D6: =IF('Case Intake'!D10="","",'Case Intake'!D10) | E6: =IF('Case Intake'!E10="","",'Case Intake'!E10) | F6: =IF('Case Intake'!F10="","",'Case Intake'!F10) | G6: =IF('Case Intake'!G10="","",'Case Intake'!G10) | H6: =IF('Case Intake'!H10="","",'Case Intake'!H10) | ... K6: =IF('Case Intake'!K10="","",'Case Intake'!K10)
A7: =IF('Case Intake'!A11="","",'Case Intake'!A11) | B7: =IF('Case Intake'!B11="","",'Case Intake'!B11) | C7: =IF('Case Intake'!C11="","",'Case Intake'!C11) | D7: =IF('Case Intake'!D11="","",'Case Intake'!D11) | E7: =IF('Case Intake'!E11="","",'Case Intake'!E11) | F7: =IF('Case Intake'!F11="","",'Case Intake'!F11) | G7: =IF('Case Intake'!G11="","",'Case Intake'!G11) | H7: =IF('Case Intake'!H11="","",'Case Intake'!H11) | ... K7: =IF('Case Intake'!K11="","",'Case Intake'!K11)
