Workbook
Name CROWNRIDGE_HANDOVER_IMPORT: 'System_Export'!$A$4:$H$10
Name Assignment_Candidates: 'Lists'!$A$5:$A$7
Name Readiness_Statuses: 'Lists'!$C$5:$C$7
Name Action_Statuses: 'Lists'!$E$5:$E$7
Name Assumption_Dispositions: 'Lists'!$G$5:$G$7

Sheet README
A1: Crownridge Duty Reassignment Plan
A2: Saltmarsh Housing Trust | maintained transition tool | planning date 01 Sep 2026
A4: Topic | B4: Clerk guidance
A5: Purpose | B5: Use this workbook to approve, track, and evidence reassignment of outgoing Senior Receiver Chidi Moravec’s in-scope duties before the Crownridge October review.
A6: How to update | B6: Edit only pale-blue / unlocked cells: owners, effective dates, readiness evidence, action fields, interpretations, and assumptions. Do not overwrite formula cells.
A7: Refresh sequence | B7: 1) Update Readiness actions and status; 2) confirm Duty_Plan assignments and effective dates; 3) review calculated Period_Analysis flags; 4) refresh summary narrative; 5) confirm System_Export before submission.
A8: Status meaning | B8: Ready: all mandatory controls evidenced. Conditional: a named, feasible action must close before effective date. Not Ready: mandatory evidence is absent, expired, or non-affirmative; do not activate assignment.
A9: Formula areas | B9: Duty_Plan readiness rolls up two Readiness records. Period variance/flag and option weighted result are formulas. System_Export IDs and Assignment_Key are formulas; retain the parser table and defined import range.
A10: Crownridge export | B10: Crownridge parses only the CROWNRIDGE_HANDOVER_IMPORT range on System_Export. Do not insert a title, totals row, blank record, merged cells, or columns inside that table. Dates display yyyy-mm-dd.
A11: Protection | B11: Protected sheets allow entry only in unlocked input cells. Filter tables for review; if a formula is wrong, notify the lead rather than typing over it.
A12: Print packet | B12: Duty_Plan, Readiness, Period_Analysis, Assumptions, and System_Export are letter landscape, fit to one page wide, with rows 1:4 repeating on continuation pages.
A13: Unknown data | B13: A blank source field is unknown—not a negative result or affirmative readiness. Log and disposition the gap; escalate where a control cannot be confirmed in time.
A15: Visual legend
A16: Ready | B16: All mandatory evidence current
A17: Conditional | B17: Dated action must close before activation
A18: Not Ready | B18: Do not activate; evidence missing or failed

Sheet Source_Snapshot
A1: Internal source snapshot
A2: Copied from Crownridge handover source for internal formulas; blanks remain blank/unknown.
A4: Dataset | B4: Record_ID | C4: Field_1 | D4: Field_2 | E4: Field_3 | F4: Field_4 | G4: Field_5 | H4: Field_6 | I4: Field_7 | J4: Field_8 | K4: Field_9 | L4: Field_10
A5: Personnel | B5: P-101 | C5: Chidi Moravec | D5: Senior Receiver / outgoing | E5: 2026-11-03
A6: Personnel | B6: P-103 | C6: Paloma Ilechukwu | D6: Lead clerk / decision maker
A7: Personnel | B7: P-102 | C7: Esperanza Mortensen | D7: Receiver | E7: 2027-08-31 | F7: Yes | G7: Yes | H7: Yes | I7: Yes | J7: Yes | K7: All-family evidence current
A8: Personnel | B8: P-117 | C8: Ragnhild Garrido | D8: Receiver | E8: 2027-05-31 | F8: Yes | G8: Yes | H8: Yes | J8: Yes | K8: ESD observed assessment not supplied
A9: Personnel | B9: P-124 | C9: Valeria Nightingale | D9: Inventory receiver | E9: 2026-12-31 | F9: Yes | H9: Yes | I9: Yes | K9: Night availability and audit sign-off not supplied
A10: Duty | B10: ESD-01 | C10: Crownridge ESD handling | D10: Certified ESD material staging | E10: Yes
A11: Duty | B11: ESD-02 | C11: Crownridge ESD handling | D11: Crownridge ESD receipt release | E11: Yes
A12: Duty | B12: NFR-01 | C12: Night forklift receiving | D12: Night-shift forklift receiving | E12: Yes
A13: Duty | B13: NFR-02 | C13: Night forklift receiving | D13: Night dock receipt reconciliation | E13: Yes
A14: Duty | B14: CCA-01 | C14: Cycle-count audit | D14: Cycle-count audit lead | E14: Yes
A15: Duty | B15: CCA-02 | C15: Cycle-count audit | D15: Cycle-count variance approval | E15: Yes
A16: Control | B16: Crownridge ESD handling | C16: Active ESD certification through effective date; practical/observed ESD qualification | D16: Certification current; ESD practical assessment affirmative | E16: Crownridge account control
A17: Control | B17: Night forklift receiving | C17: Active forklift authorization; affirmative night-shift availability | D17: Forklift authorization current; Night availability = Yes | E17: Safe material handling
A18: Control | B18: Cycle-count audit | C18: Cycle-count training; independent audit sign-off | D18: Training affirmative; independent sign-off affirmative | E18: Audit independence
A19: Metric | B19: MET-01 | C19: Crownridge ESD handling | D19: ESD receipts processed | E19: pallets | F19: Apr-Jun 2026 | G19: Jul-Sep 2026 | H19: 420 | I19: 505 | J19: Pct | K19: 0.15 | L19: Higher volume increases documented ESD handover workload.
A20: Metric | B20: MET-02 | C20: Crownridge ESD handling | D20: ESD handling exceptions | E20: exceptions | F20: Apr-Jun 2026 | G20: Jul-Sep 2026 | H20: 4 | I20: 7 | J20: Abs | K20: 2 | L20: Increase warrants continuity and observed coverage.
A21: Metric | B21: MET-03 | C21: Night forklift receiving | D21: Night receipts | E21: loads | F21: Apr-Jun 2026 | G21: Jul-Sep 2026 | H21: 188 | I21: 242 | J21: Pct | K21: 0.2 | L21: Higher night volume increases safe-coverage demand.
A22: Metric | B22: MET-04 | C22: Night forklift receiving | D22: Dock damage events | E22: events | F22: Apr-Jun 2026 | G22: Jul-Sep 2026 | H22: 2 | I22: 2 | J22: Abs | K22: 1 | L22: No material change observed.
A23: Metric | B23: MET-05 | C23: Cycle-count audit | D23: Cycle-count lines reviewed | E23: lines | F23: Apr-Jun 2026 | G23: Jul-Sep 2026 | H23: 620 | I23: 710 | J23: Pct | K23: 0.1 | L23: Higher audit workload needs independent ownership.
A24: Metric | B24: MET-06 | C24: Cycle-count audit | D24: Unresolved count variances | E24: variances | F24: Apr-Jun 2026 | G24: Jul-Sep 2026 | H24: 11 | I24: 19 | J24: Abs | K24: 5 | L24: Deterioration raises audit exposure; not a stated causal finding.
A25: Known Gap | B25: G-01 | C25: Valeria Nightingale | D25: Night-shift availability | E25: Not supplied | F25: Eligibility / scheduling | G25: Do not treat blank as affirmative availability.
A26: Known Gap | B26: G-02 | C26: Ragnhild Garrido | D26: ESD practical assessment | E26: Not supplied | F26: ESD readiness | G26: May be resolved by observed assessment before effective date.
A27: Known Gap | B27: G-03 | C27: Valeria Nightingale | D27: Independent cycle-count sign-off | E27: Not supplied | F27: Audit readiness | G27: May be resolved by independent sign-off before audit milestone.
A28: Decision Criterion | B28: Control and safety compliance | C28: 35 | D28: Higher is preferred; 5 = all controls current and evidenced
A29: Decision Criterion | B29: Crownridge audit continuity | C29: 25 | D29: Higher is preferred; 5 = continuity with documented coverage
A30: Decision Criterion | B30: Workload feasibility | C30: 15 | D30: Higher is preferred; 5 = capacity aligned to recent demand
A31: Decision Criterion | B31: Concentration resilience | C31: 15 | D31: Higher is preferred; 5 = distributed primaries and coverage
A32: Decision Criterion | B32: Employee development | C32: 10 | D32: Higher is preferred; 5 = controlled development opportunity

Sheet Decision_Summary
A1: Decision Summary — recommended distributed allocation
A2: Decision ratings use the controlled 1–5 scale: 5 is strongest. Higher weighted result is preferred.
A4: Recommendation | B4: Select the distributed allocation, conditional on Valeria Nightingale’s independent audit sign-off by 10 Oct 2026. It preserves ESD continuity with Esperanza, assigns night safety to Ragnhild, and builds independent audit coverage without recreating Chidi’s single point of failure.
A6: Rating guide | B6: 1 = unacceptable/unsupported; 3 = workable with material condition; 5 = fully evidenced and preferred. Weighted result = rating × stated weight; higher is preferred.
A8: Option | B8: Allocation pattern | C8: Control & safety 35% | D8: Audit continuity 25% | E8: Workload 15% | F8: Resilience 15% | G8: Development 10% | H8: Weighted result | I8: Evidence-grounded rationale
A9: A — concentrated | B9: Esperanza primary for all duties; rotating backups | C9: 5 | D9: 5 | E9: 4 | F9: 1 | G9: 1 | H9: =C9*35%+D9*25%+E9*15%+F9*15%+G9*10% | I9: Immediate continuity is high, but all primaries remain concentrated in one person while ESD exceptions, night loads, and audit lines have increased.
A10: B — distributed | B10: Esperanza ESD; Ragnhild night; Valeria cycle-count; controlled backups | C10: 4 | D10: 4 | E10: 4 | F10: 5 | G10: 5 | H10: =C10*35%+D10*25%+E10*15%+F10*15%+G10*10% | I10: Uses current night authorization and inventory strength; Valeria’s sign-off is a dated condition. It separates safety, account, and audit ownership.
A11: C — hybrid | B11: Esperanza ESD and cycle-count; Ragnhild night | C11: 5 | D11: 4 | E11: 3 | F11: 3 | G11: 3 | H11: =C11*35%+D11*25%+E11*15%+F11*15%+G11*10% | I11: Less concentration than A, but retains audit responsibility with the generalist and gives Valeria limited development.
A13: Selected option | B13: B — distributed
A14: Assignment synopsis | B14: ESD: Esperanza primary / Valeria backup. Night receiving: Ragnhild primary / Esperanza backup. Cycle-count audit: Valeria primary (Conditional until independent sign-off) / Esperanza backup.
A16: Person-level rationale
A17: Person | B17: Capacity, development, and residual risk
A18: Esperanza Mortensen | B18: Current all-family evidence supports ESD primary and backup coverage. Her capacity is protected by not assigning every primary; residual risk is avoided single-point dependency.
A19: Ragnhild Garrido | B19: Current forklift authorization and affirmative night availability support night primary work. ESD practical assessment is unknown, so she is not used for ESD coverage pending observed assessment—an identified development path.
A20: Valeria Nightingale | B20: Inventory evidence and cycle training support cycle-count development; independent sign-off is a dated condition before activation. Night availability is not supplied, so she is excluded from night work unless escalated and confirmed.
A22: Operational synthesis
A23: Recent ESD receipts (+20%), night loads (+29%), cycle-count lines (+15%), ESD exceptions (+3), and unresolved variances (+8) are material under the supplied thresholds. These observations increase coverage and audit-control exposure; they do not establish causes. The recommended split preserves Crownridge ESD continuity, puts affirmed night availability with forklift safety, maintains independent cycle-count sign-off, and reduces a recreated single point of failure.

Sheet Duty_Plan
A1: Duty Plan
A2: Primary and backup entries are controlled; readiness is calculated from Readiness.
A4: Duty_ID | B4: Duty_Family | C4: Duty_Name | D4: Primary_Owner | E4: Backup_Owner | F4: Effective_Date | G4: Readiness_Status | H4: Required_Action | I4: Rationale
A5: ESD-01 | B5: Crownridge ESD handling | C5: Certified ESD material staging | D5: Esperanza Mortensen | E5: Valeria Nightingale | F5: 46315 | G5: =IF(COUNTIFS(Readiness!$A$5:$A$22,D5,Readiness!$B$5:$B$22,A5,Readiness!$C$5:$C$22,"Not Ready")+COUNTIFS(Readiness!$A$5:$A$22,E5,Readiness!$B$5:$B$22,A5,Readiness!$C$5:$C$22,"Not Ready")>0,"Not Ready",IF(COUNTIFS(Readiness!$A$5:$A$22,D5,Readiness!$B$5:$B$22,A5,Readiness!$C$5:$C$22,"Conditional")+COUNTIFS(Readiness!$A$5:$A$22,E5,Readiness!$B$5:$B$22,A5,Readiness!$C$5:$C$22,"Conditional")>0,"Conditional","Ready")) | H5: No action; maintain ESD evidence file. | I5: Esperanza is fully evidenced for account continuity; Valeria provides qualified ESD backup.
A6: ESD-02 | B6: Crownridge ESD handling | C6: Crownridge ESD receipt release | D6: Esperanza Mortensen | E6: Valeria Nightingale | F6: 46315 | G6: =IF(COUNTIFS(Readiness!$A$5:$A$22,D6,Readiness!$B$5:$B$22,A6,Readiness!$C$5:$C$22,"Not Ready")+COUNTIFS(Readiness!$A$5:$A$22,E6,Readiness!$B$5:$B$22,A6,Readiness!$C$5:$C$22,"Not Ready")>0,"Not Ready",IF(COUNTIFS(Readiness!$A$5:$A$22,D6,Readiness!$B$5:$B$22,A6,Readiness!$C$5:$C$22,"Conditional")+COUNTIFS(Readiness!$A$5:$A$22,E6,Readiness!$B$5:$B$22,A6,Readiness!$C$5:$C$22,"Conditional")>0,"Conditional","Ready")) | H6: No action; maintain ESD evidence file. | I6: Separates account continuity from night and audit primaries.
A7: NFR-01 | B7: Night forklift receiving | C7: Night-shift forklift receiving | D7: Ragnhild Garrido | E7: Esperanza Mortensen | F7: 46315 | G7: =IF(COUNTIFS(Readiness!$A$5:$A$22,D7,Readiness!$B$5:$B$22,A7,Readiness!$C$5:$C$22,"Not Ready")+COUNTIFS(Readiness!$A$5:$A$22,E7,Readiness!$B$5:$B$22,A7,Readiness!$C$5:$C$22,"Not Ready")>0,"Not Ready",IF(COUNTIFS(Readiness!$A$5:$A$22,D7,Readiness!$B$5:$B$22,A7,Readiness!$C$5:$C$22,"Conditional")+COUNTIFS(Readiness!$A$5:$A$22,E7,Readiness!$B$5:$B$22,A7,Readiness!$C$5:$C$22,"Conditional")>0,"Conditional","Ready")) | H7: Confirm night roster before first scheduled shift. | I7: Ragnhild has current forklift authorization and affirmative night availability; Esperanza provides qualified backup.
A8: NFR-02 | B8: Night forklift receiving | C8: Night dock receipt reconciliation | D8: Ragnhild Garrido | E8: Esperanza Mortensen | F8: 46315 | G8: =IF(COUNTIFS(Readiness!$A$5:$A$22,D8,Readiness!$B$5:$B$22,A8,Readiness!$C$5:$C$22,"Not Ready")+COUNTIFS(Readiness!$A$5:$A$22,E8,Readiness!$B$5:$B$22,A8,Readiness!$C$5:$C$22,"Not Ready")>0,"Not Ready",IF(COUNTIFS(Readiness!$A$5:$A$22,D8,Readiness!$B$5:$B$22,A8,Readiness!$C$5:$C$22,"Conditional")+COUNTIFS(Readiness!$A$5:$A$22,E8,Readiness!$B$5:$B$22,A8,Readiness!$C$5:$C$22,"Conditional")>0,"Conditional","Ready")) | H8: Confirm night roster before first scheduled shift. | I8: Keeps night dock responsibility with safety-qualified night coverage.
A9: CCA-01 | B9: Cycle-count audit | C9: Cycle-count audit lead | D9: Valeria Nightingale | E9: Esperanza Mortensen | F9: 46315 | G9: =IF(COUNTIFS(Readiness!$A$5:$A$22,D9,Readiness!$B$5:$B$22,A9,Readiness!$C$5:$C$22,"Not Ready")+COUNTIFS(Readiness!$A$5:$A$22,E9,Readiness!$B$5:$B$22,A9,Readiness!$C$5:$C$22,"Not Ready")>0,"Not Ready",IF(COUNTIFS(Readiness!$A$5:$A$22,D9,Readiness!$B$5:$B$22,A9,Readiness!$C$5:$C$22,"Conditional")+COUNTIFS(Readiness!$A$5:$A$22,E9,Readiness!$B$5:$B$22,A9,Readiness!$C$5:$C$22,"Conditional")>0,"Conditional","Ready")) | H9: Obtain independent cycle-count sign-off by 10 Oct 2026. | I9: Valeria brings inventory strength; activation remains conditional until independent sign-off.
A10: CCA-02 | B10: Cycle-count audit | C10: Cycle-count variance approval | D10: Valeria Nightingale | E10: Esperanza Mortensen | F10: 46315 | G10: =IF(COUNTIFS(Readiness!$A$5:$A$22,D10,Readiness!$B$5:$B$22,A10,Readiness!$C$5:$C$22,"Not Ready")+COUNTIFS(Readiness!$A$5:$A$22,E10,Readiness!$B$5:$B$22,A10,Readiness!$C$5:$C$22,"Not Ready")>0,"Not Ready",IF(COUNTIFS(Readiness!$A$5:$A$22,D10,Readiness!$B$5:$B$22,A10,Readiness!$C$5:$C$22,"Conditional")+COUNTIFS(Readiness!$A$5:$A$22,E10,Readiness!$B$5:$B$22,A10,Readiness!$C$5:$C$22,"Conditional")>0,"Conditional","Ready")) | H10: Obtain independent cycle-count sign-off by 10 Oct 2026. | I10: Independent audit ownership reduces concentration and addresses growing variance exposure.

Sheet Readiness
A1: Readiness assessments and action register
A2: Record evidence, specific gaps, owners, dates, and status before changing assignment readiness.
A4: Person | B4: Duty_ID | C4: Current_Status | D4: Evidence | E4: Gap | F4: Required_Action | G4: Action_Owner | H4: Due_Date | I4: Action_Status
A5: Esperanza Mortensen | B5: ESD-01 | C5: Ready | D5: Current certification/authorization, affirmative availability, and required assessed evidence recorded. | F5: Maintain evidence file through transition. | G5: Paloma Ilechukwu | H5: 46315 | I5: Complete
A6: Esperanza Mortensen | B6: ESD-02 | C6: Ready | D6: Current certification/authorization, affirmative availability, and required assessed evidence recorded. | F6: Maintain evidence file through transition. | G6: Paloma Ilechukwu | H6: 46315 | I6: Complete
A7: Esperanza Mortensen | B7: NFR-01 | C7: Ready | D7: Current certification/authorization, affirmative availability, and required assessed evidence recorded. | F7: Maintain evidence file through transition. | G7: Paloma Ilechukwu | H7: 46315 | I7: Complete
A8: Esperanza Mortensen | B8: NFR-02 | C8: Ready | D8: Current certification/authorization, affirmative availability, and required assessed evidence recorded. | F8: Maintain evidence file through transition. | G8: Paloma Ilechukwu | H8: 46315 | I8: Complete
A9: Esperanza Mortensen | B9: CCA-01 | C9: Ready | D9: Current certification/authorization, affirmative availability, and required assessed evidence recorded. | F9: Maintain evidence file through transition. | G9: Paloma Ilechukwu | H9: 46315 | I9: Complete
A10: Esperanza Mortensen | B10: CCA-02 | C10: Ready | D10: Current certification/authorization, affirmative availability, and required assessed evidence recorded. | F10: Maintain evidence file through transition. | G10: Paloma Ilechukwu | H10: 46315 | I10: Complete
A11: Ragnhild Garrido | B11: ESD-01 | C11: Conditional | D11: ESD certification current through 31-May-2027; practical assessment source field blank. | E11: Observed ESD practical assessment is not supplied. | F11: Complete and document observed ESD practical assessment with qualified assessor. | G11: Paloma Ilechukwu | H11: 46304 | I11: Not Started
A12: Ragnhild Garrido | B12: ESD-02 | C12: Conditional | D12: ESD certification current through 31-May-2027; practical assessment source field blank. | E12: Observed ESD practical assessment is not supplied. | F12: Complete and document observed ESD practical assessment with qualified assessor. | G12: Paloma Ilechukwu | H12: 46304 | I12: Not Started
A13: Ragnhild Garrido | B13: NFR-01 | C13: Ready | D13: Forklift authorization current through 31-May-2027; night availability affirmative. | F13: Confirm roster assignment before first shift. | G13: Paloma Ilechukwu | H13: 46311 | I13: In Progress
A14: Ragnhild Garrido | B14: NFR-02 | C14: Ready | D14: Forklift authorization current through 31-May-2027; night availability affirmative. | F14: Confirm roster assignment before first shift. | G14: Paloma Ilechukwu | H14: 46311 | I14: In Progress
A15: Ragnhild Garrido | B15: CCA-01 | C15: Ready | D15: Cycle-count training and independent audit sign-off are affirmative in the source. | F15: Maintain audit evidence file through transition. | G15: Paloma Ilechukwu | H15: 46315 | I15: Complete
A16: Ragnhild Garrido | B16: CCA-02 | C16: Ready | D16: Cycle-count training and independent audit sign-off are affirmative in the source. | F16: Maintain audit evidence file through transition. | G16: Paloma Ilechukwu | H16: 46315 | I16: Complete
A17: Valeria Nightingale | B17: ESD-01 | C17: Ready | D17: ESD certification current through 31-Dec-2026; practical assessment affirmative. | F17: Maintain ESD evidence file through transition. | G17: Paloma Ilechukwu | H17: 46315 | I17: Complete
A18: Valeria Nightingale | B18: ESD-02 | C18: Ready | D18: ESD certification current through 31-Dec-2026; practical assessment affirmative. | F18: Maintain ESD evidence file through transition. | G18: Paloma Ilechukwu | H18: 46315 | I18: Complete
A19: Valeria Nightingale | B19: NFR-01 | C19: Not Ready | D19: Forklift authorization current; night-shift availability is blank/not supplied. | E19: Affirmative night-shift availability is missing. | F19: Do not assign night duty; escalate to scheduling only if documented availability is needed. | G19: Paloma Ilechukwu | H19: 46304 | I19: Not Started
A20: Valeria Nightingale | B20: NFR-02 | C20: Not Ready | D20: Forklift authorization current; night-shift availability is blank/not supplied. | E20: Affirmative night-shift availability is missing. | F20: Do not assign night duty; escalate to scheduling only if documented availability is needed. | G20: Paloma Ilechukwu | H20: 46304 | I20: Not Started
A21: Valeria Nightingale | B21: CCA-01 | C21: Conditional | D21: Cycle-count training affirmative; independent audit sign-off source field blank. | E21: Independent cycle-count sign-off is not supplied. | F21: Independent reviewer observes count and records sign-off before audit milestone. | G21: Paloma Ilechukwu | H21: 46305 | I21: In Progress
A22: Valeria Nightingale | B22: CCA-02 | C22: Conditional | D22: Cycle-count training affirmative; independent audit sign-off source field blank. | E22: Independent cycle-count sign-off is not supplied. | F22: Independent reviewer observes count and records sign-off before audit milestone. | G22: Paloma Ilechukwu | H22: 46305 | I22: In Progress

Sheet Period_Analysis
A1: Period Analysis
A2: Calculated variance, percent variance, and material flag use period values and source thresholds.
A4: Metric_ID | B4: Duty_Family | C4: Metric | D4: Unit | E4: Prior_Period | F4: Recent_Period | G4: Variance | H4: Variance_Pct | I4: Material_Flag | J4: Interpretation
A5: MET-01 | B5: Crownridge ESD handling | C5: ESD receipts processed | D5: pallets | E5: 420 | F5: 505 | G5: =F5-E5 | H5: =IF(OR(E5="",E5=0),"N/A",G5/E5) | I5: =IF(H5="N/A","No",IF(ABS(H5)>=Source_Snapshot!$K$19,"Yes","No")) | J5: Higher volume increases documented ESD handover workload.
A6: MET-02 | B6: Crownridge ESD handling | C6: ESD handling exceptions | D6: exceptions | E6: 4 | F6: 7 | G6: =F6-E6 | H6: =IF(OR(E6="",E6=0),"N/A",G6/E6) | I6: =IF(ABS(G6)>=Source_Snapshot!$K$20,"Yes","No") | J6: Increase warrants continuity and observed coverage.
A7: MET-03 | B7: Night forklift receiving | C7: Night receipts | D7: loads | E7: 188 | F7: 242 | G7: =F7-E7 | H7: =IF(OR(E7="",E7=0),"N/A",G7/E7) | I7: =IF(H7="N/A","No",IF(ABS(H7)>=Source_Snapshot!$K$21,"Yes","No")) | J7: Higher night volume increases safe-coverage demand.
A8: MET-04 | B8: Night forklift receiving | C8: Dock damage events | D8: events | E8: 2 | F8: 2 | G8: =F8-E8 | H8: =IF(OR(E8="",E8=0),"N/A",G8/E8) | I8: =IF(ABS(G8)>=Source_Snapshot!$K$22,"Yes","No") | J8: No material change observed.
A9: MET-05 | B9: Cycle-count audit | C9: Cycle-count lines reviewed | D9: lines | E9: 620 | F9: 710 | G9: =F9-E9 | H9: =IF(OR(E9="",E9=0),"N/A",G9/E9) | I9: =IF(H9="N/A","No",IF(ABS(H9)>=Source_Snapshot!$K$23,"Yes","No")) | J9: Higher audit workload needs independent ownership.
A10: MET-06 | B10: Cycle-count audit | C10: Unresolved count variances | D10: variances | E10: 11 | F10: 19 | G10: =F10-E10 | H10: =IF(OR(E10="",E10=0),"N/A",G10/E10) | I10: =IF(ABS(G10)>=Source_Snapshot!$K$24,"Yes","No") | J10: Deterioration raises audit exposure; not a stated causal finding.

Sheet Assumptions
A1: Assumptions, exclusions, and escalations
A2: Each source gap is logged once; update resolution information during transition.
A4: Gap_ID | B4: Subject | C4: Missing_Field | D4: Disposition | E4: Basis | F4: Decision_Impact | G4: Owner | H4: Resolution_Date
A5: G-01 | B5: Valeria Nightingale | C5: Night-shift availability | D5: Exclude | E5: Source field is blank; no affirmative availability evidence. | F5: Valeria is not assigned to night receiving; escalation is required before any future night coverage. | G5: Paloma Ilechukwu | H5: 46304
A6: G-02 | B6: Ragnhild Garrido | C6: ESD practical assessment | D6: Escalate | E6: Source field is blank although certification is current. | F6: Ragnhild is not used for ESD coverage unless an observed assessment is documented before effective date. | G6: Paloma Ilechukwu | H6: 46304
A7: G-03 | B7: Valeria Nightingale | C7: Independent cycle-count sign-off | D7: Escalate | E7: Source field is blank; cycle training is affirmative. | F7: Cycle-count primary remains Conditional until independent sign-off; activate only after completion before audit review. | G7: Paloma Ilechukwu | H7: 46305

Sheet System_Export
A1: Crownridge intake area
A2: Parser reads only the defined range beginning on row 4. Do not add fields or records inside the table.
A4: Record_Type | B4: Duty_ID | C4: Duty_Name | D4: Primary_Person_ID | E4: Backup_Person_ID | F4: Effective_Date | G4: Readiness_Status | H4: Assignment_Key
A5: HANDOVER | B5: =Duty_Plan!A5 | C5: =Duty_Plan!C5 | D5: =INDEX(Source_Snapshot!$B$5:$B$9,MATCH(Duty_Plan!D5,Source_Snapshot!$C$5:$C$9,0)) | E5: =INDEX(Source_Snapshot!$B$5:$B$9,MATCH(Duty_Plan!E5,Source_Snapshot!$C$5:$C$9,0)) | F5: =Duty_Plan!F5 | G5: =Duty_Plan!G5 | H5: =B5&"|"&D5
A6: HANDOVER | B6: =Duty_Plan!A6 | C6: =Duty_Plan!C6 | D6: =INDEX(Source_Snapshot!$B$5:$B$9,MATCH(Duty_Plan!D6,Source_Snapshot!$C$5:$C$9,0)) | E6: =INDEX(Source_Snapshot!$B$5:$B$9,MATCH(Duty_Plan!E6,Source_Snapshot!$C$5:$C$9,0)) | F6: =Duty_Plan!F6 | G6: =Duty_Plan!G6 | H6: =B6&"|"&D6
A7: HANDOVER | B7: =Duty_Plan!A7 | C7: =Duty_Plan!C7 | D7: =INDEX(Source_Snapshot!$B$5:$B$9,MATCH(Duty_Plan!D7,Source_Snapshot!$C$5:$C$9,0)) | E7: =INDEX(Source_Snapshot!$B$5:$B$9,MATCH(Duty_Plan!E7,Source_Snapshot!$C$5:$C$9,0)) | F7: =Duty_Plan!F7 | G7: =Duty_Plan!G7 | H7: =B7&"|"&D7
A8: HANDOVER | B8: =Duty_Plan!A8 | C8: =Duty_Plan!C8 | D8: =INDEX(Source_Snapshot!$B$5:$B$9,MATCH(Duty_Plan!D8,Source_Snapshot!$C$5:$C$9,0)) | E8: =INDEX(Source_Snapshot!$B$5:$B$9,MATCH(Duty_Plan!E8,Source_Snapshot!$C$5:$C$9,0)) | F8: =Duty_Plan!F8 | G8: =Duty_Plan!G8 | H8: =B8&"|"&D8
A9: HANDOVER | B9: =Duty_Plan!A9 | C9: =Duty_Plan!C9 | D9: =INDEX(Source_Snapshot!$B$5:$B$9,MATCH(Duty_Plan!D9,Source_Snapshot!$C$5:$C$9,0)) | E9: =INDEX(Source_Snapshot!$B$5:$B$9,MATCH(Duty_Plan!E9,Source_Snapshot!$C$5:$C$9,0)) | F9: =Duty_Plan!F9 | G9: =Duty_Plan!G9 | H9: =B9&"|"&D9
A10: HANDOVER | B10: =Duty_Plan!A10 | C10: =Duty_Plan!C10 | D10: =INDEX(Source_Snapshot!$B$5:$B$9,MATCH(Duty_Plan!D10,Source_Snapshot!$C$5:$C$9,0)) | E10: =INDEX(Source_Snapshot!$B$5:$B$9,MATCH(Duty_Plan!E10,Source_Snapshot!$C$5:$C$9,0)) | F10: =Duty_Plan!F10 | G10: =Duty_Plan!G10 | H10: =B10&"|"&D10

Sheet Lists
A1: Controlled Lists
A2: Maintain source-approved values only; names feed validations.
A4: Assignment Candidates | C4: Readiness Status | E4: Action Status | G4: Assumption Disposition
A5: Esperanza Mortensen | C5: Ready | E5: Not Started | G5: Assume
A6: Ragnhild Garrido | C6: Conditional | E6: In Progress | G6: Exclude
A7: Valeria Nightingale | C7: Not Ready | E7: Complete | G7: Escalate
