Workbook

Sheet Read Me
A1: Millrace Agricultural | Stocking-Rebate Review Model
A3: Purpose | B3: Preserved purchase analysis and formula-driven first-use program model for counsel review.
A4: Source history | B4: Purchase Analysis preserves every transaction from millrace_purchase_history.xlsx.
A5: Reviewer fields | B5: Pale yellow cells are unlocked, blank reviewer-entry fields; leave blank unless review supplies an override.
A6: Calculated output | B6: Pale blue cells are locked formulas. Recalculate in Excel or LibreOffice after any authorized change.
A7: Print areas | B7: Read Me: A1:L16; Purchase Analysis: A1:M29 (one page wide); Program Model: A1:L27.
A8: Navigation | B8: Use the lower comparison tables to reconcile family and jurisdiction totals to the period totals.
A11: Reviewer handoff
A12: This workbook has no external links. Purchase-row qualification is formula-driven from stock status and merchandise amount. Program Model entry cells are intentionally blank at delivery; its output cells use the preserved baseline and approved packet terms. Both the Read Me and Program Model print as one A4 landscape page.

Sheet Purchase Analysis
A1: Millrace Agricultural | Preserved Purchase Analysis
A2: Qualification: approved stocking-product merchandise, net of returns/credits; freight, tax, special order and non-stock excluded.
A3: Source: millrace_purchase_history.xlsx | Completed periods: 01/01/2024–12/31/2024 and 01/01/2025–12/31/2025
A5: Transaction ID | B5: Posting Date | C5: Period | D5: Jurisdiction | E5: Product Family | F5: Stock Status | G5: Transaction Type | H5: Merchandise Amount | I5: Freight | J5: Tax | K5: Sales Note | L5: Qualification Status | M5: Qualified Amount
A6: MR-24001 | B6: 45309 | C6: Prior completed period | D6: Illinois | E6: Till+Spray | F6: Stock | G6: Invoice | H6: 31800 | I6: 720 | J6: 2862 | K6: IL warehouse | L6: =IF(F6="Stock","Qualified","Excluded") | M6: =IF(L6="Qualified",H6,0)
A7: MR-24002 | B7: 45331 | C7: Prior completed period | D7: Wisconsin | E7: Harvest | F7: Stock | G7: Invoice | H7: 24600 | I7: 480 | J7: 1968 | L7: =IF(F7="Stock","Qualified","Excluded") | M7: =IF(L7="Qualified",H7,0)
A8: MR-24003 | B8: 45365 | C8: Prior completed period | D8: Illinois | E8: Field Parts | F8: Stock | G8: Invoice | H8: 18750 | I8: 390 | J8: 1688 | L8: =IF(F8="Stock","Qualified","Excluded") | M8: =IF(L8="Qualified",H8,0)
A9: MR-24004 | B9: 45386 | C9: Prior completed period | D9: Wisconsin | E9: Till+Spray | F9: Stock | G9: Invoice | H9: 22800 | I9: 450 | J9: 1824 | L9: =IF(F9="Stock","Qualified","Excluded") | M9: =IF(L9="Qualified",H9,0)
A10: MR-24005 | B10: 45434 | C10: Prior completed period | D10: Illinois | E10: Harvest | F10: Stock | G10: Invoice | H10: 21300 | I10: 420 | J10: 1917 | L10: =IF(F10="Stock","Qualified","Excluded") | M10: =IF(L10="Qualified",H10,0)
A11: MR-24006 | B11: 45454 | C11: Prior completed period | D11: Wisconsin | E11: Field Parts | F11: Stock | G11: Invoice | H11: 16400 | I11: 280 | J11: 1312 | L11: =IF(F11="Stock","Qualified","Excluded") | M11: =IF(L11="Qualified",H11,0)
A12: MR-24007 | B12: 45476 | C12: Prior completed period | D12: Illinois | E12: Till+Spray | F12: Stock | G12: Credit | H12: -2400 | I12: -55 | J12: -216 | K12: return: row 24001 | L12: =IF(F12="Stock","Qualified","Excluded") | M12: =IF(L12="Qualified",H12,0)
A13: MR-24008 | B13: 45523 | C13: Prior completed period | D13: Wisconsin | E13: Harvest | F13: Special order | G13: Invoice | H13: 9800 | I13: 250 | J13: 784 | K13: direct ship | L13: =IF(F13="Stock","Qualified","Excluded") | M13: =IF(L13="Qualified",H13,0)
A14: MR-24009 | B14: 45541 | C14: Prior completed period | D14: Illinois | E14: Field Parts | F14: Non-stock | G14: Invoice | H14: 6200 | I14: 160 | J14: 558 | L14: =IF(F14="Stock","Qualified","Excluded") | M14: =IF(L14="Qualified",H14,0)
A15: MR-24010 | B15: 45582 | C15: Prior completed period | D15: Wisconsin | E15: Till+Spray | F15: Stock | G15: Invoice | H15: 19600 | I15: 410 | J15: 1568 | L15: =IF(F15="Stock","Qualified","Excluded") | M15: =IF(L15="Qualified",H15,0)
A16: MR-24011 | B16: 45603 | C16: Prior completed period | D16: Illinois | E16: Harvest | F16: Stock | G16: Invoice | H16: 20100 | I16: 430 | J16: 1809 | L16: =IF(F16="Stock","Qualified","Excluded") | M16: =IF(L16="Qualified",H16,0)
A17: MR-24012 | B17: 45638 | C17: Prior completed period | D17: Wisconsin | E17: Field Parts | F17: Stock | G17: Invoice | H17: 14200 | I17: 270 | J17: 1136 | L17: =IF(F17="Stock","Qualified","Excluded") | M17: =IF(L17="Qualified",H17,0)
A18: MR-25001 | B18: 45672 | C18: Current completed period | D18: Illinois | E18: Till+Spray | F18: Stock | G18: Invoice | H18: 39000 | I18: 810 | J18: 3510 | L18: =IF(F18="Stock","Qualified","Excluded") | M18: =IF(L18="Qualified",H18,0)
A19: MR-25002 | B19: 45694 | C19: Current completed period | D19: Wisconsin | E19: Harvest | F19: Stock | G19: Invoice | H19: 17900 | I19: 360 | J19: 1432 | L19: =IF(F19="Stock","Qualified","Excluded") | M19: =IF(L19="Qualified",H19,0)
A20: MR-25003 | B20: 45736 | C20: Current completed period | D20: Illinois | E20: Field Parts | F20: Stock | G20: Invoice | H20: 25500 | I20: 530 | J20: 2295 | L20: =IF(F20="Stock","Qualified","Excluded") | M20: =IF(L20="Qualified",H20,0)
A21: MR-25004 | B21: 45757 | C21: Current completed period | D21: Wisconsin | E21: Till+Spray | F21: Stock | G21: Invoice | H21: 28500 | I21: 550 | J21: 2280 | L21: =IF(F21="Stock","Qualified","Excluded") | M21: =IF(L21="Qualified",H21,0)
A22: MR-25005 | B22: 45806 | C22: Current completed period | D22: Illinois | E22: Harvest | F22: Stock | G22: Invoice | H22: 18300 | I22: 390 | J22: 1647 | L22: =IF(F22="Stock","Qualified","Excluded") | M22: =IF(L22="Qualified",H22,0)
A23: MR-25006 | B23: 45826 | C23: Current completed period | D23: Wisconsin | E23: Field Parts | F23: Stock | G23: Invoice | H23: 20400 | I23: 370 | J23: 1632 | L23: =IF(F23="Stock","Qualified","Excluded") | M23: =IF(L23="Qualified",H23,0)
A24: MR-25007 | B24: 45846 | C24: Current completed period | D24: Illinois | E24: Till+Spray | F24: Stock | G24: Credit | H24: -3100 | I24: -70 | J24: -279 | K24: return: row 25001 | L24: =IF(F24="Stock","Qualified","Excluded") | M24: =IF(L24="Qualified",H24,0)
A25: MR-25008 | B25: 45890 | C25: Current completed period | D25: Wisconsin | E25: Harvest | F25: Special order | G25: Invoice | H25: 11700 | I25: 290 | J25: 936 | K25: direct ship | L25: =IF(F25="Stock","Qualified","Excluded") | M25: =IF(L25="Qualified",H25,0)
A26: MR-25009 | B26: 45910 | C26: Current completed period | D26: Illinois | E26: Field Parts | F26: Non-stock | G26: Invoice | H26: 7700 | I26: 190 | J26: 693 | L26: =IF(F26="Stock","Qualified","Excluded") | M26: =IF(L26="Qualified",H26,0)
A27: MR-25010 | B27: 45953 | C27: Current completed period | D27: Wisconsin | E27: Till+Spray | F27: Stock | G27: Invoice | H27: 26400 | I27: 510 | J27: 2112 | L27: =IF(F27="Stock","Qualified","Excluded") | M27: =IF(L27="Qualified",H27,0)
A28: MR-25011 | B28: 45974 | C28: Current completed period | D28: Illinois | E28: Harvest | F28: Stock | G28: Invoice | H28: 16800 | I28: 340 | J28: 1512 | L28: =IF(F28="Stock","Qualified","Excluded") | M28: =IF(L28="Qualified",H28,0)
A29: MR-25012 | B29: 46009 | C29: Current completed period | D29: Wisconsin | E29: Field Parts | F29: Stock | G29: Invoice | H29: 18800 | I29: 350 | J29: 1504 | L29: =IF(F29="Stock","Qualified","Excluded") | M29: =IF(L29="Qualified",H29,0)

Sheet Program Model
A1: Millrace Agricultural | Stocking-Rebate Program Model
A2: Use pale-yellow blank fields only for counsel-review entries. Pale-blue fields are protected calculations; approved baseline terms remain formula-driven.
A3: Model basis: current completed-period qualified purchases; 2026 earning period; tiers apply at highest attained level.
A4: Illinois and Wisconsin administration points remain separate below. No program approval or recommendation is stated.
A5: Legend
A6: Reviewer entry — blank | C6: Calculated — formula
A8: Reviewer-entry controls (leave blank at delivery) | F8: Calculated outputs
A9: Reviewer threshold override | F9: Prior-period qualified purchases | G9: =SUMIF('Purchase Analysis'!$C$6:$C$29,"Prior completed period",'Purchase Analysis'!$M$6:$M$29) | I9: Earning-period start | J9: =DATE(2026,1,1)
A10: Reviewer rate override | F10: Current-period qualified purchases | G10: =SUMIF('Purchase Analysis'!$C$6:$C$29,"Current completed period",'Purchase Analysis'!$M$6:$M$29) | I10: Earning-period end | J10: =DATE(2026,12,31)
A11: Reviewer earning-period start override | F11: Dollar change | G11: =G10-G9 | I11: Tier 1 threshold | J11: =ROUNDUP(G10*90%,0)
A12: Reviewer earning-period end override | F12: Percentage change | G12: =IFERROR(G11/G9,0) | I12: Tier 2 threshold | J12: =ROUNDUP(G10*105%,0)
A13: Reviewer provisional-credit override | F13: Modeled earned rebate | G13: =G10*LOOKUP(G10,{0,J11,J12,J13},{0,J14,J15,J16}) | I13: Tier 3 threshold | J13: =ROUNDUP(G10*120%,0)
A14: Reviewer notes | F14: Modeled provisional credits | G14: =G10*J14 | I14: Tier 1 rate | J14: =1%
F15: Recoverable unearned amount | G15: =MAX(G14-G13,0) | I15: Tier 2 rate | J15: =1.75%
F16: Provisional-credit timing | G16: ="Quarterly; credits conditional until year-end determination" | I16: Tier 3 rate | J16: =2.5%
F17: Eligibility factors | G17: ="Stock covered lines; comparable distribution functions; comparable-account availability" | I17: Illinois / Wisconsin | J17: =CONCAT("IL: statement pre-period / annual 45 days; WI: file pre-credit / annual 60 days")
F18: Recovery timing | G18: ="Repayment or offset within 30 days after year-end statement" | I18: Qualified-purchase definition | J18: ="Stock merchandise net of returns/credits; excludes freight, tax, Special order, Non-stock"
A21: Period and product-family comparison | H21: Jurisdiction comparison
A22: Measure | B22: Prior | C22: Current | D22: Change | E22: % Change | F22: Reconciles | H22: Jurisdiction | I22: Prior | J22: Current | K22: Change | L22: Reconciles
A23: Qualified purchases | B23: =G9 | C23: =G10 | D23: =C23-B23 | E23: =IFERROR(D23/B23,0) | F23: =SUM(B24:B26)=B23 | H23: Illinois | I23: =SUMIFS('Purchase Analysis'!$M$6:$M$29,'Purchase Analysis'!$C$6:$C$29,"Prior completed period",'Purchase Analysis'!$D$6:$D$29,"Illinois") | J23: =SUMIFS('Purchase Analysis'!$M$6:$M$29,'Purchase Analysis'!$C$6:$C$29,"Current completed period",'Purchase Analysis'!$D$6:$D$29,"Illinois") | K23: =J23-I23
A24: Till+Spray | B24: =SUMIFS('Purchase Analysis'!$M$6:$M$29,'Purchase Analysis'!$C$6:$C$29,"Prior completed period",'Purchase Analysis'!$E$6:$E$29,"{f}") | C24: =SUMIFS('Purchase Analysis'!$M$6:$M$29,'Purchase Analysis'!$C$6:$C$29,"Current completed period",'Purchase Analysis'!$E$6:$E$29,"Till+Spray") | D24: =C24-B24 | E24: =IFERROR(D24/B24,0) | H24: Wisconsin | I24: =SUMIFS('Purchase Analysis'!$M$6:$M$29,'Purchase Analysis'!$C$6:$C$29,"Prior completed period",'Purchase Analysis'!$D$6:$D$29,"Wisconsin") | J24: =SUMIFS('Purchase Analysis'!$M$6:$M$29,'Purchase Analysis'!$C$6:$C$29,"Current completed period",'Purchase Analysis'!$D$6:$D$29,"Wisconsin") | K24: =J24-I24
A25: Harvest | B25: =SUMIFS('Purchase Analysis'!$M$6:$M$29,'Purchase Analysis'!$C$6:$C$29,"Prior completed period",'Purchase Analysis'!$E$6:$E$29,"{f}") | C25: =SUMIFS('Purchase Analysis'!$M$6:$M$29,'Purchase Analysis'!$C$6:$C$29,"Current completed period",'Purchase Analysis'!$E$6:$E$29,"Harvest") | D25: =C25-B25 | E25: =IFERROR(D25/B25,0) | H25: Total | I25: =SUM(I23:I24) | J25: =SUM(J23:J24) | K25: =J25-I25 | L25: =AND(I25=G9,J25=G10)
A26: Field Parts | B26: =SUMIFS('Purchase Analysis'!$M$6:$M$29,'Purchase Analysis'!$C$6:$C$29,"Prior completed period",'Purchase Analysis'!$E$6:$E$29,"{f}") | C26: =SUMIFS('Purchase Analysis'!$M$6:$M$29,'Purchase Analysis'!$C$6:$C$29,"Current completed period",'Purchase Analysis'!$E$6:$E$29,"Field Parts") | D26: =C26-B26 | E26: =IFERROR(D26/B26,0)
A27: Material change: formulas above compare qualified purchase movements by family and jurisdiction; no approval conclusion is stated. | H27: IL: statement before period; quarterly credits labeled provisional; reconciliation within 45 days. WI: file before first credit; statement within 60 days; offset after statement.
