Workbook

Sheet Run Summary
A1: Kilnbrook Foundry | July crew and bay capacity
A2: Decision view generated from the reconciled Cranemoor bookings and the frozen 1 June turnaround snapshot.
A4: Selected plan
A5: Selected objective | B5: coverage
A6: Recommendation | B6: Recommended default: coverage-led plan, favoring greatest booking coverage. It schedules 7 of 11 eligible July bookings at $724.81. The cost-led comparison schedules 6 confirmed bookings at $664.25; coverage is the recommended reading because the current decision is whether constrained regional capacity can absorb more work.
A8: Scheduled bookings | B8: =SUM(Schedule!$S$5:$S$14) -> 7
A9: Eligible denominator | B9: =B8+SUM(Unscheduled!$H$5:$H$8) -> 11
A10: Booking coverage | B10: =IF(B9=0,0,B8/B9) -> 0.63636364
A11: Total labour hours | B11: =SUM(Schedule!$Q$5:$Q$14) -> 18.75
A12: Total labour cost | B12: =ROUND(SUM(Schedule!$R$5:$R$14),2) -> 724.81
A14: Coverage-mode comparison | B14: 7 scheduled bookings
A15: Cost-mode comparison | B15: 664.25 USD total labour cost

Sheet Schedule
A1: Crew and bay assignments
A2: One row per assigned employee. Occupied time includes frozen turnaround; rounding and labour cost are spreadsheet formulas.
A4: Booking ID | B4: Operation Date | C4: Status | D4: Revision | E4: Requested Start | F4: Requested End | G4: Occupied Start | H4: Occupied End | I4: Occupied Hours | J4: Bay ID | K4: Employee ID | L4: Employee Name | M4: Equipment Class | N4: Required Crew | O4: Priority | P4: Hourly Rate | Q4: Rounded Labour Hours | R4: Labour Cost | S4: Booking Marker | T4: Source Row | U4: 46204 | V4: 46205 | W4: 46206 | X4: 46207 | Y4: 46208 | Z4: 46209 | AA4: 46210 | AB4: 46211 | AC4: 46212 | AD4: 46213 | AE4: 46214 | AF4: 46215 | AG4: 46216 | AH4: 46217 | AI4: 46218 | AJ4: 46219 | AK4: 46220 | AL4: 46221 | AM4: 46222 | AN4: 46223 | AO4: 46224 | AP4: 46225 | AQ4: 46226 | AR4: 46227 | AS4: 46228 | AT4: 46229 | AU4: 46230 | AV4: 46231 | AW4: 46232 | AX4: 46233 | AY4: 46234
A5: CRN-2401 | B5: 46209 | C5: Confirmed | D5: 2 | E5: 46209.333 | F5: 46209.375 | G5: 46209.312 | H5: 46209.406 | I5: =(H5-G5)*24 -> 2.25 | J5: Bay-H2 | K5: KB-041 | L5: Alina Rios | M5: Furnace | N5: 2 | O5: 9 | P5: 41.5 | Q5: =ROUNDUP(I5*4,0)/4 -> 2.25 | R5: =Q5*P5 -> 93.375 | S5: =IF(COUNTIF($A$5:A5,A5)=1,1,0) -> 1 | T5: 6 | U5: =IF(AND($S5=1,$G5<U$4+1,$H5>U$4),(MIN($H5,U$4+1)-MAX($G5,U$4))*24,0) -> 0 | V5: =IF(AND($S5=1,$G5<V$4+1,$H5>V$4),(MIN($H5,V$4+1)-MAX($G5,V$4))*24,0) -> 0 | W5: =IF(AND($S5=1,$G5<W$4+1,$H5>W$4),(MIN($H5,W$4+1)-MAX($G5,W$4))*24,0) -> 0 | X5: =IF(AND($S5=1,$G5<X$4+1,$H5>X$4),(MIN($H5,X$4+1)-MAX($G5,X$4))*24,0) -> 0 | Y5: =IF(AND($S5=1,$G5<Y$4+1,$H5>Y$4),(MIN($H5,Y$4+1)-MAX($G5,Y$4))*24,0) -> 0 | Z5: =IF(AND($S5=1,$G5<Z$4+1,$H5>Z$4),(MIN($H5,Z$4+1)-MAX($G5,Z$4))*24,0) -> 2.25 | AA5: =IF(AND($S5=1,$G5<AA$4+1,$H5>AA$4),(MIN($H5,AA$4+1)-MAX($G5,AA$4))*24,0) -> 0 | AB5: =IF(AND($S5=1,$G5<AB$4+1,$H5>AB$4),(MIN($H5,AB$4+1)-MAX($G5,AB$4))*24,0) -> 0 | ... AY5: =IF(AND($S5=1,$G5<AY$4+1,$H5>AY$4),(MIN($H5,AY$4+1)-MAX($G5,AY$4))*24,0) -> 0
A6: CRN-2401 | B6: 46209 | C6: Confirmed | D6: 2 | E6: 46209.333 | F6: 46209.375 | G6: 46209.312 | H6: 46209.406 | I6: =(H6-G6)*24 -> 2.25 | J6: Bay-H2 | K6: KB-057 | L6: Marek Voss | M6: Furnace | N6: 2 | O6: 9 | P6: 34.25 | Q6: =ROUNDUP(I6*4,0)/4 -> 2.25 | R6: =Q6*P6 -> 77.0625 | S6: =IF(COUNTIF($A$5:A6,A6)=1,1,0) -> 0 | T6: 6 | U6: =IF(AND($S6=1,$G6<U$4+1,$H6>U$4),(MIN($H6,U$4+1)-MAX($G6,U$4))*24,0) -> 0 | V6: =IF(AND($S6=1,$G6<V$4+1,$H6>V$4),(MIN($H6,V$4+1)-MAX($G6,V$4))*24,0) -> 0 | W6: =IF(AND($S6=1,$G6<W$4+1,$H6>W$4),(MIN($H6,W$4+1)-MAX($G6,W$4))*24,0) -> 0 | X6: =IF(AND($S6=1,$G6<X$4+1,$H6>X$4),(MIN($H6,X$4+1)-MAX($G6,X$4))*24,0) -> 0 | Y6: =IF(AND($S6=1,$G6<Y$4+1,$H6>Y$4),(MIN($H6,Y$4+1)-MAX($G6,Y$4))*24,0) -> 0 | Z6: =IF(AND($S6=1,$G6<Z$4+1,$H6>Z$4),(MIN($H6,Z$4+1)-MAX($G6,Z$4))*24,0) -> 0 | AA6: =IF(AND($S6=1,$G6<AA$4+1,$H6>AA$4),(MIN($H6,AA$4+1)-MAX($G6,AA$4))*24,0) -> 0 | AB6: =IF(AND($S6=1,$G6<AB$4+1,$H6>AB$4),(MIN($H6,AB$4+1)-MAX($G6,AB$4))*24,0) -> 0 | ... AY6: =IF(AND($S6=1,$G6<AY$4+1,$H6>AY$4),(MIN($H6,AY$4+1)-MAX($G6,AY$4))*24,0) -> 0
A7: CRN-2403 | B7: 46209 | C7: Confirmed | D7: 0 | E7: 46209.354 | F7: 46209.396 | G7: 46209.333 | H7: 46209.427 | I7: =(H7-G7)*24 -> 2.25 | J7: Bay-H1 | K7: KB-063 | L7: Priya Sen | M7: Furnace | N7: 2 | O7: 10 | P7: 52.75 | Q7: =ROUNDUP(I7*4,0)/4 -> 2.25 | R7: =Q7*P7 -> 118.6875 | S7: =IF(COUNTIF($A$5:A7,A7)=1,1,0) -> 1 | T7: 9 | U7: =IF(AND($S7=1,$G7<U$4+1,$H7>U$4),(MIN($H7,U$4+1)-MAX($G7,U$4))*24,0) -> 0 | V7: =IF(AND($S7=1,$G7<V$4+1,$H7>V$4),(MIN($H7,V$4+1)-MAX($G7,V$4))*24,0) -> 0 | W7: =IF(AND($S7=1,$G7<W$4+1,$H7>W$4),(MIN($H7,W$4+1)-MAX($G7,W$4))*24,0) -> 0 | X7: =IF(AND($S7=1,$G7<X$4+1,$H7>X$4),(MIN($H7,X$4+1)-MAX($G7,X$4))*24,0) -> 0 | Y7: =IF(AND($S7=1,$G7<Y$4+1,$H7>Y$4),(MIN($H7,Y$4+1)-MAX($G7,Y$4))*24,0) -> 0 | Z7: =IF(AND($S7=1,$G7<Z$4+1,$H7>Z$4),(MIN($H7,Z$4+1)-MAX($G7,Z$4))*24,0) -> 2.25 | AA7: =IF(AND($S7=1,$G7<AA$4+1,$H7>AA$4),(MIN($H7,AA$4+1)-MAX($G7,AA$4))*24,0) -> 0 | AB7: =IF(AND($S7=1,$G7<AB$4+1,$H7>AB$4),(MIN($H7,AB$4+1)-MAX($G7,AB$4))*24,0) -> 0 | ... AY7: =IF(AND($S7=1,$G7<AY$4+1,$H7>AY$4),(MIN($H7,AY$4+1)-MAX($G7,AY$4))*24,0) -> 0
A8: CRN-2403 | B8: 46209 | C8: Confirmed | D8: 0 | E8: 46209.354 | F8: 46209.396 | G8: 46209.333 | H8: 46209.427 | I8: =(H8-G8)*24 -> 2.25 | J8: Bay-H1 | K8: KB-111 | L8: Ishan Rao | M8: Furnace | N8: 2 | O8: 10 | P8: 38 | Q8: =ROUNDUP(I8*4,0)/4 -> 2.25 | R8: =Q8*P8 -> 85.5 | S8: =IF(COUNTIF($A$5:A8,A8)=1,1,0) -> 0 | T8: 9 | U8: =IF(AND($S8=1,$G8<U$4+1,$H8>U$4),(MIN($H8,U$4+1)-MAX($G8,U$4))*24,0) -> 0 | V8: =IF(AND($S8=1,$G8<V$4+1,$H8>V$4),(MIN($H8,V$4+1)-MAX($G8,V$4))*24,0) -> 0 | W8: =IF(AND($S8=1,$G8<W$4+1,$H8>W$4),(MIN($H8,W$4+1)-MAX($G8,W$4))*24,0) -> 0 | X8: =IF(AND($S8=1,$G8<X$4+1,$H8>X$4),(MIN($H8,X$4+1)-MAX($G8,X$4))*24,0) -> 0 | Y8: =IF(AND($S8=1,$G8<Y$4+1,$H8>Y$4),(MIN($H8,Y$4+1)-MAX($G8,Y$4))*24,0) -> 0 | Z8: =IF(AND($S8=1,$G8<Z$4+1,$H8>Z$4),(MIN($H8,Z$4+1)-MAX($G8,Z$4))*24,0) -> 0 | AA8: =IF(AND($S8=1,$G8<AA$4+1,$H8>AA$4),(MIN($H8,AA$4+1)-MAX($G8,AA$4))*24,0) -> 0 | AB8: =IF(AND($S8=1,$G8<AB$4+1,$H8>AB$4),(MIN($H8,AB$4+1)-MAX($G8,AB$4))*24,0) -> 0 | ... AY8: =IF(AND($S8=1,$G8<AY$4+1,$H8>AY$4),(MIN($H8,AY$4+1)-MAX($G8,AY$4))*24,0) -> 0
A9: CRN-2405 | B9: 46209 | C9: Provisional | D9: 0 | E9: 46209.458 | F9: 46209.484 | G9: 46209.458 | H9: 46209.505 | I9: =(H9-G9)*24 -> 1.1166667 | J9: Bay-S1 | K9: KB-104 | L9: Tessa Wu | M9: Inspection Rig | N9: 1 | O9: 3 | P9: 37.25 | Q9: =ROUNDUP(I9*4,0)/4 -> 1.25 | R9: =Q9*P9 -> 46.5625 | S9: =IF(COUNTIF($A$5:A9,A9)=1,1,0) -> 1 | T9: 11 | U9: =IF(AND($S9=1,$G9<U$4+1,$H9>U$4),(MIN($H9,U$4+1)-MAX($G9,U$4))*24,0) -> 0 | V9: =IF(AND($S9=1,$G9<V$4+1,$H9>V$4),(MIN($H9,V$4+1)-MAX($G9,V$4))*24,0) -> 0 | W9: =IF(AND($S9=1,$G9<W$4+1,$H9>W$4),(MIN($H9,W$4+1)-MAX($G9,W$4))*24,0) -> 0 | X9: =IF(AND($S9=1,$G9<X$4+1,$H9>X$4),(MIN($H9,X$4+1)-MAX($G9,X$4))*24,0) -> 0 | Y9: =IF(AND($S9=1,$G9<Y$4+1,$H9>Y$4),(MIN($H9,Y$4+1)-MAX($G9,Y$4))*24,0) -> 0 | Z9: =IF(AND($S9=1,$G9<Z$4+1,$H9>Z$4),(MIN($H9,Z$4+1)-MAX($G9,Z$4))*24,0) -> 1.1166667 | AA9: =IF(AND($S9=1,$G9<AA$4+1,$H9>AA$4),(MIN($H9,AA$4+1)-MAX($G9,AA$4))*24,0) -> 0 | AB9: =IF(AND($S9=1,$G9<AB$4+1,$H9>AB$4),(MIN($H9,AB$4+1)-MAX($G9,AB$4))*24,0) -> 0 | ... AY9: =IF(AND($S9=1,$G9<AY$4+1,$H9>AY$4),(MIN($H9,AY$4+1)-MAX($G9,AY$4))*24,0) -> 0
A10: CRN-2406 | B10: 46210 | C10: Confirmed | D10: 0 | E10: 46210.375 | F10: 46210.438 | G10: 46210.365 | H10: 46210.448 | I10: =(H10-G10)*24 -> 2 | J10: Bay-E1 | K10: KB-092 | L10: Owen Park | M10: Electrical Panel | N10: 1 | O10: 9 | P10: 29.5 | Q10: =ROUNDUP(I10*4,0)/4 -> 2 | R10: =Q10*P10 -> 59 | S10: =IF(COUNTIF($A$5:A10,A10)=1,1,0) -> 1 | T10: 12 | U10: =IF(AND($S10=1,$G10<U$4+1,$H10>U$4),(MIN($H10,U$4+1)-MAX($G10,U$4))*24,0) -> 0 | V10: =IF(AND($S10=1,$G10<V$4+1,$H10>V$4),(MIN($H10,V$4+1)-MAX($G10,V$4))*24,0) -> 0 | W10: =IF(AND($S10=1,$G10<W$4+1,$H10>W$4),(MIN($H10,W$4+1)-MAX($G10,W$4))*24,0) -> 0 | X10: =IF(AND($S10=1,$G10<X$4+1,$H10>X$4),(MIN($H10,X$4+1)-MAX($G10,X$4))*24,0) -> 0 | Y10: =IF(AND($S10=1,$G10<Y$4+1,$H10>Y$4),(MIN($H10,Y$4+1)-MAX($G10,Y$4))*24,0) -> 0 | Z10: =IF(AND($S10=1,$G10<Z$4+1,$H10>Z$4),(MIN($H10,Z$4+1)-MAX($G10,Z$4))*24,0) -> 0 | AA10: =IF(AND($S10=1,$G10<AA$4+1,$H10>AA$4),(MIN($H10,AA$4+1)-MAX($G10,AA$4))*24,0) -> 2 | AB10: =IF(AND($S10=1,$G10<AB$4+1,$H10>AB$4),(MIN($H10,AB$4+1)-MAX($G10,AB$4))*24,0) -> 0 | ... AY10: =IF(AND($S10=1,$G10<AY$4+1,$H10>AY$4),(MIN($H10,AY$4+1)-MAX($G10,AY$4))*24,0) -> 0
A11: CRN-2408 | B11: 46210 | C11: Provisional | D11: 0 | E11: 46210.458 | F11: 46210.49 | G11: 46210.458 | H11: 46210.51 | I11: =(H11-G11)*24 -> 1.25 | J11: Bay-S1 | K11: KB-092 | L11: Owen Park | M11: Inspection Rig | N11: 1 | O11: 4 | P11: 29.5 | Q11: =ROUNDUP(I11*4,0)/4 -> 1.25 | R11: =Q11*P11 -> 36.875 | S11: =IF(COUNTIF($A$5:A11,A11)=1,1,0) -> 1 | T11: 14 | U11: =IF(AND($S11=1,$G11<U$4+1,$H11>U$4),(MIN($H11,U$4+1)-MAX($G11,U$4))*24,0) -> 0 | V11: =IF(AND($S11=1,$G11<V$4+1,$H11>V$4),(MIN($H11,V$4+1)-MAX($G11,V$4))*24,0) -> 0 | W11: =IF(AND($S11=1,$G11<W$4+1,$H11>W$4),(MIN($H11,W$4+1)-MAX($G11,W$4))*24,0) -> 0 | X11: =IF(AND($S11=1,$G11<X$4+1,$H11>X$4),(MIN($H11,X$4+1)-MAX($G11,X$4))*24,0) -> 0 | Y11: =IF(AND($S11=1,$G11<Y$4+1,$H11>Y$4),(MIN($H11,Y$4+1)-MAX($G11,Y$4))*24,0) -> 0 | Z11: =IF(AND($S11=1,$G11<Z$4+1,$H11>Z$4),(MIN($H11,Z$4+1)-MAX($G11,Z$4))*24,0) -> 0 | AA11: =IF(AND($S11=1,$G11<AA$4+1,$H11>AA$4),(MIN($H11,AA$4+1)-MAX($G11,AA$4))*24,0) -> 1.25 | AB11: =IF(AND($S11=1,$G11<AB$4+1,$H11>AB$4),(MIN($H11,AB$4+1)-MAX($G11,AB$4))*24,0) -> 0 | ... AY11: =IF(AND($S11=1,$G11<AY$4+1,$H11>AY$4),(MIN($H11,AY$4+1)-MAX($G11,AY$4))*24,0) -> 0
A12: CRN-2409 | B12: 46211 | C12: Confirmed | D12: 0 | E12: 46211.333 | F12: 46211.365 | G12: 46211.312 | H12: 46211.396 | I12: =(H12-G12)*24 -> 2 | J12: Bay-H1 | K12: KB-041 | L12: Alina Rios | M12: Furnace | N12: 2 | O12: 6 | P12: 41.5 | Q12: =ROUNDUP(I12*4,0)/4 -> 2 | R12: =Q12*P12 -> 83 | S12: =IF(COUNTIF($A$5:A12,A12)=1,1,0) -> 1 | T12: 15 | U12: =IF(AND($S12=1,$G12<U$4+1,$H12>U$4),(MIN($H12,U$4+1)-MAX($G12,U$4))*24,0) -> 0 | V12: =IF(AND($S12=1,$G12<V$4+1,$H12>V$4),(MIN($H12,V$4+1)-MAX($G12,V$4))*24,0) -> 0 | W12: =IF(AND($S12=1,$G12<W$4+1,$H12>W$4),(MIN($H12,W$4+1)-MAX($G12,W$4))*24,0) -> 0 | X12: =IF(AND($S12=1,$G12<X$4+1,$H12>X$4),(MIN($H12,X$4+1)-MAX($G12,X$4))*24,0) -> 0 | Y12: =IF(AND($S12=1,$G12<Y$4+1,$H12>Y$4),(MIN($H12,Y$4+1)-MAX($G12,Y$4))*24,0) -> 0 | Z12: =IF(AND($S12=1,$G12<Z$4+1,$H12>Z$4),(MIN($H12,Z$4+1)-MAX($G12,Z$4))*24,0) -> 0 | AA12: =IF(AND($S12=1,$G12<AA$4+1,$H12>AA$4),(MIN($H12,AA$4+1)-MAX($G12,AA$4))*24,0) -> 0 | AB12: =IF(AND($S12=1,$G12<AB$4+1,$H12>AB$4),(MIN($H12,AB$4+1)-MAX($G12,AB$4))*24,0) -> 2 | ... AY12: =IF(AND($S12=1,$G12<AY$4+1,$H12>AY$4),(MIN($H12,AY$4+1)-MAX($G12,AY$4))*24,0) -> 0
A13: CRN-2409 | B13: 46211 | C13: Confirmed | D13: 0 | E13: 46211.333 | F13: 46211.365 | G13: 46211.312 | H13: 46211.396 | I13: =(H13-G13)*24 -> 2 | J13: Bay-H1 | K13: KB-057 | L13: Marek Voss | M13: Furnace | N13: 2 | O13: 6 | P13: 34.25 | Q13: =ROUNDUP(I13*4,0)/4 -> 2 | R13: =Q13*P13 -> 68.5 | S13: =IF(COUNTIF($A$5:A13,A13)=1,1,0) -> 0 | T13: 15 | U13: =IF(AND($S13=1,$G13<U$4+1,$H13>U$4),(MIN($H13,U$4+1)-MAX($G13,U$4))*24,0) -> 0 | V13: =IF(AND($S13=1,$G13<V$4+1,$H13>V$4),(MIN($H13,V$4+1)-MAX($G13,V$4))*24,0) -> 0 | W13: =IF(AND($S13=1,$G13<W$4+1,$H13>W$4),(MIN($H13,W$4+1)-MAX($G13,W$4))*24,0) -> 0 | X13: =IF(AND($S13=1,$G13<X$4+1,$H13>X$4),(MIN($H13,X$4+1)-MAX($G13,X$4))*24,0) -> 0 | Y13: =IF(AND($S13=1,$G13<Y$4+1,$H13>Y$4),(MIN($H13,Y$4+1)-MAX($G13,Y$4))*24,0) -> 0 | Z13: =IF(AND($S13=1,$G13<Z$4+1,$H13>Z$4),(MIN($H13,Z$4+1)-MAX($G13,Z$4))*24,0) -> 0 | AA13: =IF(AND($S13=1,$G13<AA$4+1,$H13>AA$4),(MIN($H13,AA$4+1)-MAX($G13,AA$4))*24,0) -> 0 | AB13: =IF(AND($S13=1,$G13<AB$4+1,$H13>AB$4),(MIN($H13,AB$4+1)-MAX($G13,AB$4))*24,0) -> 0 | ... AY13: =IF(AND($S13=1,$G13<AY$4+1,$H13>AY$4),(MIN($H13,AY$4+1)-MAX($G13,AY$4))*24,0) -> 0
A14: CRN-2413 | B14: 46234 | C14: Confirmed | D14: 0 | E14: 46234.625 | F14: 46234.651 | G14: 46234.625 | H14: 46234.672 | I14: =(H14-G14)*24 -> 1.1166667 | J14: Bay-S1 | K14: KB-088 | L14: Nadia Holt | M14: Inspection Rig | N14: 1 | O14: 4 | P14: 45 | Q14: =ROUNDUP(I14*4,0)/4 -> 1.25 | R14: =Q14*P14 -> 56.25 | S14: =IF(COUNTIF($A$5:A14,A14)=1,1,0) -> 1 | T14: 19 | U14: =IF(AND($S14=1,$G14<U$4+1,$H14>U$4),(MIN($H14,U$4+1)-MAX($G14,U$4))*24,0) -> 0 | V14: =IF(AND($S14=1,$G14<V$4+1,$H14>V$4),(MIN($H14,V$4+1)-MAX($G14,V$4))*24,0) -> 0 | W14: =IF(AND($S14=1,$G14<W$4+1,$H14>W$4),(MIN($H14,W$4+1)-MAX($G14,W$4))*24,0) -> 0 | X14: =IF(AND($S14=1,$G14<X$4+1,$H14>X$4),(MIN($H14,X$4+1)-MAX($G14,X$4))*24,0) -> 0 | Y14: =IF(AND($S14=1,$G14<Y$4+1,$H14>Y$4),(MIN($H14,Y$4+1)-MAX($G14,Y$4))*24,0) -> 0 | Z14: =IF(AND($S14=1,$G14<Z$4+1,$H14>Z$4),(MIN($H14,Z$4+1)-MAX($G14,Z$4))*24,0) -> 0 | AA14: =IF(AND($S14=1,$G14<AA$4+1,$H14>AA$4),(MIN($H14,AA$4+1)-MAX($G14,AA$4))*24,0) -> 0 | AB14: =IF(AND($S14=1,$G14<AB$4+1,$H14>AB$4),(MIN($H14,AB$4+1)-MAX($G14,AB$4))*24,0) -> 0 | ... AY14: =IF(AND($S14=1,$G14<AY$4+1,$H14>AY$4),(MIN($H14,AY$4+1)-MAX($G14,AY$4))*24,0) -> 1.1166667

Sheet Unscheduled
A1: Eligible demand not scheduled
A2: Cancelled and out-of-window records are shown in Data Quality. This list contains only active July demand.
A4: Booking ID | B4: Reason | C4: Status | D4: Operation Date | E4: Priority | F4: Revision | G4: Equipment Class | H4: Counts Toward Denominator
A5: CRN-2402 | B5: RESOURCE_CONFLICT | C5: Provisional | D5: 46209 | E5: 8 | F5: 0 | G5: Pressure Vessel | H5: 1
A6: CRN-2404 | B6: RESOURCE_CONFLICT | C6: Confirmed | D6: 46209 | E6: 2 | F6: 0 | G6: Inspection Rig | H6: 1
A7: CRN-2407 | B7: RESOURCE_CONFLICT | C7: Confirmed | D7: 46210 | E7: 7 | F7: 0 | G7: Electrical Panel | H7: 1
A8: CRN-2410 | B8: CREW_UNAVAILABLE | C8: Confirmed | D8: 46211 | E8: 5 | F8: 0 | G8: Electrical Panel | H8: 1

Sheet Daily Capacity
A1: Daily bay capacity
A2: Available hours are operating-window unions less blackout overlap. Used hours count each occupied bay interval once, without crew multiplication.
A4: Date | B4: Scheduled Bookings | C4: Operating Window Hours | D4: Blackout Reduction | E4: Available Bay Hours | F4: Used Bay Hours | G4: Bay Use %
A5: 46204 | B5: =SUMIFS(Schedule!$S$5:$S$14,Schedule!$B$5:$B$14,A5) -> 0 | C5: 0 | D5: 0 | E5: =MAX(0,C5-D5) -> 0 | F5: =SUM(Schedule!$U$5:$U$14) -> 0 | G5: =IF(E5=0,0,F5/E5) -> 0
A6: 46205 | B6: =SUMIFS(Schedule!$S$5:$S$14,Schedule!$B$5:$B$14,A6) -> 0 | C6: 0 | D6: 0 | E6: =MAX(0,C6-D6) -> 0 | F6: =SUM(Schedule!$V$5:$V$14) -> 0 | G6: =IF(E6=0,0,F6/E6) -> 0
A7: 46206 | B7: =SUMIFS(Schedule!$S$5:$S$14,Schedule!$B$5:$B$14,A7) -> 0 | C7: 0 | D7: 0 | E7: =MAX(0,C7-D7) -> 0 | F7: =SUM(Schedule!$W$5:$W$14) -> 0 | G7: =IF(E7=0,0,F7/E7) -> 0
A8: 46207 | B8: =SUMIFS(Schedule!$S$5:$S$14,Schedule!$B$5:$B$14,A8) -> 0 | C8: 0 | D8: 0 | E8: =MAX(0,C8-D8) -> 0 | F8: =SUM(Schedule!$X$5:$X$14) -> 0 | G8: =IF(E8=0,0,F8/E8) -> 0
A9: 46208 | B9: =SUMIFS(Schedule!$S$5:$S$14,Schedule!$B$5:$B$14,A9) -> 0 | C9: 0 | D9: 0 | E9: =MAX(0,C9-D9) -> 0 | F9: =SUM(Schedule!$Y$5:$Y$14) -> 0 | G9: =IF(E9=0,0,F9/E9) -> 0
A10: 46209 | B10: =SUMIFS(Schedule!$S$5:$S$14,Schedule!$B$5:$B$14,A10) -> 3 | C10: 40 | D10: 0.5 | E10: =MAX(0,C10-D10) -> 39.5 | F10: =SUM(Schedule!$Z$5:$Z$14) -> 5.6166667 | G10: =IF(E10=0,0,F10/E10) -> 0.14219409
A11: 46210 | B11: =SUMIFS(Schedule!$S$5:$S$14,Schedule!$B$5:$B$14,A11) -> 2 | C11: 40 | D11: 0 | E11: =MAX(0,C11-D11) -> 40 | F11: =SUM(Schedule!$AA$5:$AA$14) -> 3.25 | G11: =IF(E11=0,0,F11/E11) -> 0.08125
A12: 46211 | B12: =SUMIFS(Schedule!$S$5:$S$14,Schedule!$B$5:$B$14,A12) -> 1 | C12: 30 | D12: 0 | E12: =MAX(0,C12-D12) -> 30 | F12: =SUM(Schedule!$AB$5:$AB$14) -> 2 | G12: =IF(E12=0,0,F12/E12) -> 0.066666667
A13: 46212 | B13: =SUMIFS(Schedule!$S$5:$S$14,Schedule!$B$5:$B$14,A13) -> 0 | C13: 0 | D13: 0 | E13: =MAX(0,C13-D13) -> 0 | F13: =SUM(Schedule!$AC$5:$AC$14) -> 0 | G13: =IF(E13=0,0,F13/E13) -> 0
A14: 46213 | B14: =SUMIFS(Schedule!$S$5:$S$14,Schedule!$B$5:$B$14,A14) -> 0 | C14: 0 | D14: 0 | E14: =MAX(0,C14-D14) -> 0 | F14: =SUM(Schedule!$AD$5:$AD$14) -> 0 | G14: =IF(E14=0,0,F14/E14) -> 0
A15: 46214 | B15: =SUMIFS(Schedule!$S$5:$S$14,Schedule!$B$5:$B$14,A15) -> 0 | C15: 0 | D15: 0 | E15: =MAX(0,C15-D15) -> 0 | F15: =SUM(Schedule!$AE$5:$AE$14) -> 0 | G15: =IF(E15=0,0,F15/E15) -> 0
A16: 46215 | B16: =SUMIFS(Schedule!$S$5:$S$14,Schedule!$B$5:$B$14,A16) -> 0 | C16: 0 | D16: 0 | E16: =MAX(0,C16-D16) -> 0 | F16: =SUM(Schedule!$AF$5:$AF$14) -> 0 | G16: =IF(E16=0,0,F16/E16) -> 0
A17: 46216 | B17: =SUMIFS(Schedule!$S$5:$S$14,Schedule!$B$5:$B$14,A17) -> 0 | C17: 0 | D17: 0 | E17: =MAX(0,C17-D17) -> 0 | F17: =SUM(Schedule!$AG$5:$AG$14) -> 0 | G17: =IF(E17=0,0,F17/E17) -> 0
A18: 46217 | B18: =SUMIFS(Schedule!$S$5:$S$14,Schedule!$B$5:$B$14,A18) -> 0 | C18: 0 | D18: 0 | E18: =MAX(0,C18-D18) -> 0 | F18: =SUM(Schedule!$AH$5:$AH$14) -> 0 | G18: =IF(E18=0,0,F18/E18) -> 0
A19: 46218 | B19: =SUMIFS(Schedule!$S$5:$S$14,Schedule!$B$5:$B$14,A19) -> 0 | C19: 0 | D19: 0 | E19: =MAX(0,C19-D19) -> 0 | F19: =SUM(Schedule!$AI$5:$AI$14) -> 0 | G19: =IF(E19=0,0,F19/E19) -> 0
A20: 46219 | B20: =SUMIFS(Schedule!$S$5:$S$14,Schedule!$B$5:$B$14,A20) -> 0 | C20: 0 | D20: 0 | E20: =MAX(0,C20-D20) -> 0 | F20: =SUM(Schedule!$AJ$5:$AJ$14) -> 0 | G20: =IF(E20=0,0,F20/E20) -> 0
A21: 46220 | B21: =SUMIFS(Schedule!$S$5:$S$14,Schedule!$B$5:$B$14,A21) -> 0 | C21: 0 | D21: 0 | E21: =MAX(0,C21-D21) -> 0 | F21: =SUM(Schedule!$AK$5:$AK$14) -> 0 | G21: =IF(E21=0,0,F21/E21) -> 0
A22: 46221 | B22: =SUMIFS(Schedule!$S$5:$S$14,Schedule!$B$5:$B$14,A22) -> 0 | C22: 0 | D22: 0 | E22: =MAX(0,C22-D22) -> 0 | F22: =SUM(Schedule!$AL$5:$AL$14) -> 0 | G22: =IF(E22=0,0,F22/E22) -> 0
A23: 46222 | B23: =SUMIFS(Schedule!$S$5:$S$14,Schedule!$B$5:$B$14,A23) -> 0 | C23: 0 | D23: 0 | E23: =MAX(0,C23-D23) -> 0 | F23: =SUM(Schedule!$AM$5:$AM$14) -> 0 | G23: =IF(E23=0,0,F23/E23) -> 0
A24: 46223 | B24: =SUMIFS(Schedule!$S$5:$S$14,Schedule!$B$5:$B$14,A24) -> 0 | C24: 0 | D24: 0 | E24: =MAX(0,C24-D24) -> 0 | F24: =SUM(Schedule!$AN$5:$AN$14) -> 0 | G24: =IF(E24=0,0,F24/E24) -> 0
A25: 46224 | B25: =SUMIFS(Schedule!$S$5:$S$14,Schedule!$B$5:$B$14,A25) -> 0 | C25: 0 | D25: 0 | E25: =MAX(0,C25-D25) -> 0 | F25: =SUM(Schedule!$AO$5:$AO$14) -> 0 | G25: =IF(E25=0,0,F25/E25) -> 0
A26: 46225 | B26: =SUMIFS(Schedule!$S$5:$S$14,Schedule!$B$5:$B$14,A26) -> 0 | C26: 0 | D26: 0 | E26: =MAX(0,C26-D26) -> 0 | F26: =SUM(Schedule!$AP$5:$AP$14) -> 0 | G26: =IF(E26=0,0,F26/E26) -> 0
A27: 46226 | B27: =SUMIFS(Schedule!$S$5:$S$14,Schedule!$B$5:$B$14,A27) -> 0 | C27: 0 | D27: 0 | E27: =MAX(0,C27-D27) -> 0 | F27: =SUM(Schedule!$AQ$5:$AQ$14) -> 0 | G27: =IF(E27=0,0,F27/E27) -> 0
A28: 46227 | B28: =SUMIFS(Schedule!$S$5:$S$14,Schedule!$B$5:$B$14,A28) -> 0 | C28: 0 | D28: 0 | E28: =MAX(0,C28-D28) -> 0 | F28: =SUM(Schedule!$AR$5:$AR$14) -> 0 | G28: =IF(E28=0,0,F28/E28) -> 0
A29: 46228 | B29: =SUMIFS(Schedule!$S$5:$S$14,Schedule!$B$5:$B$14,A29) -> 0 | C29: 0 | D29: 0 | E29: =MAX(0,C29-D29) -> 0 | F29: =SUM(Schedule!$AS$5:$AS$14) -> 0 | G29: =IF(E29=0,0,F29/E29) -> 0
A30: 46229 | B30: =SUMIFS(Schedule!$S$5:$S$14,Schedule!$B$5:$B$14,A30) -> 0 | C30: 0 | D30: 0 | E30: =MAX(0,C30-D30) -> 0 | F30: =SUM(Schedule!$AT$5:$AT$14) -> 0 | G30: =IF(E30=0,0,F30/E30) -> 0
A31: 46230 | B31: =SUMIFS(Schedule!$S$5:$S$14,Schedule!$B$5:$B$14,A31) -> 0 | C31: 0 | D31: 0 | E31: =MAX(0,C31-D31) -> 0 | F31: =SUM(Schedule!$AU$5:$AU$14) -> 0 | G31: =IF(E31=0,0,F31/E31) -> 0
A32: 46231 | B32: =SUMIFS(Schedule!$S$5:$S$14,Schedule!$B$5:$B$14,A32) -> 0 | C32: 0 | D32: 0 | E32: =MAX(0,C32-D32) -> 0 | F32: =SUM(Schedule!$AV$5:$AV$14) -> 0 | G32: =IF(E32=0,0,F32/E32) -> 0
A33: 46232 | B33: =SUMIFS(Schedule!$S$5:$S$14,Schedule!$B$5:$B$14,A33) -> 0 | C33: 0 | D33: 0 | E33: =MAX(0,C33-D33) -> 0 | F33: =SUM(Schedule!$AW$5:$AW$14) -> 0 | G33: =IF(E33=0,0,F33/E33) -> 0
A34: 46233 | B34: =SUMIFS(Schedule!$S$5:$S$14,Schedule!$B$5:$B$14,A34) -> 0 | C34: 0 | D34: 0 | E34: =MAX(0,C34-D34) -> 0 | F34: =SUM(Schedule!$AX$5:$AX$14) -> 0 | G34: =IF(E34=0,0,F34/E34) -> 0
A35: 46234 | B35: =SUMIFS(Schedule!$S$5:$S$14,Schedule!$B$5:$B$14,A35) -> 1 | C35: 10 | D35: 0 | E35: =MAX(0,C35-D35) -> 10 | F35: =SUM(Schedule!$AY$5:$AY$14) -> 1.1166667 | G35: =IF(E35=0,0,F35/E35) -> 0.11166667

Sheet Data Quality
A1: Reconciliation and quality record
A2: Records below show the source actions taken before the July schedule was generated.
A4: Source | B4: Record | C4: Field | D4: Observed | E4: Disposition | F4: Details
A5: cranemoor_updated_bookings.xlsx | B5: CRN-2401 | C5: Revision | D5: 2 | E5: DUPLICATE_COLLAPSED | F5: identical controlling row collapsed
A6: cranemoor_updated_bookings.xlsx | B6: CRN-2401 | C6: Requested turnaround / bay | D6: 5 | 10 | Standard | E6: FROZEN_SNAPSHOT_USED | F6: used frozen 30/45 minute turnaround and Heavy bay class
A7: cranemoor_updated_bookings.xlsx | B7: CRN-2401 | C7: Requested turnaround / bay | D7: 5 | 10 | Standard | E7: FROZEN_SNAPSHOT_USED | F7: used frozen 30/45 minute turnaround and Heavy bay class
A8: cranemoor_updated_bookings.xlsx | B8: CRN-2401 | C8: Equipment Class | D8: furnace | E8: NORMALIZED_LABEL | F8: normalized to Furnace
A9: cranemoor_updated_bookings.xlsx | B9: CRN-2401 | C9: Equipment Class | D9: furnace | E9: NORMALIZED_LABEL | F9: normalized to Furnace
A10: cranemoor_updated_bookings.xlsx | B10: CRN-2401 | C10: Required Certifications | D10: Furnace; Crane | E10: NORMALIZED_LABEL | F10: normalized to crane; furnace
A11: cranemoor_updated_bookings.xlsx | B11: CRN-2401 | C11: Required Certifications | D11: Furnace; Crane | E11: NORMALIZED_LABEL | F11: normalized to crane; furnace
A12: cranemoor_updated_bookings.xlsx | B12: CRN-2401 | C12: Status | D12: CONFIRMED | E12: NORMALIZED_LABEL | F12: normalized to Confirmed
A13: cranemoor_updated_bookings.xlsx | B13: CRN-2401 | C13: Status | D13: CONFIRMED | E13: NORMALIZED_LABEL | F13: normalized to Confirmed
A14: cranemoor_updated_bookings.xlsx | B14: CRN-2401 | C14: Revision | D14: 1 | E14: SUPERSEDED_REVISION | F14: superseded by revision 2
A15: cranemoor_updated_bookings.xlsx | B15: CRN-2402 | C15: Requested turnaround / bay | D15: 10 | 5 | Heavy | E15: FROZEN_SNAPSHOT_USED | F15: used frozen 45/30 minute turnaround and Heavy bay class
... A52: kilnbrook_crew_roster.xlsx | B52: KB-057 | C52: Certifications | D52: FURNACE; CRANE; PRESSURE TEST | E52: NORMALIZED_LABEL | F52: normalized to crane; furnace; pressure-test
A53: kilnbrook_crew_roster.xlsx | B53: KB-076 | C53: Certifications | E53: BLANK_CERTIFICATION_INELIGIBLE | F53: roster row cannot be assigned
A54: kilnbrook_crew_roster.xlsx | B54: KB-076 | C54: Certifications | E54: BLANK_CERTIFICATION_INELIGIBLE | F54: roster row cannot be assigned
A55: kilnbrook_crew_roster.xlsx | B55: KB-076 | C55: Certifications | E55: BLANK_CERTIFICATION_INELIGIBLE | F55: roster row cannot be assigned
A56: kilnbrook_crew_roster.xlsx | B56: KB-092 | C56: Certifications | D56: ELECTRICAL; inspection | E56: NORMALIZED_LABEL | F56: normalized to electrical; inspection
A57: turnaround_snapshot_2026-06-01.xlsx | B57: Furnace | C57: duplicate | D57: furnace | E57: DUPLICATE_COLLAPSED | F57: identical lookup row collapsed
A58: turnaround_snapshot_2026-06-01.xlsx | B58: row 6 | C58: Compatible Bay Class | D58: heavy | E58: NORMALIZED_LABEL | F58: normalized to Heavy
A59: turnaround_snapshot_2026-06-01.xlsx | B59: row 6 | C59: Equipment Class | D59: furnace | E59: NORMALIZED_LABEL | F59: normalized to Furnace
A60: turnaround_snapshot_2026-06-01.xlsx | B60: row 7 | C60: Compatible Bay Class | D60: Heavy Bay | E60: NORMALIZED_LABEL | F60: normalized to Heavy
A61: turnaround_snapshot_2026-06-01.xlsx | B61: row 7 | C61: Equipment Class | D61: pressure vessel | E61: NORMALIZED_LABEL | F61: normalized to Pressure Vessel
A62: turnaround_snapshot_2026-06-01.xlsx | B62: row 8 | C62: Compatible Bay Class | D62: electrical | E62: NORMALIZED_LABEL | F62: normalized to Electrical

Sheet Assumptions
A1: Planning assumptions
A2: Policy controls are read from the supplied July staffing policy; frozen turnaround controls bay compatibility and occupancy.
A4: Topic | B4: Applied rule | C4: Selected run | D4: Comparison / source
A5: Default objective | B5: coverage | C5: coverage | D5: Coverage-led recommendation favors greatest booking coverage.
A6: Planning interval | B6: 2026-07-01 inclusive to 2026-08-01 exclusive | D6: july_staffing_policy.md
A7: Concurrent staffing cap | B7: 4 | D7: Includes turnaround-only occupancy.
A8: Turnaround source | B8: Frozen pre/post turnaround and compatible bay class | D8: turnaround_snapshot_2026-06-01.xlsx
A9: Certification rule | B9: Every assigned person holds every required complete token; blank roster certification is ineligible. | D9: Semicolon-delimited policy vocabulary.
A10: Overlap rule | B10: Half-open occupied intervals; exact endpoint hand-offs are permitted. | D10: Crew and bay windows must fully contain occupied time.
A11: Labour costing | B11: Each crew-booking occupied span is rounded upward to a quarter-hour before applying rate. | D11: USD; hours display to 0.001 and cost to 0.01.
A12: Coverage comparison | B12: 7 scheduled of 11 eligible | C12: $724.81 | D12: Confirmed plus provisional demand.
A13: Cost comparison | B13: 6 scheduled of 8 confirmed | C13: $664.25 | D13: Provisional demand is NOT_SELECTED.
