Workbook
Name US_STATE_CODES: 'Lists'!$A$2:$A$52
Name TAXABILITY_VALUES: 'Lists'!$B$2:$B$3
Name SALE_CLASS_VALUES: 'Lists'!$C$2:$C$3
Name EXEMPTION_VALUES: 'Lists'!$D$2:$D$3
Name YES_NO_VALUES: 'Lists'!$E$2:$E$3
Name AUTHORIZATION_DECISIONS: 'Lists'!$F$2:$F$3
Name CO_RDF_RATE: 'Orders & Comparison'!$B$9

Sheet Orders & Comparison
A1: Colorado Fulfilment-Option Model
A2: Silverbrook Bureau dispatch work | Colorado delivery-fee basis effective 1 January 2027 | Rule snapshot: Colorado_delivery_fee_brief_2027-01-01.pdf
A4: OPERATING FLOW | P4: MANUAL DISPATCH AUTHORIZATION
A5: 1. Add one future order per row in the Orders table and enter yellow cells only. | P5: Naledi Fitzgerald
A6: 2. On Order Lines, add every associated line using the same Order ID. The model calculates the comparison, Colorado fee, totals, readiness, and rationale. | P6: Pending manual authorization — not a model recommendation
A7: 3. Extend either entry area with Tab in the table's final row or Insert Table Rows. Do not overwrite blue calculated cells; Naledi records authorization separately.
P8: Decision | S8: Date | U8: Initials
A9: Colorado retail delivery fee | B9: 0.31 | C9: Effective 1 January 2027 | D9: Defined name: CO_RDF_RATE
A14: Order ID | B14: Destination State | C14: Sale Class | D14: Exemption Status | E14: Parcel Eligible | F14: Parcel Quote | G14: Parcel Delivery Fee | H14: Parcel Modeled Total | I14: Pallet Eligible | J14: Pallet Quote | K14: Pallet Delivery Fee | L14: Pallet Modeled Total | M14: Customer Pickup Eligible | N14: Customer Pickup Cost | O14: Customer Pickup Delivery Fee | P14: Customer Pickup Modeled Total | Q14: Line Count | R14: Taxable Line Count | S14: Merchandise Total | T14: Input Status | U14: Recommended Method | V14: Recommendation Rationale | W14: Lowest Eligible Total | X14: Lowest Option Count
G15: =IF(OR($T15<>"Ready",$E15<>"Yes"),"",IF(AND($B15="CO",$C15="Retail",$D15="None",$R15>=1),CO_RDF_RATE,0)) | H15: =IF(OR($T15<>"Ready",$E15<>"Yes"),"",$F15+$G15) | K15: =IF(OR($T15<>"Ready",$I15<>"Yes"),"",IF(AND($B15="CO",$C15="Retail",$D15="None",$R15>=1),CO_RDF_RATE,0)) | L15: =IF(OR($T15<>"Ready",$I15<>"Yes"),"",$J15+$K15) | O15: =IF(OR($T15<>"Ready",$M15<>"Yes"),"",0) | P15: =IF(OR($T15<>"Ready",$M15<>"Yes"),"",$N15+$O15) | Q15: =IF($A15="","",COUNTIF('Order Lines'!$A:$A,$A15)) | R15: =IF($A15="","",COUNTIFS('Order Lines'!$A:$A,$A15,'Order Lines'!$F:$F,"Taxable")) | S15: =IF($A15="","",SUMIF('Order Lines'!$A:$A,$A15,'Order Lines'!$G:$G)) | T15: =IF(COUNTA($A15:$F15,$I15:$J15,$M15:$N15)=0,"",IF(OR($A15="",COUNTIF(US_STATE_CODES,$B15)=0,COUNTIF(SALE_CLASS_VALUES,$C15)=0,COUNTIF(EXEMPTION_VALUES,$D15)=0,COUNTIF(YES_NO_VALUES,$E15)=0,AND($E15="Yes",NOT(ISNUMBER($F15))),COUNTIF(YES_NO_VALUES,$I15)=0,AND($I15="Yes",NOT(ISNUMBER($J15))),COUNTIF(YES_NO_VALUES,$M15)=0,AND($M15="Yes",NOT(ISNUMBER($N15))),$Q15=0,COUNTIFS('Order Lines'!$A:$A,$A15,'Order Lines'!$H:$H,"<>Ready")>0),"Incomplete inputs","Ready")) | U15: =IF($T15="","",IF($T15<>"Ready","Incomplete inputs",IF(COUNTIF($E15,"Yes")+COUNTIF($I15,"Yes")+COUNTIF($M15,"Yes")=0,"No eligible option",IF($X15>1,"Review tie",IF(AND($H15<>"",$H15=$W15),"Parcel",IF(AND($L15<>"",$L15=$W15),"Pallet","Customer pickup")))))) | V15: =IF($U15="","",IF($U15="Incomplete inputs","Complete the required order and linked line inputs before comparing options.",IF($U15="No eligible option","No option is marked eligible; review fulfilment availability.",IF($U15="Review tie","Lowest eligible modeled costs are tied; review manually.",$U15&" is the lowest eligible modeled cost at "&TEXT($W15,"$#,##0.00")&IF($U15="Parcel",IF($G15>0,"; the separate Colorado delivery fee of "&TEXT($G15,"$#,##0.00")&" is included in this total.","; no Colorado delivery fee applies and the Parcel Quote remains separate."),IF($U15="Pallet",IF($K15>0,"; the separate Colorado delivery fee of "&TEXT($K15,"$#,##0.00")&" is included in this total.","; no Colorado delivery fee applies and the Pallet Quote remains separate."),"; customer pickup carries a $0.00 Colorado delivery fee and the Customer Pickup Cost remains separate.")))))) | W15: =IF($T15<>"Ready","",MIN(IF($H15="",1E+99,$H15),IF($L15="",1E+99,$L15),IF($P15="",1E+99,$P15))) | X15: =IF($W15="","",IF(AND($H15<>"",$H15=$W15),1,0)+IF(AND($L15<>"",$L15=$W15),1,0)+IF(AND($P15<>"",$P15=$W15),1,0))
G16: =IF(OR($T16<>"Ready",$E16<>"Yes"),"",IF(AND($B16="CO",$C16="Retail",$D16="None",$R16>=1),CO_RDF_RATE,0)) | H16: =IF(OR($T16<>"Ready",$E16<>"Yes"),"",$F16+$G16) | K16: =IF(OR($T16<>"Ready",$I16<>"Yes"),"",IF(AND($B16="CO",$C16="Retail",$D16="None",$R16>=1),CO_RDF_RATE,0)) | L16: =IF(OR($T16<>"Ready",$I16<>"Yes"),"",$J16+$K16) | O16: =IF(OR($T16<>"Ready",$M16<>"Yes"),"",0) | P16: =IF(OR($T16<>"Ready",$M16<>"Yes"),"",$N16+$O16) | Q16: =IF($A16="","",COUNTIF('Order Lines'!$A:$A,$A16)) | R16: =IF($A16="","",COUNTIFS('Order Lines'!$A:$A,$A16,'Order Lines'!$F:$F,"Taxable")) | S16: =IF($A16="","",SUMIF('Order Lines'!$A:$A,$A16,'Order Lines'!$G:$G)) | T16: =IF(COUNTA($A16:$F16,$I16:$J16,$M16:$N16)=0,"",IF(OR($A16="",COUNTIF(US_STATE_CODES,$B16)=0,COUNTIF(SALE_CLASS_VALUES,$C16)=0,COUNTIF(EXEMPTION_VALUES,$D16)=0,COUNTIF(YES_NO_VALUES,$E16)=0,AND($E16="Yes",NOT(ISNUMBER($F16))),COUNTIF(YES_NO_VALUES,$I16)=0,AND($I16="Yes",NOT(ISNUMBER($J16))),COUNTIF(YES_NO_VALUES,$M16)=0,AND($M16="Yes",NOT(ISNUMBER($N16))),$Q16=0,COUNTIFS('Order Lines'!$A:$A,$A16,'Order Lines'!$H:$H,"<>Ready")>0),"Incomplete inputs","Ready")) | U16: =IF($T16="","",IF($T16<>"Ready","Incomplete inputs",IF(COUNTIF($E16,"Yes")+COUNTIF($I16,"Yes")+COUNTIF($M16,"Yes")=0,"No eligible option",IF($X16>1,"Review tie",IF(AND($H16<>"",$H16=$W16),"Parcel",IF(AND($L16<>"",$L16=$W16),"Pallet","Customer pickup")))))) | V16: =IF($U16="","",IF($U16="Incomplete inputs","Complete the required order and linked line inputs before comparing options.",IF($U16="No eligible option","No option is marked eligible; review fulfilment availability.",IF($U16="Review tie","Lowest eligible modeled costs are tied; review manually.",$U16&" is the lowest eligible modeled cost at "&TEXT($W16,"$#,##0.00")&IF($U16="Parcel",IF($G16>0,"; the separate Colorado delivery fee of "&TEXT($G16,"$#,##0.00")&" is included in this total.","; no Colorado delivery fee applies and the Parcel Quote remains separate."),IF($U16="Pallet",IF($K16>0,"; the separate Colorado delivery fee of "&TEXT($K16,"$#,##0.00")&" is included in this total.","; no Colorado delivery fee applies and the Pallet Quote remains separate."),"; customer pickup carries a $0.00 Colorado delivery fee and the Customer Pickup Cost remains separate.")))))) | W16: =IF($T16<>"Ready","",MIN(IF($H16="",1E+99,$H16),IF($L16="",1E+99,$L16),IF($P16="",1E+99,$P16))) | X16: =IF($W16="","",IF(AND($H16<>"",$H16=$W16),1,0)+IF(AND($L16<>"",$L16=$W16),1,0)+IF(AND($P16<>"",$P16=$W16),1,0))
G17: =IF(OR($T17<>"Ready",$E17<>"Yes"),"",IF(AND($B17="CO",$C17="Retail",$D17="None",$R17>=1),CO_RDF_RATE,0)) | H17: =IF(OR($T17<>"Ready",$E17<>"Yes"),"",$F17+$G17) | K17: =IF(OR($T17<>"Ready",$I17<>"Yes"),"",IF(AND($B17="CO",$C17="Retail",$D17="None",$R17>=1),CO_RDF_RATE,0)) | L17: =IF(OR($T17<>"Ready",$I17<>"Yes"),"",$J17+$K17) | O17: =IF(OR($T17<>"Ready",$M17<>"Yes"),"",0) | P17: =IF(OR($T17<>"Ready",$M17<>"Yes"),"",$N17+$O17) | Q17: =IF($A17="","",COUNTIF('Order Lines'!$A:$A,$A17)) | R17: =IF($A17="","",COUNTIFS('Order Lines'!$A:$A,$A17,'Order Lines'!$F:$F,"Taxable")) | S17: =IF($A17="","",SUMIF('Order Lines'!$A:$A,$A17,'Order Lines'!$G:$G)) | T17: =IF(COUNTA($A17:$F17,$I17:$J17,$M17:$N17)=0,"",IF(OR($A17="",COUNTIF(US_STATE_CODES,$B17)=0,COUNTIF(SALE_CLASS_VALUES,$C17)=0,COUNTIF(EXEMPTION_VALUES,$D17)=0,COUNTIF(YES_NO_VALUES,$E17)=0,AND($E17="Yes",NOT(ISNUMBER($F17))),COUNTIF(YES_NO_VALUES,$I17)=0,AND($I17="Yes",NOT(ISNUMBER($J17))),COUNTIF(YES_NO_VALUES,$M17)=0,AND($M17="Yes",NOT(ISNUMBER($N17))),$Q17=0,COUNTIFS('Order Lines'!$A:$A,$A17,'Order Lines'!$H:$H,"<>Ready")>0),"Incomplete inputs","Ready")) | U17: =IF($T17="","",IF($T17<>"Ready","Incomplete inputs",IF(COUNTIF($E17,"Yes")+COUNTIF($I17,"Yes")+COUNTIF($M17,"Yes")=0,"No eligible option",IF($X17>1,"Review tie",IF(AND($H17<>"",$H17=$W17),"Parcel",IF(AND($L17<>"",$L17=$W17),"Pallet","Customer pickup")))))) | V17: =IF($U17="","",IF($U17="Incomplete inputs","Complete the required order and linked line inputs before comparing options.",IF($U17="No eligible option","No option is marked eligible; review fulfilment availability.",IF($U17="Review tie","Lowest eligible modeled costs are tied; review manually.",$U17&" is the lowest eligible modeled cost at "&TEXT($W17,"$#,##0.00")&IF($U17="Parcel",IF($G17>0,"; the separate Colorado delivery fee of "&TEXT($G17,"$#,##0.00")&" is included in this total.","; no Colorado delivery fee applies and the Parcel Quote remains separate."),IF($U17="Pallet",IF($K17>0,"; the separate Colorado delivery fee of "&TEXT($K17,"$#,##0.00")&" is included in this total.","; no Colorado delivery fee applies and the Pallet Quote remains separate."),"; customer pickup carries a $0.00 Colorado delivery fee and the Customer Pickup Cost remains separate.")))))) | W17: =IF($T17<>"Ready","",MIN(IF($H17="",1E+99,$H17),IF($L17="",1E+99,$L17),IF($P17="",1E+99,$P17))) | X17: =IF($W17="","",IF(AND($H17<>"",$H17=$W17),1,0)+IF(AND($L17<>"",$L17=$W17),1,0)+IF(AND($P17<>"",$P17=$W17),1,0))
G18: =IF(OR($T18<>"Ready",$E18<>"Yes"),"",IF(AND($B18="CO",$C18="Retail",$D18="None",$R18>=1),CO_RDF_RATE,0)) | H18: =IF(OR($T18<>"Ready",$E18<>"Yes"),"",$F18+$G18) | K18: =IF(OR($T18<>"Ready",$I18<>"Yes"),"",IF(AND($B18="CO",$C18="Retail",$D18="None",$R18>=1),CO_RDF_RATE,0)) | L18: =IF(OR($T18<>"Ready",$I18<>"Yes"),"",$J18+$K18) | O18: =IF(OR($T18<>"Ready",$M18<>"Yes"),"",0) | P18: =IF(OR($T18<>"Ready",$M18<>"Yes"),"",$N18+$O18) | Q18: =IF($A18="","",COUNTIF('Order Lines'!$A:$A,$A18)) | R18: =IF($A18="","",COUNTIFS('Order Lines'!$A:$A,$A18,'Order Lines'!$F:$F,"Taxable")) | S18: =IF($A18="","",SUMIF('Order Lines'!$A:$A,$A18,'Order Lines'!$G:$G)) | T18: =IF(COUNTA($A18:$F18,$I18:$J18,$M18:$N18)=0,"",IF(OR($A18="",COUNTIF(US_STATE_CODES,$B18)=0,COUNTIF(SALE_CLASS_VALUES,$C18)=0,COUNTIF(EXEMPTION_VALUES,$D18)=0,COUNTIF(YES_NO_VALUES,$E18)=0,AND($E18="Yes",NOT(ISNUMBER($F18))),COUNTIF(YES_NO_VALUES,$I18)=0,AND($I18="Yes",NOT(ISNUMBER($J18))),COUNTIF(YES_NO_VALUES,$M18)=0,AND($M18="Yes",NOT(ISNUMBER($N18))),$Q18=0,COUNTIFS('Order Lines'!$A:$A,$A18,'Order Lines'!$H:$H,"<>Ready")>0),"Incomplete inputs","Ready")) | U18: =IF($T18="","",IF($T18<>"Ready","Incomplete inputs",IF(COUNTIF($E18,"Yes")+COUNTIF($I18,"Yes")+COUNTIF($M18,"Yes")=0,"No eligible option",IF($X18>1,"Review tie",IF(AND($H18<>"",$H18=$W18),"Parcel",IF(AND($L18<>"",$L18=$W18),"Pallet","Customer pickup")))))) | V18: =IF($U18="","",IF($U18="Incomplete inputs","Complete the required order and linked line inputs before comparing options.",IF($U18="No eligible option","No option is marked eligible; review fulfilment availability.",IF($U18="Review tie","Lowest eligible modeled costs are tied; review manually.",$U18&" is the lowest eligible modeled cost at "&TEXT($W18,"$#,##0.00")&IF($U18="Parcel",IF($G18>0,"; the separate Colorado delivery fee of "&TEXT($G18,"$#,##0.00")&" is included in this total.","; no Colorado delivery fee applies and the Parcel Quote remains separate."),IF($U18="Pallet",IF($K18>0,"; the separate Colorado delivery fee of "&TEXT($K18,"$#,##0.00")&" is included in this total.","; no Colorado delivery fee applies and the Pallet Quote remains separate."),"; customer pickup carries a $0.00 Colorado delivery fee and the Customer Pickup Cost remains separate.")))))) | W18: =IF($T18<>"Ready","",MIN(IF($H18="",1E+99,$H18),IF($L18="",1E+99,$L18),IF($P18="",1E+99,$P18))) | X18: =IF($W18="","",IF(AND($H18<>"",$H18=$W18),1,0)+IF(AND($L18<>"",$L18=$W18),1,0)+IF(AND($P18<>"",$P18=$W18),1,0))
G19: =IF(OR($T19<>"Ready",$E19<>"Yes"),"",IF(AND($B19="CO",$C19="Retail",$D19="None",$R19>=1),CO_RDF_RATE,0)) | H19: =IF(OR($T19<>"Ready",$E19<>"Yes"),"",$F19+$G19) | K19: =IF(OR($T19<>"Ready",$I19<>"Yes"),"",IF(AND($B19="CO",$C19="Retail",$D19="None",$R19>=1),CO_RDF_RATE,0)) | L19: =IF(OR($T19<>"Ready",$I19<>"Yes"),"",$J19+$K19) | O19: =IF(OR($T19<>"Ready",$M19<>"Yes"),"",0) | P19: =IF(OR($T19<>"Ready",$M19<>"Yes"),"",$N19+$O19) | Q19: =IF($A19="","",COUNTIF('Order Lines'!$A:$A,$A19)) | R19: =IF($A19="","",COUNTIFS('Order Lines'!$A:$A,$A19,'Order Lines'!$F:$F,"Taxable")) | S19: =IF($A19="","",SUMIF('Order Lines'!$A:$A,$A19,'Order Lines'!$G:$G)) | T19: =IF(COUNTA($A19:$F19,$I19:$J19,$M19:$N19)=0,"",IF(OR($A19="",COUNTIF(US_STATE_CODES,$B19)=0,COUNTIF(SALE_CLASS_VALUES,$C19)=0,COUNTIF(EXEMPTION_VALUES,$D19)=0,COUNTIF(YES_NO_VALUES,$E19)=0,AND($E19="Yes",NOT(ISNUMBER($F19))),COUNTIF(YES_NO_VALUES,$I19)=0,AND($I19="Yes",NOT(ISNUMBER($J19))),COUNTIF(YES_NO_VALUES,$M19)=0,AND($M19="Yes",NOT(ISNUMBER($N19))),$Q19=0,COUNTIFS('Order Lines'!$A:$A,$A19,'Order Lines'!$H:$H,"<>Ready")>0),"Incomplete inputs","Ready")) | U19: =IF($T19="","",IF($T19<>"Ready","Incomplete inputs",IF(COUNTIF($E19,"Yes")+COUNTIF($I19,"Yes")+COUNTIF($M19,"Yes")=0,"No eligible option",IF($X19>1,"Review tie",IF(AND($H19<>"",$H19=$W19),"Parcel",IF(AND($L19<>"",$L19=$W19),"Pallet","Customer pickup")))))) | V19: =IF($U19="","",IF($U19="Incomplete inputs","Complete the required order and linked line inputs before comparing options.",IF($U19="No eligible option","No option is marked eligible; review fulfilment availability.",IF($U19="Review tie","Lowest eligible modeled costs are tied; review manually.",$U19&" is the lowest eligible modeled cost at "&TEXT($W19,"$#,##0.00")&IF($U19="Parcel",IF($G19>0,"; the separate Colorado delivery fee of "&TEXT($G19,"$#,##0.00")&" is included in this total.","; no Colorado delivery fee applies and the Parcel Quote remains separate."),IF($U19="Pallet",IF($K19>0,"; the separate Colorado delivery fee of "&TEXT($K19,"$#,##0.00")&" is included in this total.","; no Colorado delivery fee applies and the Pallet Quote remains separate."),"; customer pickup carries a $0.00 Colorado delivery fee and the Customer Pickup Cost remains separate.")))))) | W19: =IF($T19<>"Ready","",MIN(IF($H19="",1E+99,$H19),IF($L19="",1E+99,$L19),IF($P19="",1E+99,$P19))) | X19: =IF($W19="","",IF(AND($H19<>"",$H19=$W19),1,0)+IF(AND($L19<>"",$L19=$W19),1,0)+IF(AND($P19<>"",$P19=$W19),1,0))
G20: =IF(OR($T20<>"Ready",$E20<>"Yes"),"",IF(AND($B20="CO",$C20="Retail",$D20="None",$R20>=1),CO_RDF_RATE,0)) | H20: =IF(OR($T20<>"Ready",$E20<>"Yes"),"",$F20+$G20) | K20: =IF(OR($T20<>"Ready",$I20<>"Yes"),"",IF(AND($B20="CO",$C20="Retail",$D20="None",$R20>=1),CO_RDF_RATE,0)) | L20: =IF(OR($T20<>"Ready",$I20<>"Yes"),"",$J20+$K20) | O20: =IF(OR($T20<>"Ready",$M20<>"Yes"),"",0) | P20: =IF(OR($T20<>"Ready",$M20<>"Yes"),"",$N20+$O20) | Q20: =IF($A20="","",COUNTIF('Order Lines'!$A:$A,$A20)) | R20: =IF($A20="","",COUNTIFS('Order Lines'!$A:$A,$A20,'Order Lines'!$F:$F,"Taxable")) | S20: =IF($A20="","",SUMIF('Order Lines'!$A:$A,$A20,'Order Lines'!$G:$G)) | T20: =IF(COUNTA($A20:$F20,$I20:$J20,$M20:$N20)=0,"",IF(OR($A20="",COUNTIF(US_STATE_CODES,$B20)=0,COUNTIF(SALE_CLASS_VALUES,$C20)=0,COUNTIF(EXEMPTION_VALUES,$D20)=0,COUNTIF(YES_NO_VALUES,$E20)=0,AND($E20="Yes",NOT(ISNUMBER($F20))),COUNTIF(YES_NO_VALUES,$I20)=0,AND($I20="Yes",NOT(ISNUMBER($J20))),COUNTIF(YES_NO_VALUES,$M20)=0,AND($M20="Yes",NOT(ISNUMBER($N20))),$Q20=0,COUNTIFS('Order Lines'!$A:$A,$A20,'Order Lines'!$H:$H,"<>Ready")>0),"Incomplete inputs","Ready")) | U20: =IF($T20="","",IF($T20<>"Ready","Incomplete inputs",IF(COUNTIF($E20,"Yes")+COUNTIF($I20,"Yes")+COUNTIF($M20,"Yes")=0,"No eligible option",IF($X20>1,"Review tie",IF(AND($H20<>"",$H20=$W20),"Parcel",IF(AND($L20<>"",$L20=$W20),"Pallet","Customer pickup")))))) | V20: =IF($U20="","",IF($U20="Incomplete inputs","Complete the required order and linked line inputs before comparing options.",IF($U20="No eligible option","No option is marked eligible; review fulfilment availability.",IF($U20="Review tie","Lowest eligible modeled costs are tied; review manually.",$U20&" is the lowest eligible modeled cost at "&TEXT($W20,"$#,##0.00")&IF($U20="Parcel",IF($G20>0,"; the separate Colorado delivery fee of "&TEXT($G20,"$#,##0.00")&" is included in this total.","; no Colorado delivery fee applies and the Parcel Quote remains separate."),IF($U20="Pallet",IF($K20>0,"; the separate Colorado delivery fee of "&TEXT($K20,"$#,##0.00")&" is included in this total.","; no Colorado delivery fee applies and the Pallet Quote remains separate."),"; customer pickup carries a $0.00 Colorado delivery fee and the Customer Pickup Cost remains separate.")))))) | W20: =IF($T20<>"Ready","",MIN(IF($H20="",1E+99,$H20),IF($L20="",1E+99,$L20),IF($P20="",1E+99,$P20))) | X20: =IF($W20="","",IF(AND($H20<>"",$H20=$W20),1,0)+IF(AND($L20<>"",$L20=$W20),1,0)+IF(AND($P20<>"",$P20=$W20),1,0))
G21: =IF(OR($T21<>"Ready",$E21<>"Yes"),"",IF(AND($B21="CO",$C21="Retail",$D21="None",$R21>=1),CO_RDF_RATE,0)) | H21: =IF(OR($T21<>"Ready",$E21<>"Yes"),"",$F21+$G21) | K21: =IF(OR($T21<>"Ready",$I21<>"Yes"),"",IF(AND($B21="CO",$C21="Retail",$D21="None",$R21>=1),CO_RDF_RATE,0)) | L21: =IF(OR($T21<>"Ready",$I21<>"Yes"),"",$J21+$K21) | O21: =IF(OR($T21<>"Ready",$M21<>"Yes"),"",0) | P21: =IF(OR($T21<>"Ready",$M21<>"Yes"),"",$N21+$O21) | Q21: =IF($A21="","",COUNTIF('Order Lines'!$A:$A,$A21)) | R21: =IF($A21="","",COUNTIFS('Order Lines'!$A:$A,$A21,'Order Lines'!$F:$F,"Taxable")) | S21: =IF($A21="","",SUMIF('Order Lines'!$A:$A,$A21,'Order Lines'!$G:$G)) | T21: =IF(COUNTA($A21:$F21,$I21:$J21,$M21:$N21)=0,"",IF(OR($A21="",COUNTIF(US_STATE_CODES,$B21)=0,COUNTIF(SALE_CLASS_VALUES,$C21)=0,COUNTIF(EXEMPTION_VALUES,$D21)=0,COUNTIF(YES_NO_VALUES,$E21)=0,AND($E21="Yes",NOT(ISNUMBER($F21))),COUNTIF(YES_NO_VALUES,$I21)=0,AND($I21="Yes",NOT(ISNUMBER($J21))),COUNTIF(YES_NO_VALUES,$M21)=0,AND($M21="Yes",NOT(ISNUMBER($N21))),$Q21=0,COUNTIFS('Order Lines'!$A:$A,$A21,'Order Lines'!$H:$H,"<>Ready")>0),"Incomplete inputs","Ready")) | U21: =IF($T21="","",IF($T21<>"Ready","Incomplete inputs",IF(COUNTIF($E21,"Yes")+COUNTIF($I21,"Yes")+COUNTIF($M21,"Yes")=0,"No eligible option",IF($X21>1,"Review tie",IF(AND($H21<>"",$H21=$W21),"Parcel",IF(AND($L21<>"",$L21=$W21),"Pallet","Customer pickup")))))) | V21: =IF($U21="","",IF($U21="Incomplete inputs","Complete the required order and linked line inputs before comparing options.",IF($U21="No eligible option","No option is marked eligible; review fulfilment availability.",IF($U21="Review tie","Lowest eligible modeled costs are tied; review manually.",$U21&" is the lowest eligible modeled cost at "&TEXT($W21,"$#,##0.00")&IF($U21="Parcel",IF($G21>0,"; the separate Colorado delivery fee of "&TEXT($G21,"$#,##0.00")&" is included in this total.","; no Colorado delivery fee applies and the Parcel Quote remains separate."),IF($U21="Pallet",IF($K21>0,"; the separate Colorado delivery fee of "&TEXT($K21,"$#,##0.00")&" is included in this total.","; no Colorado delivery fee applies and the Pallet Quote remains separate."),"; customer pickup carries a $0.00 Colorado delivery fee and the Customer Pickup Cost remains separate.")))))) | W21: =IF($T21<>"Ready","",MIN(IF($H21="",1E+99,$H21),IF($L21="",1E+99,$L21),IF($P21="",1E+99,$P21))) | X21: =IF($W21="","",IF(AND($H21<>"",$H21=$W21),1,0)+IF(AND($L21<>"",$L21=$W21),1,0)+IF(AND($P21<>"",$P21=$W21),1,0))
G22: =IF(OR($T22<>"Ready",$E22<>"Yes"),"",IF(AND($B22="CO",$C22="Retail",$D22="None",$R22>=1),CO_RDF_RATE,0)) | H22: =IF(OR($T22<>"Ready",$E22<>"Yes"),"",$F22+$G22) | K22: =IF(OR($T22<>"Ready",$I22<>"Yes"),"",IF(AND($B22="CO",$C22="Retail",$D22="None",$R22>=1),CO_RDF_RATE,0)) | L22: =IF(OR($T22<>"Ready",$I22<>"Yes"),"",$J22+$K22) | O22: =IF(OR($T22<>"Ready",$M22<>"Yes"),"",0) | P22: =IF(OR($T22<>"Ready",$M22<>"Yes"),"",$N22+$O22) | Q22: =IF($A22="","",COUNTIF('Order Lines'!$A:$A,$A22)) | R22: =IF($A22="","",COUNTIFS('Order Lines'!$A:$A,$A22,'Order Lines'!$F:$F,"Taxable")) | S22: =IF($A22="","",SUMIF('Order Lines'!$A:$A,$A22,'Order Lines'!$G:$G)) | T22: =IF(COUNTA($A22:$F22,$I22:$J22,$M22:$N22)=0,"",IF(OR($A22="",COUNTIF(US_STATE_CODES,$B22)=0,COUNTIF(SALE_CLASS_VALUES,$C22)=0,COUNTIF(EXEMPTION_VALUES,$D22)=0,COUNTIF(YES_NO_VALUES,$E22)=0,AND($E22="Yes",NOT(ISNUMBER($F22))),COUNTIF(YES_NO_VALUES,$I22)=0,AND($I22="Yes",NOT(ISNUMBER($J22))),COUNTIF(YES_NO_VALUES,$M22)=0,AND($M22="Yes",NOT(ISNUMBER($N22))),$Q22=0,COUNTIFS('Order Lines'!$A:$A,$A22,'Order Lines'!$H:$H,"<>Ready")>0),"Incomplete inputs","Ready")) | U22: =IF($T22="","",IF($T22<>"Ready","Incomplete inputs",IF(COUNTIF($E22,"Yes")+COUNTIF($I22,"Yes")+COUNTIF($M22,"Yes")=0,"No eligible option",IF($X22>1,"Review tie",IF(AND($H22<>"",$H22=$W22),"Parcel",IF(AND($L22<>"",$L22=$W22),"Pallet","Customer pickup")))))) | V22: =IF($U22="","",IF($U22="Incomplete inputs","Complete the required order and linked line inputs before comparing options.",IF($U22="No eligible option","No option is marked eligible; review fulfilment availability.",IF($U22="Review tie","Lowest eligible modeled costs are tied; review manually.",$U22&" is the lowest eligible modeled cost at "&TEXT($W22,"$#,##0.00")&IF($U22="Parcel",IF($G22>0,"; the separate Colorado delivery fee of "&TEXT($G22,"$#,##0.00")&" is included in this total.","; no Colorado delivery fee applies and the Parcel Quote remains separate."),IF($U22="Pallet",IF($K22>0,"; the separate Colorado delivery fee of "&TEXT($K22,"$#,##0.00")&" is included in this total.","; no Colorado delivery fee applies and the Pallet Quote remains separate."),"; customer pickup carries a $0.00 Colorado delivery fee and the Customer Pickup Cost remains separate.")))))) | W22: =IF($T22<>"Ready","",MIN(IF($H22="",1E+99,$H22),IF($L22="",1E+99,$L22),IF($P22="",1E+99,$P22))) | X22: =IF($W22="","",IF(AND($H22<>"",$H22=$W22),1,0)+IF(AND($L22<>"",$L22=$W22),1,0)+IF(AND($P22<>"",$P22=$W22),1,0))
G23: =IF(OR($T23<>"Ready",$E23<>"Yes"),"",IF(AND($B23="CO",$C23="Retail",$D23="None",$R23>=1),CO_RDF_RATE,0)) | H23: =IF(OR($T23<>"Ready",$E23<>"Yes"),"",$F23+$G23) | K23: =IF(OR($T23<>"Ready",$I23<>"Yes"),"",IF(AND($B23="CO",$C23="Retail",$D23="None",$R23>=1),CO_RDF_RATE,0)) | L23: =IF(OR($T23<>"Ready",$I23<>"Yes"),"",$J23+$K23) | O23: =IF(OR($T23<>"Ready",$M23<>"Yes"),"",0) | P23: =IF(OR($T23<>"Ready",$M23<>"Yes"),"",$N23+$O23) | Q23: =IF($A23="","",COUNTIF('Order Lines'!$A:$A,$A23)) | R23: =IF($A23="","",COUNTIFS('Order Lines'!$A:$A,$A23,'Order Lines'!$F:$F,"Taxable")) | S23: =IF($A23="","",SUMIF('Order Lines'!$A:$A,$A23,'Order Lines'!$G:$G)) | T23: =IF(COUNTA($A23:$F23,$I23:$J23,$M23:$N23)=0,"",IF(OR($A23="",COUNTIF(US_STATE_CODES,$B23)=0,COUNTIF(SALE_CLASS_VALUES,$C23)=0,COUNTIF(EXEMPTION_VALUES,$D23)=0,COUNTIF(YES_NO_VALUES,$E23)=0,AND($E23="Yes",NOT(ISNUMBER($F23))),COUNTIF(YES_NO_VALUES,$I23)=0,AND($I23="Yes",NOT(ISNUMBER($J23))),COUNTIF(YES_NO_VALUES,$M23)=0,AND($M23="Yes",NOT(ISNUMBER($N23))),$Q23=0,COUNTIFS('Order Lines'!$A:$A,$A23,'Order Lines'!$H:$H,"<>Ready")>0),"Incomplete inputs","Ready")) | U23: =IF($T23="","",IF($T23<>"Ready","Incomplete inputs",IF(COUNTIF($E23,"Yes")+COUNTIF($I23,"Yes")+COUNTIF($M23,"Yes")=0,"No eligible option",IF($X23>1,"Review tie",IF(AND($H23<>"",$H23=$W23),"Parcel",IF(AND($L23<>"",$L23=$W23),"Pallet","Customer pickup")))))) | V23: =IF($U23="","",IF($U23="Incomplete inputs","Complete the required order and linked line inputs before comparing options.",IF($U23="No eligible option","No option is marked eligible; review fulfilment availability.",IF($U23="Review tie","Lowest eligible modeled costs are tied; review manually.",$U23&" is the lowest eligible modeled cost at "&TEXT($W23,"$#,##0.00")&IF($U23="Parcel",IF($G23>0,"; the separate Colorado delivery fee of "&TEXT($G23,"$#,##0.00")&" is included in this total.","; no Colorado delivery fee applies and the Parcel Quote remains separate."),IF($U23="Pallet",IF($K23>0,"; the separate Colorado delivery fee of "&TEXT($K23,"$#,##0.00")&" is included in this total.","; no Colorado delivery fee applies and the Pallet Quote remains separate."),"; customer pickup carries a $0.00 Colorado delivery fee and the Customer Pickup Cost remains separate.")))))) | W23: =IF($T23<>"Ready","",MIN(IF($H23="",1E+99,$H23),IF($L23="",1E+99,$L23),IF($P23="",1E+99,$P23))) | X23: =IF($W23="","",IF(AND($H23<>"",$H23=$W23),1,0)+IF(AND($L23<>"",$L23=$W23),1,0)+IF(AND($P23<>"",$P23=$W23),1,0))
G24: =IF(OR($T24<>"Ready",$E24<>"Yes"),"",IF(AND($B24="CO",$C24="Retail",$D24="None",$R24>=1),CO_RDF_RATE,0)) | H24: =IF(OR($T24<>"Ready",$E24<>"Yes"),"",$F24+$G24) | K24: =IF(OR($T24<>"Ready",$I24<>"Yes"),"",IF(AND($B24="CO",$C24="Retail",$D24="None",$R24>=1),CO_RDF_RATE,0)) | L24: =IF(OR($T24<>"Ready",$I24<>"Yes"),"",$J24+$K24) | O24: =IF(OR($T24<>"Ready",$M24<>"Yes"),"",0) | P24: =IF(OR($T24<>"Ready",$M24<>"Yes"),"",$N24+$O24) | Q24: =IF($A24="","",COUNTIF('Order Lines'!$A:$A,$A24)) | R24: =IF($A24="","",COUNTIFS('Order Lines'!$A:$A,$A24,'Order Lines'!$F:$F,"Taxable")) | S24: =IF($A24="","",SUMIF('Order Lines'!$A:$A,$A24,'Order Lines'!$G:$G)) | T24: =IF(COUNTA($A24:$F24,$I24:$J24,$M24:$N24)=0,"",IF(OR($A24="",COUNTIF(US_STATE_CODES,$B24)=0,COUNTIF(SALE_CLASS_VALUES,$C24)=0,COUNTIF(EXEMPTION_VALUES,$D24)=0,COUNTIF(YES_NO_VALUES,$E24)=0,AND($E24="Yes",NOT(ISNUMBER($F24))),COUNTIF(YES_NO_VALUES,$I24)=0,AND($I24="Yes",NOT(ISNUMBER($J24))),COUNTIF(YES_NO_VALUES,$M24)=0,AND($M24="Yes",NOT(ISNUMBER($N24))),$Q24=0,COUNTIFS('Order Lines'!$A:$A,$A24,'Order Lines'!$H:$H,"<>Ready")>0),"Incomplete inputs","Ready")) | U24: =IF($T24="","",IF($T24<>"Ready","Incomplete inputs",IF(COUNTIF($E24,"Yes")+COUNTIF($I24,"Yes")+COUNTIF($M24,"Yes")=0,"No eligible option",IF($X24>1,"Review tie",IF(AND($H24<>"",$H24=$W24),"Parcel",IF(AND($L24<>"",$L24=$W24),"Pallet","Customer pickup")))))) | V24: =IF($U24="","",IF($U24="Incomplete inputs","Complete the required order and linked line inputs before comparing options.",IF($U24="No eligible option","No option is marked eligible; review fulfilment availability.",IF($U24="Review tie","Lowest eligible modeled costs are tied; review manually.",$U24&" is the lowest eligible modeled cost at "&TEXT($W24,"$#,##0.00")&IF($U24="Parcel",IF($G24>0,"; the separate Colorado delivery fee of "&TEXT($G24,"$#,##0.00")&" is included in this total.","; no Colorado delivery fee applies and the Parcel Quote remains separate."),IF($U24="Pallet",IF($K24>0,"; the separate Colorado delivery fee of "&TEXT($K24,"$#,##0.00")&" is included in this total.","; no Colorado delivery fee applies and the Pallet Quote remains separate."),"; customer pickup carries a $0.00 Colorado delivery fee and the Customer Pickup Cost remains separate.")))))) | W24: =IF($T24<>"Ready","",MIN(IF($H24="",1E+99,$H24),IF($L24="",1E+99,$L24),IF($P24="",1E+99,$P24))) | X24: =IF($W24="","",IF(AND($H24<>"",$H24=$W24),1,0)+IF(AND($L24<>"",$L24=$W24),1,0)+IF(AND($P24<>"",$P24=$W24),1,0))
G25: =IF(OR($T25<>"Ready",$E25<>"Yes"),"",IF(AND($B25="CO",$C25="Retail",$D25="None",$R25>=1),CO_RDF_RATE,0)) | H25: =IF(OR($T25<>"Ready",$E25<>"Yes"),"",$F25+$G25) | K25: =IF(OR($T25<>"Ready",$I25<>"Yes"),"",IF(AND($B25="CO",$C25="Retail",$D25="None",$R25>=1),CO_RDF_RATE,0)) | L25: =IF(OR($T25<>"Ready",$I25<>"Yes"),"",$J25+$K25) | O25: =IF(OR($T25<>"Ready",$M25<>"Yes"),"",0) | P25: =IF(OR($T25<>"Ready",$M25<>"Yes"),"",$N25+$O25) | Q25: =IF($A25="","",COUNTIF('Order Lines'!$A:$A,$A25)) | R25: =IF($A25="","",COUNTIFS('Order Lines'!$A:$A,$A25,'Order Lines'!$F:$F,"Taxable")) | S25: =IF($A25="","",SUMIF('Order Lines'!$A:$A,$A25,'Order Lines'!$G:$G)) | T25: =IF(COUNTA($A25:$F25,$I25:$J25,$M25:$N25)=0,"",IF(OR($A25="",COUNTIF(US_STATE_CODES,$B25)=0,COUNTIF(SALE_CLASS_VALUES,$C25)=0,COUNTIF(EXEMPTION_VALUES,$D25)=0,COUNTIF(YES_NO_VALUES,$E25)=0,AND($E25="Yes",NOT(ISNUMBER($F25))),COUNTIF(YES_NO_VALUES,$I25)=0,AND($I25="Yes",NOT(ISNUMBER($J25))),COUNTIF(YES_NO_VALUES,$M25)=0,AND($M25="Yes",NOT(ISNUMBER($N25))),$Q25=0,COUNTIFS('Order Lines'!$A:$A,$A25,'Order Lines'!$H:$H,"<>Ready")>0),"Incomplete inputs","Ready")) | U25: =IF($T25="","",IF($T25<>"Ready","Incomplete inputs",IF(COUNTIF($E25,"Yes")+COUNTIF($I25,"Yes")+COUNTIF($M25,"Yes")=0,"No eligible option",IF($X25>1,"Review tie",IF(AND($H25<>"",$H25=$W25),"Parcel",IF(AND($L25<>"",$L25=$W25),"Pallet","Customer pickup")))))) | V25: =IF($U25="","",IF($U25="Incomplete inputs","Complete the required order and linked line inputs before comparing options.",IF($U25="No eligible option","No option is marked eligible; review fulfilment availability.",IF($U25="Review tie","Lowest eligible modeled costs are tied; review manually.",$U25&" is the lowest eligible modeled cost at "&TEXT($W25,"$#,##0.00")&IF($U25="Parcel",IF($G25>0,"; the separate Colorado delivery fee of "&TEXT($G25,"$#,##0.00")&" is included in this total.","; no Colorado delivery fee applies and the Parcel Quote remains separate."),IF($U25="Pallet",IF($K25>0,"; the separate Colorado delivery fee of "&TEXT($K25,"$#,##0.00")&" is included in this total.","; no Colorado delivery fee applies and the Pallet Quote remains separate."),"; customer pickup carries a $0.00 Colorado delivery fee and the Customer Pickup Cost remains separate.")))))) | W25: =IF($T25<>"Ready","",MIN(IF($H25="",1E+99,$H25),IF($L25="",1E+99,$L25),IF($P25="",1E+99,$P25))) | X25: =IF($W25="","",IF(AND($H25<>"",$H25=$W25),1,0)+IF(AND($L25<>"",$L25=$W25),1,0)+IF(AND($P25<>"",$P25=$W25),1,0))
G26: =IF(OR($T26<>"Ready",$E26<>"Yes"),"",IF(AND($B26="CO",$C26="Retail",$D26="None",$R26>=1),CO_RDF_RATE,0)) | H26: =IF(OR($T26<>"Ready",$E26<>"Yes"),"",$F26+$G26) | K26: =IF(OR($T26<>"Ready",$I26<>"Yes"),"",IF(AND($B26="CO",$C26="Retail",$D26="None",$R26>=1),CO_RDF_RATE,0)) | L26: =IF(OR($T26<>"Ready",$I26<>"Yes"),"",$J26+$K26) | O26: =IF(OR($T26<>"Ready",$M26<>"Yes"),"",0) | P26: =IF(OR($T26<>"Ready",$M26<>"Yes"),"",$N26+$O26) | Q26: =IF($A26="","",COUNTIF('Order Lines'!$A:$A,$A26)) | R26: =IF($A26="","",COUNTIFS('Order Lines'!$A:$A,$A26,'Order Lines'!$F:$F,"Taxable")) | S26: =IF($A26="","",SUMIF('Order Lines'!$A:$A,$A26,'Order Lines'!$G:$G)) | T26: =IF(COUNTA($A26:$F26,$I26:$J26,$M26:$N26)=0,"",IF(OR($A26="",COUNTIF(US_STATE_CODES,$B26)=0,COUNTIF(SALE_CLASS_VALUES,$C26)=0,COUNTIF(EXEMPTION_VALUES,$D26)=0,COUNTIF(YES_NO_VALUES,$E26)=0,AND($E26="Yes",NOT(ISNUMBER($F26))),COUNTIF(YES_NO_VALUES,$I26)=0,AND($I26="Yes",NOT(ISNUMBER($J26))),COUNTIF(YES_NO_VALUES,$M26)=0,AND($M26="Yes",NOT(ISNUMBER($N26))),$Q26=0,COUNTIFS('Order Lines'!$A:$A,$A26,'Order Lines'!$H:$H,"<>Ready")>0),"Incomplete inputs","Ready")) | U26: =IF($T26="","",IF($T26<>"Ready","Incomplete inputs",IF(COUNTIF($E26,"Yes")+COUNTIF($I26,"Yes")+COUNTIF($M26,"Yes")=0,"No eligible option",IF($X26>1,"Review tie",IF(AND($H26<>"",$H26=$W26),"Parcel",IF(AND($L26<>"",$L26=$W26),"Pallet","Customer pickup")))))) | V26: =IF($U26="","",IF($U26="Incomplete inputs","Complete the required order and linked line inputs before comparing options.",IF($U26="No eligible option","No option is marked eligible; review fulfilment availability.",IF($U26="Review tie","Lowest eligible modeled costs are tied; review manually.",$U26&" is the lowest eligible modeled cost at "&TEXT($W26,"$#,##0.00")&IF($U26="Parcel",IF($G26>0,"; the separate Colorado delivery fee of "&TEXT($G26,"$#,##0.00")&" is included in this total.","; no Colorado delivery fee applies and the Parcel Quote remains separate."),IF($U26="Pallet",IF($K26>0,"; the separate Colorado delivery fee of "&TEXT($K26,"$#,##0.00")&" is included in this total.","; no Colorado delivery fee applies and the Pallet Quote remains separate."),"; customer pickup carries a $0.00 Colorado delivery fee and the Customer Pickup Cost remains separate.")))))) | W26: =IF($T26<>"Ready","",MIN(IF($H26="",1E+99,$H26),IF($L26="",1E+99,$L26),IF($P26="",1E+99,$P26))) | X26: =IF($W26="","",IF(AND($H26<>"",$H26=$W26),1,0)+IF(AND($L26<>"",$L26=$W26),1,0)+IF(AND($P26<>"",$P26=$W26),1,0))

Sheet Lists
A1: US State Codes | B1: Taxability Values | C1: Sale Class Values | D1: Exemption Values | E1: Yes No Values | F1: Authorization Decisions
A2: AL | B2: Taxable | C2: Retail | D2: None | E2: Yes | F2: Authorized
A3: AK | B3: Not taxable | C3: Resale | D3: Valid exempt purchaser | E3: No | F3: Not authorized
A4: AZ
A5: AR
A6: CA
A7: CO
A8: CT
A9: DE
A10: FL
A11: GA
A12: HI
A13: ID
A14: IL
A15: IN
... A52: DC

Sheet Order Lines
A1: Order Lines
A2: Linked detail for the Colorado fulfilment-option model
A4: ORDER-LINE ENTRY
A5: Each future item belongs on its own row. Use the exact Order ID from Orders & Comparison to associate the line with that order.
A6: Enter yellow cells only. Blue cells calculate Line Amount and line readiness; use Tab in the final table row or Insert Table Rows to extend the entry area.
A8: Order ID | B8: Line ID | C8: SKU | D8: Quantity | E8: Unit Price | F8: Taxability | G8: Line Amount | H8: Line Readiness
G9: =IF(OR($D9="",$E9=""),"",IF(IFERROR(AND(ISNUMBER($D9),$D9>0,MOD($D9,1)=0,ISNUMBER($E9),$E9>=0),FALSE),$D9*$E9,"")) | H9: =IF(COUNTA($A9:$F9)=0,"",IF(IFERROR(AND($A9<>"",$B9<>"",$C9<>"",ISNUMBER($D9),$D9>0,MOD($D9,1)=0,ISNUMBER($E9),$E9>=0,COUNTIF(TAXABILITY_VALUES,$F9)>0),FALSE),"Ready","Incomplete inputs"))
G10: =IF(OR($D10="",$E10=""),"",IF(IFERROR(AND(ISNUMBER($D10),$D10>0,MOD($D10,1)=0,ISNUMBER($E10),$E10>=0),FALSE),$D10*$E10,"")) | H10: =IF(COUNTA($A10:$F10)=0,"",IF(IFERROR(AND($A10<>"",$B10<>"",$C10<>"",ISNUMBER($D10),$D10>0,MOD($D10,1)=0,ISNUMBER($E10),$E10>=0,COUNTIF(TAXABILITY_VALUES,$F10)>0),FALSE),"Ready","Incomplete inputs"))
G11: =IF(OR($D11="",$E11=""),"",IF(IFERROR(AND(ISNUMBER($D11),$D11>0,MOD($D11,1)=0,ISNUMBER($E11),$E11>=0),FALSE),$D11*$E11,"")) | H11: =IF(COUNTA($A11:$F11)=0,"",IF(IFERROR(AND($A11<>"",$B11<>"",$C11<>"",ISNUMBER($D11),$D11>0,MOD($D11,1)=0,ISNUMBER($E11),$E11>=0,COUNTIF(TAXABILITY_VALUES,$F11)>0),FALSE),"Ready","Incomplete inputs"))
G12: =IF(OR($D12="",$E12=""),"",IF(IFERROR(AND(ISNUMBER($D12),$D12>0,MOD($D12,1)=0,ISNUMBER($E12),$E12>=0),FALSE),$D12*$E12,"")) | H12: =IF(COUNTA($A12:$F12)=0,"",IF(IFERROR(AND($A12<>"",$B12<>"",$C12<>"",ISNUMBER($D12),$D12>0,MOD($D12,1)=0,ISNUMBER($E12),$E12>=0,COUNTIF(TAXABILITY_VALUES,$F12)>0),FALSE),"Ready","Incomplete inputs"))
G13: =IF(OR($D13="",$E13=""),"",IF(IFERROR(AND(ISNUMBER($D13),$D13>0,MOD($D13,1)=0,ISNUMBER($E13),$E13>=0),FALSE),$D13*$E13,"")) | H13: =IF(COUNTA($A13:$F13)=0,"",IF(IFERROR(AND($A13<>"",$B13<>"",$C13<>"",ISNUMBER($D13),$D13>0,MOD($D13,1)=0,ISNUMBER($E13),$E13>=0,COUNTIF(TAXABILITY_VALUES,$F13)>0),FALSE),"Ready","Incomplete inputs"))
G14: =IF(OR($D14="",$E14=""),"",IF(IFERROR(AND(ISNUMBER($D14),$D14>0,MOD($D14,1)=0,ISNUMBER($E14),$E14>=0),FALSE),$D14*$E14,"")) | H14: =IF(COUNTA($A14:$F14)=0,"",IF(IFERROR(AND($A14<>"",$B14<>"",$C14<>"",ISNUMBER($D14),$D14>0,MOD($D14,1)=0,ISNUMBER($E14),$E14>=0,COUNTIF(TAXABILITY_VALUES,$F14)>0),FALSE),"Ready","Incomplete inputs"))
G15: =IF(OR($D15="",$E15=""),"",IF(IFERROR(AND(ISNUMBER($D15),$D15>0,MOD($D15,1)=0,ISNUMBER($E15),$E15>=0),FALSE),$D15*$E15,"")) | H15: =IF(COUNTA($A15:$F15)=0,"",IF(IFERROR(AND($A15<>"",$B15<>"",$C15<>"",ISNUMBER($D15),$D15>0,MOD($D15,1)=0,ISNUMBER($E15),$E15>=0,COUNTIF(TAXABILITY_VALUES,$F15)>0),FALSE),"Ready","Incomplete inputs"))
G16: =IF(OR($D16="",$E16=""),"",IF(IFERROR(AND(ISNUMBER($D16),$D16>0,MOD($D16,1)=0,ISNUMBER($E16),$E16>=0),FALSE),$D16*$E16,"")) | H16: =IF(COUNTA($A16:$F16)=0,"",IF(IFERROR(AND($A16<>"",$B16<>"",$C16<>"",ISNUMBER($D16),$D16>0,MOD($D16,1)=0,ISNUMBER($E16),$E16>=0,COUNTIF(TAXABILITY_VALUES,$F16)>0),FALSE),"Ready","Incomplete inputs"))
G17: =IF(OR($D17="",$E17=""),"",IF(IFERROR(AND(ISNUMBER($D17),$D17>0,MOD($D17,1)=0,ISNUMBER($E17),$E17>=0),FALSE),$D17*$E17,"")) | H17: =IF(COUNTA($A17:$F17)=0,"",IF(IFERROR(AND($A17<>"",$B17<>"",$C17<>"",ISNUMBER($D17),$D17>0,MOD($D17,1)=0,ISNUMBER($E17),$E17>=0,COUNTIF(TAXABILITY_VALUES,$F17)>0),FALSE),"Ready","Incomplete inputs"))
G18: =IF(OR($D18="",$E18=""),"",IF(IFERROR(AND(ISNUMBER($D18),$D18>0,MOD($D18,1)=0,ISNUMBER($E18),$E18>=0),FALSE),$D18*$E18,"")) | H18: =IF(COUNTA($A18:$F18)=0,"",IF(IFERROR(AND($A18<>"",$B18<>"",$C18<>"",ISNUMBER($D18),$D18>0,MOD($D18,1)=0,ISNUMBER($E18),$E18>=0,COUNTIF(TAXABILITY_VALUES,$F18)>0),FALSE),"Ready","Incomplete inputs"))
G19: =IF(OR($D19="",$E19=""),"",IF(IFERROR(AND(ISNUMBER($D19),$D19>0,MOD($D19,1)=0,ISNUMBER($E19),$E19>=0),FALSE),$D19*$E19,"")) | H19: =IF(COUNTA($A19:$F19)=0,"",IF(IFERROR(AND($A19<>"",$B19<>"",$C19<>"",ISNUMBER($D19),$D19>0,MOD($D19,1)=0,ISNUMBER($E19),$E19>=0,COUNTIF(TAXABILITY_VALUES,$F19)>0),FALSE),"Ready","Incomplete inputs"))
G20: =IF(OR($D20="",$E20=""),"",IF(IFERROR(AND(ISNUMBER($D20),$D20>0,MOD($D20,1)=0,ISNUMBER($E20),$E20>=0),FALSE),$D20*$E20,"")) | H20: =IF(COUNTA($A20:$F20)=0,"",IF(IFERROR(AND($A20<>"",$B20<>"",$C20<>"",ISNUMBER($D20),$D20>0,MOD($D20,1)=0,ISNUMBER($E20),$E20>=0,COUNTIF(TAXABILITY_VALUES,$F20)>0),FALSE),"Ready","Incomplete inputs"))
... G28: =IF(OR($D28="",$E28=""),"",IF(IFERROR(AND(ISNUMBER($D28),$D28>0,MOD($D28,1)=0,ISNUMBER($E28),$E28>=0),FALSE),$D28*$E28,"")) | H28: =IF(COUNTA($A28:$F28)=0,"",IF(IFERROR(AND($A28<>"",$B28<>"",$C28<>"",ISNUMBER($D28),$D28>0,MOD($D28,1)=0,ISNUMBER($E28),$E28>=0,COUNTIF(TAXABILITY_VALUES,$F28)>0),FALSE),"Ready","Incomplete inputs"))
