Workbook

Sheet Duty Schedule
A1: Ballantyne Market Co-op | interim meat & seafood duty schedule
A2: Coverage: 06 Jul 2026 - 11 Oct 2026 (14 operational weeks) | H2: Prepared for 24 Jun board meeting
A4: Operational Week | B4: Duty ID | C4: Duty | D4: Workflow | E4: Owner | F4: Start | G4: Finish | H4: Hours | I4: Predecessor | J4: Handoff Evidence | K4: Backup or Escalation | L4: Compliance Status
A5: 46209 | B5: ORD_FORECAST | C5: Demand forecast | D5: Ordering | E5: Marisol Reyes | F5: 46209.333 | G5: 46209.417 | H5: =ROUND((G5-F5)*24,2) -> 2 | J5: Forecast workbook | K5: Amara Draganov | L5: =IF(AND(F5>=DATE(2026,7,6)+TIME(8,0,0),G5<=DATE(2026,7,6)+TIME(10,0,0),ABS(H5-2)<0.001,TRUE()),"COMPLIANT","EXCEPTION") -> COMPLIANT
A6: 46209 | B6: ORD_DRAFT | C6: Purchase-order draft | D6: Ordering | E6: Marisol Reyes | F6: 46209.417 | G6: 46209.542 | H6: =ROUND((G6-F6)*24,2) -> 3 | I6: ORD_FORECAST | J6: Draft PO | K6: Amara Draganov | L6: =IF(AND(F6>=DATE(2026,7,6)+TIME(10,0,0),G6<=DATE(2026,7,6)+TIME(13,0,0),ABS(H6-3)<0.001,AND(F6>=G5,F6-G5<=TIME(0,30,0))),"COMPLIANT","EXCEPTION") -> COMPLIANT
A7: 46209 | B7: ORD_HACCP | C7: HACCP order review | D7: Ordering | E7: Emeric Novak | F7: 46209.542 | G7: 46209.583 | H7: =ROUND((G7-F7)*24,2) -> 1 | I7: ORD_DRAFT | J7: HACCP initials | K7: NO QUALIFIED BACKUP — GM ESCALATION | L7: =IF(AND(F7>=DATE(2026,7,6)+TIME(13,0,0),G7<=DATE(2026,7,6)+TIME(14,0,0),ABS(H7-1)<0.001,AND(F7>=G6,F7-G6<=TIME(0,30,0))),"COMPLIANT","EXCEPTION") -> COMPLIANT
A8: 46209 | B8: ORD_RELEASE | C8: Vendor order release | D8: Ordering | E8: Marisol Reyes | F8: 46209.583 | G8: 46209.625 | H8: =ROUND((G8-F8)*24,2) -> 1 | I8: ORD_HACCP | J8: Vendor release confirmation | K8: NO QUALIFIED BACKUP — GM ESCALATION | L8: =IF(AND(F8>=DATE(2026,7,6)+TIME(14,0,0),G8<=DATE(2026,7,6)+TIME(15,0,0),ABS(H8-1)<0.001,AND(F8>=G7,F8-G7<=TIME(0,30,0))),"COMPLIANT","EXCEPTION") -> COMPLIANT
A9: 46209 | B9: RCV_VERIFY | C9: Delivery verification | D9: Receiving | E9: Yusuf Gasparyan | F9: 46212.25 | G9: 46212.333 | H9: =ROUND((G9-F9)*24,2) -> 2 | J9: Receiving log | K9: Emeric Novak | L9: =IF(AND(F9>=DATE(2026,7,9)+TIME(6,0,0),G9<=DATE(2026,7,9)+TIME(8,0,0),ABS(H9-2)<0.001,TRUE()),"COMPLIANT","EXCEPTION") -> COMPLIANT
A10: 46209 | B10: RCV_DISPOSITION | C10: HACCP disposition | D10: Receiving | E10: Emeric Novak | F10: 46212.333 | G10: 46212.375 | H10: =ROUND((G10-F10)*24,2) -> 1 | I10: RCV_VERIFY | J10: Disposition entry | K10: NO QUALIFIED BACKUP — GM ESCALATION | L10: =IF(AND(F10>=DATE(2026,7,9)+TIME(8,0,0),G10<=DATE(2026,7,9)+TIME(9,0,0),ABS(H10-1)<0.001,AND(F10>=G9,F10-G9<=TIME(0,30,0))),"COMPLIANT","EXCEPTION") -> COMPLIANT
A11: 46209 | B11: RCV_TRACE | C11: Lot traceability closeout | D11: Receiving | E11: Emeric Novak | F11: 46212.375 | G11: 46212.417 | H11: =ROUND((G11-F11)*24,2) -> 1 | I11: RCV_DISPOSITION | J11: Lot traceability closeout | K11: NO QUALIFIED BACKUP — GM ESCALATION | L11: =IF(AND(F11>=DATE(2026,7,9)+TIME(9,0,0),G11<=DATE(2026,7,9)+TIME(10,0,0),ABS(H11-1)<0.001,AND(F11>=G10,F11-G10<=TIME(0,30,0))),"COMPLIANT","EXCEPTION") -> COMPLIANT
A12: 46209 | B12: PROD_PLAN | C12: Production cut plan | D12: Production training | E12: Amara Draganov | F12: 46210.292 | G12: 46210.417 | H12: =ROUND((G12-F12)*24,2) -> 3 | J12: Cut plan | K12: NO QUALIFIED BACKUP — GM ESCALATION | L12: =IF(AND(F12>=DATE(2026,7,7)+TIME(7,0,0),G12<=DATE(2026,7,7)+TIME(10,0,0),ABS(H12-3)<0.001,TRUE()),"COMPLIANT","EXCEPTION") -> COMPLIANT
A13: 46209 | B13: PROD_DEMO | C13: Closing-crew demonstration | D13: Production training | E13: Amara Draganov | F13: 46210.417 | G13: 46210.458 | H13: =ROUND((G13-F13)*24,2) -> 1 | I13: PROD_PLAN | J13: Crew demonstration acknowledgment | K13: NO QUALIFIED BACKUP — GM ESCALATION | L13: =IF(AND(F13>=DATE(2026,7,7)+TIME(10,0,0),G13<=DATE(2026,7,7)+TIME(11,0,0),ABS(H13-1)<0.001,AND(F13>=G12,F13-G12<=TIME(0,30,0))),"COMPLIANT","EXCEPTION") -> COMPLIANT
A14: 46209 | B14: PROD_RECORD | C14: Competency record | D14: Production training | E14: Amara Draganov | F14: 46210.458 | G14: 46210.5 | H14: =ROUND((G14-F14)*24,2) -> 1 | I14: PROD_DEMO | J14: Competency record | K14: NO QUALIFIED BACKUP — GM ESCALATION | L14: =IF(AND(F14>=DATE(2026,7,7)+TIME(11,0,0),G14<=DATE(2026,7,7)+TIME(12,0,0),ABS(H14-1)<0.001,AND(F14>=G13,F14-G13<=TIME(0,30,0))),"COMPLIANT","EXCEPTION") -> COMPLIANT
A15: 46209 | B15: INV_COUNT | C15: Cycle count | D15: Inventory | E15: Yusuf Gasparyan | F15: 46211.292 | G15: 46211.417 | H15: =ROUND((G15-F15)*24,2) -> 3 | J15: Count sheet | K15: Marisol Reyes | L15: =IF(AND(F15>=DATE(2026,7,8)+TIME(7,0,0),G15<=DATE(2026,7,8)+TIME(10,0,0),ABS(H15-3)<0.001,TRUE()),"COMPLIANT","EXCEPTION") -> COMPLIANT
A16: 46209 | B16: INV_VARIANCE | C16: Variance review | D16: Inventory | E16: Yusuf Gasparyan | F16: 46211.417 | G16: 46211.5 | H16: =ROUND((G16-F16)*24,2) -> 2 | I16: INV_COUNT | J16: Variance log | K16: Marisol Reyes | L16: =IF(AND(F16>=DATE(2026,7,8)+TIME(10,0,0),G16<=DATE(2026,7,8)+TIME(12,0,0),ABS(H16-2)<0.001,AND(F16>=G15,F16-G15<=TIME(0,30,0))),"COMPLIANT","EXCEPTION") -> COMPLIANT
A17: 46209 | B17: INV_SHRINK | C17: Shrink brief | D17: Inventory | E17: Yusuf Gasparyan | F17: 46211.5 | G17: 46211.542 | H17: =ROUND((G17-F17)*24,2) -> 1 | I17: INV_VARIANCE | J17: Shrink brief acknowledgment | K17: Marisol Reyes | L17: =IF(AND(F17>=DATE(2026,7,8)+TIME(12,0,0),G17<=DATE(2026,7,8)+TIME(13,0,0),ABS(H17-1)<0.001,AND(F17>=G16,F17-G16<=TIME(0,30,0))),"COMPLIANT","EXCEPTION") -> COMPLIANT
A18: 46209 | B18: SAN_VERIFY | C18: Sanitation verification | D18: Sanitation | E18: Emeric Novak | F18: 46213.625 | G18: 46213.708 | H18: =ROUND((G18-F18)*24,2) -> 2 | J18: Sanitation verification log | K18: NO QUALIFIED BACKUP — GM ESCALATION | L18: =IF(AND(F18>=DATE(2026,7,10)+TIME(15,0,0),G18<=DATE(2026,7,10)+TIME(17,0,0),ABS(H18-2)<0.001,TRUE()),"COMPLIANT","EXCEPTION") -> COMPLIANT
A19: 46216 | B19: ORD_FORECAST | C19: Demand forecast | D19: Ordering | E19: Marisol Reyes | F19: 46216.333 | G19: 46216.417 | H19: =ROUND((G19-F19)*24,2) -> 2 | J19: Forecast workbook | K19: Amara Draganov | L19: =IF(AND(F19>=DATE(2026,7,13)+TIME(8,0,0),G19<=DATE(2026,7,13)+TIME(10,0,0),ABS(H19-2)<0.001,TRUE()),"COMPLIANT","EXCEPTION") -> COMPLIANT
A20: 46216 | B20: ORD_DRAFT | C20: Purchase-order draft | D20: Ordering | E20: Marisol Reyes | F20: 46216.417 | G20: 46216.542 | H20: =ROUND((G20-F20)*24,2) -> 3 | I20: ORD_FORECAST | J20: Draft PO | K20: Amara Draganov | L20: =IF(AND(F20>=DATE(2026,7,13)+TIME(10,0,0),G20<=DATE(2026,7,13)+TIME(13,0,0),ABS(H20-3)<0.001,AND(F20>=G19,F20-G19<=TIME(0,30,0))),"COMPLIANT","EXCEPTION") -> COMPLIANT
A21: 46216 | B21: ORD_HACCP | C21: HACCP order review | D21: Ordering | E21: Emeric Novak | F21: 46216.542 | G21: 46216.583 | H21: =ROUND((G21-F21)*24,2) -> 1 | I21: ORD_DRAFT | J21: HACCP initials | K21: NO QUALIFIED BACKUP — GM ESCALATION | L21: =IF(AND(F21>=DATE(2026,7,13)+TIME(13,0,0),G21<=DATE(2026,7,13)+TIME(14,0,0),ABS(H21-1)<0.001,AND(F21>=G20,F21-G20<=TIME(0,30,0))),"COMPLIANT","EXCEPTION") -> COMPLIANT
A22: 46216 | B22: ORD_RELEASE | C22: Vendor order release | D22: Ordering | E22: Marisol Reyes | F22: 46216.583 | G22: 46216.625 | H22: =ROUND((G22-F22)*24,2) -> 1 | I22: ORD_HACCP | J22: Vendor release confirmation | K22: NO QUALIFIED BACKUP — GM ESCALATION | L22: =IF(AND(F22>=DATE(2026,7,13)+TIME(14,0,0),G22<=DATE(2026,7,13)+TIME(15,0,0),ABS(H22-1)<0.001,AND(F22>=G21,F22-G21<=TIME(0,30,0))),"COMPLIANT","EXCEPTION") -> COMPLIANT
A23: 46216 | B23: RCV_VERIFY | C23: Delivery verification | D23: Receiving | E23: Yusuf Gasparyan | F23: 46219.25 | G23: 46219.333 | H23: =ROUND((G23-F23)*24,2) -> 2 | J23: Receiving log | K23: Emeric Novak | L23: =IF(AND(F23>=DATE(2026,7,16)+TIME(6,0,0),G23<=DATE(2026,7,16)+TIME(8,0,0),ABS(H23-2)<0.001,TRUE()),"COMPLIANT","EXCEPTION") -> COMPLIANT
A24: 46216 | B24: RCV_DISPOSITION | C24: HACCP disposition | D24: Receiving | E24: Emeric Novak | F24: 46219.333 | G24: 46219.375 | H24: =ROUND((G24-F24)*24,2) -> 1 | I24: RCV_VERIFY | J24: Disposition entry | K24: NO QUALIFIED BACKUP — GM ESCALATION | L24: =IF(AND(F24>=DATE(2026,7,16)+TIME(8,0,0),G24<=DATE(2026,7,16)+TIME(9,0,0),ABS(H24-1)<0.001,AND(F24>=G23,F24-G23<=TIME(0,30,0))),"COMPLIANT","EXCEPTION") -> COMPLIANT
A25: 46216 | B25: RCV_TRACE | C25: Lot traceability closeout | D25: Receiving | E25: Emeric Novak | F25: 46219.375 | G25: 46219.417 | H25: =ROUND((G25-F25)*24,2) -> 1 | I25: RCV_DISPOSITION | J25: Lot traceability closeout | K25: NO QUALIFIED BACKUP — GM ESCALATION | L25: =IF(AND(F25>=DATE(2026,7,16)+TIME(9,0,0),G25<=DATE(2026,7,16)+TIME(10,0,0),ABS(H25-1)<0.001,AND(F25>=G24,F25-G24<=TIME(0,30,0))),"COMPLIANT","EXCEPTION") -> COMPLIANT
A26: 46216 | B26: PROD_PLAN | C26: Production cut plan | D26: Production training | E26: Amara Draganov | F26: 46217.292 | G26: 46217.417 | H26: =ROUND((G26-F26)*24,2) -> 3 | J26: Cut plan | K26: NO QUALIFIED BACKUP — GM ESCALATION | L26: =IF(AND(F26>=DATE(2026,7,14)+TIME(7,0,0),G26<=DATE(2026,7,14)+TIME(10,0,0),ABS(H26-3)<0.001,TRUE()),"COMPLIANT","EXCEPTION") -> COMPLIANT
A27: 46216 | B27: PROD_DEMO | C27: Closing-crew demonstration | D27: Production training | E27: Amara Draganov | F27: 46217.417 | G27: 46217.458 | H27: =ROUND((G27-F27)*24,2) -> 1 | I27: PROD_PLAN | J27: Crew demonstration acknowledgment | K27: NO QUALIFIED BACKUP — GM ESCALATION | L27: =IF(AND(F27>=DATE(2026,7,14)+TIME(10,0,0),G27<=DATE(2026,7,14)+TIME(11,0,0),ABS(H27-1)<0.001,AND(F27>=G26,F27-G26<=TIME(0,30,0))),"COMPLIANT","EXCEPTION") -> COMPLIANT
A28: 46216 | B28: PROD_RECORD | C28: Competency record | D28: Production training | E28: Amara Draganov | F28: 46217.458 | G28: 46217.5 | H28: =ROUND((G28-F28)*24,2) -> 1 | I28: PROD_DEMO | J28: Competency record | K28: NO QUALIFIED BACKUP — GM ESCALATION | L28: =IF(AND(F28>=DATE(2026,7,14)+TIME(11,0,0),G28<=DATE(2026,7,14)+TIME(12,0,0),ABS(H28-1)<0.001,AND(F28>=G27,F28-G27<=TIME(0,30,0))),"COMPLIANT","EXCEPTION") -> COMPLIANT
A29: 46216 | B29: INV_COUNT | C29: Cycle count | D29: Inventory | E29: Yusuf Gasparyan | F29: 46218.292 | G29: 46218.417 | H29: =ROUND((G29-F29)*24,2) -> 3 | J29: Count sheet | K29: Marisol Reyes | L29: =IF(AND(F29>=DATE(2026,7,15)+TIME(7,0,0),G29<=DATE(2026,7,15)+TIME(10,0,0),ABS(H29-3)<0.001,TRUE()),"COMPLIANT","EXCEPTION") -> COMPLIANT
A30: 46216 | B30: INV_VARIANCE | C30: Variance review | D30: Inventory | E30: Yusuf Gasparyan | F30: 46218.417 | G30: 46218.5 | H30: =ROUND((G30-F30)*24,2) -> 2 | I30: INV_COUNT | J30: Variance log | K30: Marisol Reyes | L30: =IF(AND(F30>=DATE(2026,7,15)+TIME(10,0,0),G30<=DATE(2026,7,15)+TIME(12,0,0),ABS(H30-2)<0.001,AND(F30>=G29,F30-G29<=TIME(0,30,0))),"COMPLIANT","EXCEPTION") -> COMPLIANT
A31: 46216 | B31: INV_SHRINK | C31: Shrink brief | D31: Inventory | E31: Yusuf Gasparyan | F31: 46218.5 | G31: 46218.542 | H31: =ROUND((G31-F31)*24,2) -> 1 | I31: INV_VARIANCE | J31: Shrink brief acknowledgment | K31: Marisol Reyes | L31: =IF(AND(F31>=DATE(2026,7,15)+TIME(12,0,0),G31<=DATE(2026,7,15)+TIME(13,0,0),ABS(H31-1)<0.001,AND(F31>=G30,F31-G30<=TIME(0,30,0))),"COMPLIANT","EXCEPTION") -> COMPLIANT
A32: 46216 | B32: SAN_VERIFY | C32: Sanitation verification | D32: Sanitation | E32: Emeric Novak | F32: 46220.625 | G32: 46220.708 | H32: =ROUND((G32-F32)*24,2) -> 2 | J32: Sanitation verification log | K32: NO QUALIFIED BACKUP — GM ESCALATION | L32: =IF(AND(F32>=DATE(2026,7,17)+TIME(15,0,0),G32<=DATE(2026,7,17)+TIME(17,0,0),ABS(H32-2)<0.001,TRUE()),"COMPLIANT","EXCEPTION") -> COMPLIANT
A33: 46223 | B33: ORD_FORECAST | C33: Demand forecast | D33: Ordering | E33: Marisol Reyes | F33: 46223.333 | G33: 46223.417 | H33: =ROUND((G33-F33)*24,2) -> 2 | J33: Forecast workbook | K33: Amara Draganov | L33: =IF(AND(F33>=DATE(2026,7,20)+TIME(8,0,0),G33<=DATE(2026,7,20)+TIME(10,0,0),ABS(H33-2)<0.001,TRUE()),"COMPLIANT","EXCEPTION") -> COMPLIANT
A34: 46223 | B34: ORD_DRAFT | C34: Purchase-order draft | D34: Ordering | E34: Marisol Reyes | F34: 46223.417 | G34: 46223.542 | H34: =ROUND((G34-F34)*24,2) -> 3 | I34: ORD_FORECAST | J34: Draft PO | K34: Amara Draganov | L34: =IF(AND(F34>=DATE(2026,7,20)+TIME(10,0,0),G34<=DATE(2026,7,20)+TIME(13,0,0),ABS(H34-3)<0.001,AND(F34>=G33,F34-G33<=TIME(0,30,0))),"COMPLIANT","EXCEPTION") -> COMPLIANT
A35: 46223 | B35: ORD_HACCP | C35: HACCP order review | D35: Ordering | E35: Emeric Novak | F35: 46223.542 | G35: 46223.583 | H35: =ROUND((G35-F35)*24,2) -> 1 | I35: ORD_DRAFT | J35: HACCP initials | K35: NO QUALIFIED BACKUP — GM ESCALATION | L35: =IF(AND(F35>=DATE(2026,7,20)+TIME(13,0,0),G35<=DATE(2026,7,20)+TIME(14,0,0),ABS(H35-1)<0.001,AND(F35>=G34,F35-G34<=TIME(0,30,0))),"COMPLIANT","EXCEPTION") -> COMPLIANT
A36: 46223 | B36: ORD_RELEASE | C36: Vendor order release | D36: Ordering | E36: Marisol Reyes | F36: 46223.583 | G36: 46223.625 | H36: =ROUND((G36-F36)*24,2) -> 1 | I36: ORD_HACCP | J36: Vendor release confirmation | K36: NO QUALIFIED BACKUP — GM ESCALATION | L36: =IF(AND(F36>=DATE(2026,7,20)+TIME(14,0,0),G36<=DATE(2026,7,20)+TIME(15,0,0),ABS(H36-1)<0.001,AND(F36>=G35,F36-G35<=TIME(0,30,0))),"COMPLIANT","EXCEPTION") -> COMPLIANT
A37: 46223 | B37: RCV_VERIFY | C37: Delivery verification | D37: Receiving | E37: Yusuf Gasparyan | F37: 46226.25 | G37: 46226.333 | H37: =ROUND((G37-F37)*24,2) -> 2 | J37: Receiving log | K37: Emeric Novak | L37: =IF(AND(F37>=DATE(2026,7,23)+TIME(6,0,0),G37<=DATE(2026,7,23)+TIME(8,0,0),ABS(H37-2)<0.001,TRUE()),"COMPLIANT","EXCEPTION") -> COMPLIANT
A38: 46223 | B38: RCV_DISPOSITION | C38: HACCP disposition | D38: Receiving | E38: Emeric Novak | F38: 46226.333 | G38: 46226.375 | H38: =ROUND((G38-F38)*24,2) -> 1 | I38: RCV_VERIFY | J38: Disposition entry | K38: NO QUALIFIED BACKUP — GM ESCALATION | L38: =IF(AND(F38>=DATE(2026,7,23)+TIME(8,0,0),G38<=DATE(2026,7,23)+TIME(9,0,0),ABS(H38-1)<0.001,AND(F38>=G37,F38-G37<=TIME(0,30,0))),"COMPLIANT","EXCEPTION") -> COMPLIANT
A39: 46223 | B39: RCV_TRACE | C39: Lot traceability closeout | D39: Receiving | E39: Emeric Novak | F39: 46226.375 | G39: 46226.417 | H39: =ROUND((G39-F39)*24,2) -> 1 | I39: RCV_DISPOSITION | J39: Lot traceability closeout | K39: NO QUALIFIED BACKUP — GM ESCALATION | L39: =IF(AND(F39>=DATE(2026,7,23)+TIME(9,0,0),G39<=DATE(2026,7,23)+TIME(10,0,0),ABS(H39-1)<0.001,AND(F39>=G38,F39-G38<=TIME(0,30,0))),"COMPLIANT","EXCEPTION") -> COMPLIANT
A40: 46223 | B40: PROD_PLAN | C40: Production cut plan | D40: Production training | E40: Amara Draganov | F40: 46224.292 | G40: 46224.417 | H40: =ROUND((G40-F40)*24,2) -> 3 | J40: Cut plan | K40: NO QUALIFIED BACKUP — GM ESCALATION | L40: =IF(AND(F40>=DATE(2026,7,21)+TIME(7,0,0),G40<=DATE(2026,7,21)+TIME(10,0,0),ABS(H40-3)<0.001,TRUE()),"COMPLIANT","EXCEPTION") -> COMPLIANT
A41: 46223 | B41: PROD_DEMO | C41: Closing-crew demonstration | D41: Production training | E41: Amara Draganov | F41: 46224.417 | G41: 46224.458 | H41: =ROUND((G41-F41)*24,2) -> 1 | I41: PROD_PLAN | J41: Crew demonstration acknowledgment | K41: NO QUALIFIED BACKUP — GM ESCALATION | L41: =IF(AND(F41>=DATE(2026,7,21)+TIME(10,0,0),G41<=DATE(2026,7,21)+TIME(11,0,0),ABS(H41-1)<0.001,AND(F41>=G40,F41-G40<=TIME(0,30,0))),"COMPLIANT","EXCEPTION") -> COMPLIANT
A42: 46223 | B42: PROD_RECORD | C42: Competency record | D42: Production training | E42: Amara Draganov | F42: 46224.458 | G42: 46224.5 | H42: =ROUND((G42-F42)*24,2) -> 1 | I42: PROD_DEMO | J42: Competency record | K42: NO QUALIFIED BACKUP — GM ESCALATION | L42: =IF(AND(F42>=DATE(2026,7,21)+TIME(11,0,0),G42<=DATE(2026,7,21)+TIME(12,0,0),ABS(H42-1)<0.001,AND(F42>=G41,F42-G41<=TIME(0,30,0))),"COMPLIANT","EXCEPTION") -> COMPLIANT
A43: 46223 | B43: INV_COUNT | C43: Cycle count | D43: Inventory | E43: Yusuf Gasparyan | F43: 46225.292 | G43: 46225.417 | H43: =ROUND((G43-F43)*24,2) -> 3 | J43: Count sheet | K43: Marisol Reyes | L43: =IF(AND(F43>=DATE(2026,7,22)+TIME(7,0,0),G43<=DATE(2026,7,22)+TIME(10,0,0),ABS(H43-3)<0.001,TRUE()),"COMPLIANT","EXCEPTION") -> COMPLIANT
A44: 46223 | B44: INV_VARIANCE | C44: Variance review | D44: Inventory | E44: Yusuf Gasparyan | F44: 46225.417 | G44: 46225.5 | H44: =ROUND((G44-F44)*24,2) -> 2 | I44: INV_COUNT | J44: Variance log | K44: Marisol Reyes | L44: =IF(AND(F44>=DATE(2026,7,22)+TIME(10,0,0),G44<=DATE(2026,7,22)+TIME(12,0,0),ABS(H44-2)<0.001,AND(F44>=G43,F44-G43<=TIME(0,30,0))),"COMPLIANT","EXCEPTION") -> COMPLIANT
A45: 46223 | B45: INV_SHRINK | C45: Shrink brief | D45: Inventory | E45: Yusuf Gasparyan | F45: 46225.5 | G45: 46225.542 | H45: =ROUND((G45-F45)*24,2) -> 1 | I45: INV_VARIANCE | J45: Shrink brief acknowledgment | K45: Marisol Reyes | L45: =IF(AND(F45>=DATE(2026,7,22)+TIME(12,0,0),G45<=DATE(2026,7,22)+TIME(13,0,0),ABS(H45-1)<0.001,AND(F45>=G44,F45-G44<=TIME(0,30,0))),"COMPLIANT","EXCEPTION") -> COMPLIANT
A46: 46223 | B46: SAN_VERIFY | C46: Sanitation verification | D46: Sanitation | E46: Emeric Novak | F46: 46227.625 | G46: 46227.708 | H46: =ROUND((G46-F46)*24,2) -> 2 | J46: Sanitation verification log | K46: NO QUALIFIED BACKUP — GM ESCALATION | L46: =IF(AND(F46>=DATE(2026,7,24)+TIME(15,0,0),G46<=DATE(2026,7,24)+TIME(17,0,0),ABS(H46-2)<0.001,TRUE()),"COMPLIANT","EXCEPTION") -> COMPLIANT
A47: 46230 | B47: ORD_FORECAST | C47: Demand forecast | D47: Ordering | E47: Marisol Reyes | F47: 46230.333 | G47: 46230.417 | H47: =ROUND((G47-F47)*24,2) -> 2 | J47: Forecast workbook | K47: Amara Draganov | L47: =IF(AND(F47>=DATE(2026,7,27)+TIME(8,0,0),G47<=DATE(2026,7,27)+TIME(10,0,0),ABS(H47-2)<0.001,TRUE()),"COMPLIANT","EXCEPTION") -> COMPLIANT
A48: 46230 | B48: ORD_DRAFT | C48: Purchase-order draft | D48: Ordering | E48: Marisol Reyes | F48: 46230.417 | G48: 46230.542 | H48: =ROUND((G48-F48)*24,2) -> 3 | I48: ORD_FORECAST | J48: Draft PO | K48: Amara Draganov | L48: =IF(AND(F48>=DATE(2026,7,27)+TIME(10,0,0),G48<=DATE(2026,7,27)+TIME(13,0,0),ABS(H48-3)<0.001,AND(F48>=G47,F48-G47<=TIME(0,30,0))),"COMPLIANT","EXCEPTION") -> COMPLIANT
A49: 46230 | B49: ORD_HACCP | C49: HACCP order review | D49: Ordering | E49: Emeric Novak | F49: 46230.542 | G49: 46230.583 | H49: =ROUND((G49-F49)*24,2) -> 1 | I49: ORD_DRAFT | J49: HACCP initials | K49: NO QUALIFIED BACKUP — GM ESCALATION | L49: =IF(AND(F49>=DATE(2026,7,27)+TIME(13,0,0),G49<=DATE(2026,7,27)+TIME(14,0,0),ABS(H49-1)<0.001,AND(F49>=G48,F49-G48<=TIME(0,30,0))),"COMPLIANT","EXCEPTION") -> COMPLIANT
A50: 46230 | B50: ORD_RELEASE | C50: Vendor order release | D50: Ordering | E50: Marisol Reyes | F50: 46230.583 | G50: 46230.625 | H50: =ROUND((G50-F50)*24,2) -> 1 | I50: ORD_HACCP | J50: Vendor release confirmation | K50: NO QUALIFIED BACKUP — GM ESCALATION | L50: =IF(AND(F50>=DATE(2026,7,27)+TIME(14,0,0),G50<=DATE(2026,7,27)+TIME(15,0,0),ABS(H50-1)<0.001,AND(F50>=G49,F50-G49<=TIME(0,30,0))),"COMPLIANT","EXCEPTION") -> COMPLIANT
A51: 46230 | B51: RCV_VERIFY | C51: Delivery verification | D51: Receiving | E51: Yusuf Gasparyan | F51: 46233.25 | G51: 46233.333 | H51: =ROUND((G51-F51)*24,2) -> 2 | J51: Receiving log | K51: Emeric Novak | L51: =IF(AND(F51>=DATE(2026,7,30)+TIME(6,0,0),G51<=DATE(2026,7,30)+TIME(8,0,0),ABS(H51-2)<0.001,TRUE()),"COMPLIANT","EXCEPTION") -> COMPLIANT
A52: 46230 | B52: RCV_DISPOSITION | C52: HACCP disposition | D52: Receiving | E52: Emeric Novak | F52: 46233.333 | G52: 46233.375 | H52: =ROUND((G52-F52)*24,2) -> 1 | I52: RCV_VERIFY | J52: Disposition entry | K52: NO QUALIFIED BACKUP — GM ESCALATION | L52: =IF(AND(F52>=DATE(2026,7,30)+TIME(8,0,0),G52<=DATE(2026,7,30)+TIME(9,0,0),ABS(H52-1)<0.001,AND(F52>=G51,F52-G51<=TIME(0,30,0))),"COMPLIANT","EXCEPTION") -> COMPLIANT
A53: 46230 | B53: RCV_TRACE | C53: Lot traceability closeout | D53: Receiving | E53: Emeric Novak | F53: 46233.375 | G53: 46233.417 | H53: =ROUND((G53-F53)*24,2) -> 1 | I53: RCV_DISPOSITION | J53: Lot traceability closeout | K53: NO QUALIFIED BACKUP — GM ESCALATION | L53: =IF(AND(F53>=DATE(2026,7,30)+TIME(9,0,0),G53<=DATE(2026,7,30)+TIME(10,0,0),ABS(H53-1)<0.001,AND(F53>=G52,F53-G52<=TIME(0,30,0))),"COMPLIANT","EXCEPTION") -> COMPLIANT
A54: 46230 | B54: PROD_PLAN | C54: Production cut plan | D54: Production training | E54: Amara Draganov | F54: 46231.292 | G54: 46231.417 | H54: =ROUND((G54-F54)*24,2) -> 3 | J54: Cut plan | K54: NO QUALIFIED BACKUP — GM ESCALATION | L54: =IF(AND(F54>=DATE(2026,7,28)+TIME(7,0,0),G54<=DATE(2026,7,28)+TIME(10,0,0),ABS(H54-3)<0.001,TRUE()),"COMPLIANT","EXCEPTION") -> COMPLIANT
A55: 46230 | B55: PROD_DEMO | C55: Closing-crew demonstration | D55: Production training | E55: Amara Draganov | F55: 46231.417 | G55: 46231.458 | H55: =ROUND((G55-F55)*24,2) -> 1 | I55: PROD_PLAN | J55: Crew demonstration acknowledgment | K55: NO QUALIFIED BACKUP — GM ESCALATION | L55: =IF(AND(F55>=DATE(2026,7,28)+TIME(10,0,0),G55<=DATE(2026,7,28)+TIME(11,0,0),ABS(H55-1)<0.001,AND(F55>=G54,F55-G54<=TIME(0,30,0))),"COMPLIANT","EXCEPTION") -> COMPLIANT
A56: 46230 | B56: PROD_RECORD | C56: Competency record | D56: Production training | E56: Amara Draganov | F56: 46231.458 | G56: 46231.5 | H56: =ROUND((G56-F56)*24,2) -> 1 | I56: PROD_DEMO | J56: Competency record | K56: NO QUALIFIED BACKUP — GM ESCALATION | L56: =IF(AND(F56>=DATE(2026,7,28)+TIME(11,0,0),G56<=DATE(2026,7,28)+TIME(12,0,0),ABS(H56-1)<0.001,AND(F56>=G55,F56-G55<=TIME(0,30,0))),"COMPLIANT","EXCEPTION") -> COMPLIANT
A57: 46230 | B57: INV_COUNT | C57: Cycle count | D57: Inventory | E57: Yusuf Gasparyan | F57: 46232.292 | G57: 46232.417 | H57: =ROUND((G57-F57)*24,2) -> 3 | J57: Count sheet | K57: Marisol Reyes | L57: =IF(AND(F57>=DATE(2026,7,29)+TIME(7,0,0),G57<=DATE(2026,7,29)+TIME(10,0,0),ABS(H57-3)<0.001,TRUE()),"COMPLIANT","EXCEPTION") -> COMPLIANT
A58: 46230 | B58: INV_VARIANCE | C58: Variance review | D58: Inventory | E58: Yusuf Gasparyan | F58: 46232.417 | G58: 46232.5 | H58: =ROUND((G58-F58)*24,2) -> 2 | I58: INV_COUNT | J58: Variance log | K58: Marisol Reyes | L58: =IF(AND(F58>=DATE(2026,7,29)+TIME(10,0,0),G58<=DATE(2026,7,29)+TIME(12,0,0),ABS(H58-2)<0.001,AND(F58>=G57,F58-G57<=TIME(0,30,0))),"COMPLIANT","EXCEPTION") -> COMPLIANT
A59: 46230 | B59: INV_SHRINK | C59: Shrink brief | D59: Inventory | E59: Yusuf Gasparyan | F59: 46232.5 | G59: 46232.542 | H59: =ROUND((G59-F59)*24,2) -> 1 | I59: INV_VARIANCE | J59: Shrink brief acknowledgment | K59: Marisol Reyes | L59: =IF(AND(F59>=DATE(2026,7,29)+TIME(12,0,0),G59<=DATE(2026,7,29)+TIME(13,0,0),ABS(H59-1)<0.001,AND(F59>=G58,F59-G58<=TIME(0,30,0))),"COMPLIANT","EXCEPTION") -> COMPLIANT
A60: 46230 | B60: SAN_VERIFY | C60: Sanitation verification | D60: Sanitation | E60: Emeric Novak | F60: 46234.625 | G60: 46234.708 | H60: =ROUND((G60-F60)*24,2) -> 2 | J60: Sanitation verification log | K60: NO QUALIFIED BACKUP — GM ESCALATION | L60: =IF(AND(F60>=DATE(2026,7,31)+TIME(15,0,0),G60<=DATE(2026,7,31)+TIME(17,0,0),ABS(H60-2)<0.001,TRUE()),"COMPLIANT","EXCEPTION") -> COMPLIANT
A61: 46237 | B61: ORD_FORECAST | C61: Demand forecast | D61: Ordering | E61: Marisol Reyes | F61: 46237.333 | G61: 46237.417 | H61: =ROUND((G61-F61)*24,2) -> 2 | J61: Forecast workbook | K61: Amara Draganov | L61: =IF(AND(F61>=DATE(2026,8,3)+TIME(8,0,0),G61<=DATE(2026,8,3)+TIME(10,0,0),ABS(H61-2)<0.001,TRUE()),"COMPLIANT","EXCEPTION") -> COMPLIANT
A62: 46237 | B62: ORD_DRAFT | C62: Purchase-order draft | D62: Ordering | E62: Marisol Reyes | F62: 46237.417 | G62: 46237.542 | H62: =ROUND((G62-F62)*24,2) -> 3 | I62: ORD_FORECAST | J62: Draft PO | K62: Amara Draganov | L62: =IF(AND(F62>=DATE(2026,8,3)+TIME(10,0,0),G62<=DATE(2026,8,3)+TIME(13,0,0),ABS(H62-3)<0.001,AND(F62>=G61,F62-G61<=TIME(0,30,0))),"COMPLIANT","EXCEPTION") -> COMPLIANT
A63: 46237 | B63: ORD_HACCP | C63: HACCP order review | D63: Ordering | E63: Emeric Novak | F63: 46237.542 | G63: 46237.583 | H63: =ROUND((G63-F63)*24,2) -> 1 | I63: ORD_DRAFT | J63: HACCP initials | K63: NO QUALIFIED BACKUP — GM ESCALATION | L63: =IF(AND(F63>=DATE(2026,8,3)+TIME(13,0,0),G63<=DATE(2026,8,3)+TIME(14,0,0),ABS(H63-1)<0.001,AND(F63>=G62,F63-G62<=TIME(0,30,0))),"COMPLIANT","EXCEPTION") -> COMPLIANT
A64: 46237 | B64: ORD_RELEASE | C64: Vendor order release | D64: Ordering | E64: Marisol Reyes | F64: 46237.583 | G64: 46237.625 | H64: =ROUND((G64-F64)*24,2) -> 1 | I64: ORD_HACCP | J64: Vendor release confirmation | K64: NO QUALIFIED BACKUP — GM ESCALATION | L64: =IF(AND(F64>=DATE(2026,8,3)+TIME(14,0,0),G64<=DATE(2026,8,3)+TIME(15,0,0),ABS(H64-1)<0.001,AND(F64>=G63,F64-G63<=TIME(0,30,0))),"COMPLIANT","EXCEPTION") -> COMPLIANT
A65: 46237 | B65: RCV_VERIFY | C65: Delivery verification | D65: Receiving | E65: Yusuf Gasparyan | F65: 46240.25 | G65: 46240.333 | H65: =ROUND((G65-F65)*24,2) -> 2 | J65: Receiving log | K65: Emeric Novak | L65: =IF(AND(F65>=DATE(2026,8,6)+TIME(6,0,0),G65<=DATE(2026,8,6)+TIME(8,0,0),ABS(H65-2)<0.001,TRUE()),"COMPLIANT","EXCEPTION") -> COMPLIANT
A66: 46237 | B66: RCV_DISPOSITION | C66: HACCP disposition | D66: Receiving | E66: Emeric Novak | F66: 46240.333 | G66: 46240.375 | H66: =ROUND((G66-F66)*24,2) -> 1 | I66: RCV_VERIFY | J66: Disposition entry | K66: NO QUALIFIED BACKUP — GM ESCALATION | L66: =IF(AND(F66>=DATE(2026,8,6)+TIME(8,0,0),G66<=DATE(2026,8,6)+TIME(9,0,0),ABS(H66-1)<0.001,AND(F66>=G65,F66-G65<=TIME(0,30,0))),"COMPLIANT","EXCEPTION") -> COMPLIANT
A67: 46237 | B67: RCV_TRACE | C67: Lot traceability closeout | D67: Receiving | E67: Emeric Novak | F67: 46240.375 | G67: 46240.417 | H67: =ROUND((G67-F67)*24,2) -> 1 | I67: RCV_DISPOSITION | J67: Lot traceability closeout | K67: NO QUALIFIED BACKUP — GM ESCALATION | L67: =IF(AND(F67>=DATE(2026,8,6)+TIME(9,0,0),G67<=DATE(2026,8,6)+TIME(10,0,0),ABS(H67-1)<0.001,AND(F67>=G66,F67-G66<=TIME(0,30,0))),"COMPLIANT","EXCEPTION") -> COMPLIANT
A68: 46237 | B68: PROD_PLAN | C68: Production cut plan | D68: Production training | E68: Amara Draganov | F68: 46238.292 | G68: 46238.417 | H68: =ROUND((G68-F68)*24,2) -> 3 | J68: Cut plan | K68: NO QUALIFIED BACKUP — GM ESCALATION | L68: =IF(AND(F68>=DATE(2026,8,4)+TIME(7,0,0),G68<=DATE(2026,8,4)+TIME(10,0,0),ABS(H68-3)<0.001,TRUE()),"COMPLIANT","EXCEPTION") -> COMPLIANT
A69: 46237 | B69: PROD_DEMO | C69: Closing-crew demonstration | D69: Production training | E69: Amara Draganov | F69: 46238.417 | G69: 46238.458 | H69: =ROUND((G69-F69)*24,2) -> 1 | I69: PROD_PLAN | J69: Crew demonstration acknowledgment | K69: NO QUALIFIED BACKUP — GM ESCALATION | L69: =IF(AND(F69>=DATE(2026,8,4)+TIME(10,0,0),G69<=DATE(2026,8,4)+TIME(11,0,0),ABS(H69-1)<0.001,AND(F69>=G68,F69-G68<=TIME(0,30,0))),"COMPLIANT","EXCEPTION") -> COMPLIANT
A70: 46237 | B70: PROD_RECORD | C70: Competency record | D70: Production training | E70: Amara Draganov | F70: 46238.458 | G70: 46238.5 | H70: =ROUND((G70-F70)*24,2) -> 1 | I70: PROD_DEMO | J70: Competency record | K70: NO QUALIFIED BACKUP — GM ESCALATION | L70: =IF(AND(F70>=DATE(2026,8,4)+TIME(11,0,0),G70<=DATE(2026,8,4)+TIME(12,0,0),ABS(H70-1)<0.001,AND(F70>=G69,F70-G69<=TIME(0,30,0))),"COMPLIANT","EXCEPTION") -> COMPLIANT
A71: 46237 | B71: INV_COUNT | C71: Cycle count | D71: Inventory | E71: Yusuf Gasparyan | F71: 46239.292 | G71: 46239.417 | H71: =ROUND((G71-F71)*24,2) -> 3 | J71: Count sheet | K71: Marisol Reyes | L71: =IF(AND(F71>=DATE(2026,8,5)+TIME(7,0,0),G71<=DATE(2026,8,5)+TIME(10,0,0),ABS(H71-3)<0.001,TRUE()),"COMPLIANT","EXCEPTION") -> COMPLIANT
A72: 46237 | B72: INV_VARIANCE | C72: Variance review | D72: Inventory | E72: Yusuf Gasparyan | F72: 46239.417 | G72: 46239.5 | H72: =ROUND((G72-F72)*24,2) -> 2 | I72: INV_COUNT | J72: Variance log | K72: Marisol Reyes | L72: =IF(AND(F72>=DATE(2026,8,5)+TIME(10,0,0),G72<=DATE(2026,8,5)+TIME(12,0,0),ABS(H72-2)<0.001,AND(F72>=G71,F72-G71<=TIME(0,30,0))),"COMPLIANT","EXCEPTION") -> COMPLIANT
A73: 46237 | B73: INV_SHRINK | C73: Shrink brief | D73: Inventory | E73: Yusuf Gasparyan | F73: 46239.5 | G73: 46239.542 | H73: =ROUND((G73-F73)*24,2) -> 1 | I73: INV_VARIANCE | J73: Shrink brief acknowledgment | K73: Marisol Reyes | L73: =IF(AND(F73>=DATE(2026,8,5)+TIME(12,0,0),G73<=DATE(2026,8,5)+TIME(13,0,0),ABS(H73-1)<0.001,AND(F73>=G72,F73-G72<=TIME(0,30,0))),"COMPLIANT","EXCEPTION") -> COMPLIANT
A74: 46237 | B74: SAN_VERIFY | C74: Sanitation verification | D74: Sanitation | E74: Emeric Novak | F74: 46241.625 | G74: 46241.708 | H74: =ROUND((G74-F74)*24,2) -> 2 | J74: Sanitation verification log | K74: NO QUALIFIED BACKUP — GM ESCALATION | L74: =IF(AND(F74>=DATE(2026,8,7)+TIME(15,0,0),G74<=DATE(2026,8,7)+TIME(17,0,0),ABS(H74-2)<0.001,TRUE()),"COMPLIANT","EXCEPTION") -> COMPLIANT
A75: 46244 | B75: ORD_FORECAST | C75: Demand forecast | D75: Ordering | E75: Marisol Reyes | F75: 46244.333 | G75: 46244.417 | H75: =ROUND((G75-F75)*24,2) -> 2 | J75: Forecast workbook | K75: Amara Draganov | L75: =IF(AND(F75>=DATE(2026,8,10)+TIME(8,0,0),G75<=DATE(2026,8,10)+TIME(10,0,0),ABS(H75-2)<0.001,TRUE()),"COMPLIANT","EXCEPTION") -> COMPLIANT
A76: 46244 | B76: ORD_DRAFT | C76: Purchase-order draft | D76: Ordering | E76: Marisol Reyes | F76: 46244.417 | G76: 46244.542 | H76: =ROUND((G76-F76)*24,2) -> 3 | I76: ORD_FORECAST | J76: Draft PO | K76: Amara Draganov | L76: =IF(AND(F76>=DATE(2026,8,10)+TIME(10,0,0),G76<=DATE(2026,8,10)+TIME(13,0,0),ABS(H76-3)<0.001,AND(F76>=G75,F76-G75<=TIME(0,30,0))),"COMPLIANT","EXCEPTION") -> COMPLIANT
A77: 46244 | B77: ORD_HACCP | C77: HACCP order review | D77: Ordering | E77: Emeric Novak | F77: 46244.542 | G77: 46244.583 | H77: =ROUND((G77-F77)*24,2) -> 1 | I77: ORD_DRAFT | J77: HACCP initials | K77: NO QUALIFIED BACKUP — GM ESCALATION | L77: =IF(AND(F77>=DATE(2026,8,10)+TIME(13,0,0),G77<=DATE(2026,8,10)+TIME(14,0,0),ABS(H77-1)<0.001,AND(F77>=G76,F77-G76<=TIME(0,30,0))),"COMPLIANT","EXCEPTION") -> COMPLIANT
A78: 46244 | B78: ORD_RELEASE | C78: Vendor order release | D78: Ordering | E78: Marisol Reyes | F78: 46244.583 | G78: 46244.625 | H78: =ROUND((G78-F78)*24,2) -> 1 | I78: ORD_HACCP | J78: Vendor release confirmation | K78: NO QUALIFIED BACKUP — GM ESCALATION | L78: =IF(AND(F78>=DATE(2026,8,10)+TIME(14,0,0),G78<=DATE(2026,8,10)+TIME(15,0,0),ABS(H78-1)<0.001,AND(F78>=G77,F78-G77<=TIME(0,30,0))),"COMPLIANT","EXCEPTION") -> COMPLIANT
A79: 46244 | B79: RCV_VERIFY | C79: Delivery verification | D79: Receiving | E79: Yusuf Gasparyan | F79: 46247.25 | G79: 46247.333 | H79: =ROUND((G79-F79)*24,2) -> 2 | J79: Receiving log | K79: Emeric Novak | L79: =IF(AND(F79>=DATE(2026,8,13)+TIME(6,0,0),G79<=DATE(2026,8,13)+TIME(8,0,0),ABS(H79-2)<0.001,TRUE()),"COMPLIANT","EXCEPTION") -> COMPLIANT
A80: 46244 | B80: RCV_DISPOSITION | C80: HACCP disposition | D80: Receiving | E80: Emeric Novak | F80: 46247.333 | G80: 46247.375 | H80: =ROUND((G80-F80)*24,2) -> 1 | I80: RCV_VERIFY | J80: Disposition entry | K80: NO QUALIFIED BACKUP — GM ESCALATION | L80: =IF(AND(F80>=DATE(2026,8,13)+TIME(8,0,0),G80<=DATE(2026,8,13)+TIME(9,0,0),ABS(H80-1)<0.001,AND(F80>=G79,F80-G79<=TIME(0,30,0))),"COMPLIANT","EXCEPTION") -> COMPLIANT
A81: 46244 | B81: RCV_TRACE | C81: Lot traceability closeout | D81: Receiving | E81: Emeric Novak | F81: 46247.375 | G81: 46247.417 | H81: =ROUND((G81-F81)*24,2) -> 1 | I81: RCV_DISPOSITION | J81: Lot traceability closeout | K81: NO QUALIFIED BACKUP — GM ESCALATION | L81: =IF(AND(F81>=DATE(2026,8,13)+TIME(9,0,0),G81<=DATE(2026,8,13)+TIME(10,0,0),ABS(H81-1)<0.001,AND(F81>=G80,F81-G80<=TIME(0,30,0))),"COMPLIANT","EXCEPTION") -> COMPLIANT
A82: 46244 | B82: PROD_PLAN | C82: Production cut plan | D82: Production training | E82: Amara Draganov | F82: 46245.292 | G82: 46245.417 | H82: =ROUND((G82-F82)*24,2) -> 3 | J82: Cut plan | K82: NO QUALIFIED BACKUP — GM ESCALATION | L82: =IF(AND(F82>=DATE(2026,8,11)+TIME(7,0,0),G82<=DATE(2026,8,11)+TIME(10,0,0),ABS(H82-3)<0.001,TRUE()),"COMPLIANT","EXCEPTION") -> COMPLIANT
A83: 46244 | B83: PROD_DEMO | C83: Closing-crew demonstration | D83: Production training | E83: Amara Draganov | F83: 46245.417 | G83: 46245.458 | H83: =ROUND((G83-F83)*24,2) -> 1 | I83: PROD_PLAN | J83: Crew demonstration acknowledgment | K83: NO QUALIFIED BACKUP — GM ESCALATION | L83: =IF(AND(F83>=DATE(2026,8,11)+TIME(10,0,0),G83<=DATE(2026,8,11)+TIME(11,0,0),ABS(H83-1)<0.001,AND(F83>=G82,F83-G82<=TIME(0,30,0))),"COMPLIANT","EXCEPTION") -> COMPLIANT
A84: 46244 | B84: PROD_RECORD | C84: Competency record | D84: Production training | E84: Amara Draganov | F84: 46245.458 | G84: 46245.5 | H84: =ROUND((G84-F84)*24,2) -> 1 | I84: PROD_DEMO | J84: Competency record | K84: NO QUALIFIED BACKUP — GM ESCALATION | L84: =IF(AND(F84>=DATE(2026,8,11)+TIME(11,0,0),G84<=DATE(2026,8,11)+TIME(12,0,0),ABS(H84-1)<0.001,AND(F84>=G83,F84-G83<=TIME(0,30,0))),"COMPLIANT","EXCEPTION") -> COMPLIANT
A85: 46244 | B85: INV_COUNT | C85: Cycle count | D85: Inventory | E85: Yusuf Gasparyan | F85: 46246.292 | G85: 46246.417 | H85: =ROUND((G85-F85)*24,2) -> 3 | J85: Count sheet | K85: Marisol Reyes | L85: =IF(AND(F85>=DATE(2026,8,12)+TIME(7,0,0),G85<=DATE(2026,8,12)+TIME(10,0,0),ABS(H85-3)<0.001,TRUE()),"COMPLIANT","EXCEPTION") -> COMPLIANT
A86: 46244 | B86: INV_VARIANCE | C86: Variance review | D86: Inventory | E86: Yusuf Gasparyan | F86: 46246.417 | G86: 46246.5 | H86: =ROUND((G86-F86)*24,2) -> 2 | I86: INV_COUNT | J86: Variance log | K86: Marisol Reyes | L86: =IF(AND(F86>=DATE(2026,8,12)+TIME(10,0,0),G86<=DATE(2026,8,12)+TIME(12,0,0),ABS(H86-2)<0.001,AND(F86>=G85,F86-G85<=TIME(0,30,0))),"COMPLIANT","EXCEPTION") -> COMPLIANT
A87: 46244 | B87: INV_SHRINK | C87: Shrink brief | D87: Inventory | E87: Yusuf Gasparyan | F87: 46246.5 | G87: 46246.542 | H87: =ROUND((G87-F87)*24,2) -> 1 | I87: INV_VARIANCE | J87: Shrink brief acknowledgment | K87: Marisol Reyes | L87: =IF(AND(F87>=DATE(2026,8,12)+TIME(12,0,0),G87<=DATE(2026,8,12)+TIME(13,0,0),ABS(H87-1)<0.001,AND(F87>=G86,F87-G86<=TIME(0,30,0))),"COMPLIANT","EXCEPTION") -> COMPLIANT
A88: 46244 | B88: SAN_VERIFY | C88: Sanitation verification | D88: Sanitation | E88: Emeric Novak | F88: 46248.625 | G88: 46248.708 | H88: =ROUND((G88-F88)*24,2) -> 2 | J88: Sanitation verification log | K88: NO QUALIFIED BACKUP — GM ESCALATION | L88: =IF(AND(F88>=DATE(2026,8,14)+TIME(15,0,0),G88<=DATE(2026,8,14)+TIME(17,0,0),ABS(H88-2)<0.001,TRUE()),"COMPLIANT","EXCEPTION") -> COMPLIANT
A89: 46251 | B89: ORD_FORECAST | C89: Demand forecast | D89: Ordering | E89: Marisol Reyes | F89: 46251.333 | G89: 46251.417 | H89: =ROUND((G89-F89)*24,2) -> 2 | J89: Forecast workbook | K89: Amara Draganov | L89: =IF(AND(F89>=DATE(2026,8,17)+TIME(8,0,0),G89<=DATE(2026,8,17)+TIME(10,0,0),ABS(H89-2)<0.001,TRUE()),"COMPLIANT","EXCEPTION") -> COMPLIANT
A90: 46251 | B90: ORD_DRAFT | C90: Purchase-order draft | D90: Ordering | E90: Marisol Reyes | F90: 46251.417 | G90: 46251.542 | H90: =ROUND((G90-F90)*24,2) -> 3 | I90: ORD_FORECAST | J90: Draft PO | K90: Amara Draganov | L90: =IF(AND(F90>=DATE(2026,8,17)+TIME(10,0,0),G90<=DATE(2026,8,17)+TIME(13,0,0),ABS(H90-3)<0.001,AND(F90>=G89,F90-G89<=TIME(0,30,0))),"COMPLIANT","EXCEPTION") -> COMPLIANT
A91: 46251 | B91: ORD_HACCP | C91: HACCP order review | D91: Ordering | E91: Emeric Novak | F91: 46251.542 | G91: 46251.583 | H91: =ROUND((G91-F91)*24,2) -> 1 | I91: ORD_DRAFT | J91: HACCP initials | K91: NO QUALIFIED BACKUP — GM ESCALATION | L91: =IF(AND(F91>=DATE(2026,8,17)+TIME(13,0,0),G91<=DATE(2026,8,17)+TIME(14,0,0),ABS(H91-1)<0.001,AND(F91>=G90,F91-G90<=TIME(0,30,0))),"COMPLIANT","EXCEPTION") -> COMPLIANT
A92: 46251 | B92: ORD_RELEASE | C92: Vendor order release | D92: Ordering | E92: Marisol Reyes | F92: 46251.583 | G92: 46251.625 | H92: =ROUND((G92-F92)*24,2) -> 1 | I92: ORD_HACCP | J92: Vendor release confirmation | K92: NO QUALIFIED BACKUP — GM ESCALATION | L92: =IF(AND(F92>=DATE(2026,8,17)+TIME(14,0,0),G92<=DATE(2026,8,17)+TIME(15,0,0),ABS(H92-1)<0.001,AND(F92>=G91,F92-G91<=TIME(0,30,0))),"COMPLIANT","EXCEPTION") -> COMPLIANT
A93: 46251 | B93: RCV_VERIFY | C93: Delivery verification | D93: Receiving | E93: Yusuf Gasparyan | F93: 46254.25 | G93: 46254.333 | H93: =ROUND((G93-F93)*24,2) -> 2 | J93: Receiving log | K93: Emeric Novak | L93: =IF(AND(F93>=DATE(2026,8,20)+TIME(6,0,0),G93<=DATE(2026,8,20)+TIME(8,0,0),ABS(H93-2)<0.001,TRUE()),"COMPLIANT","EXCEPTION") -> COMPLIANT
A94: 46251 | B94: RCV_DISPOSITION | C94: HACCP disposition | D94: Receiving | E94: Emeric Novak | F94: 46254.333 | G94: 46254.375 | H94: =ROUND((G94-F94)*24,2) -> 1 | I94: RCV_VERIFY | J94: Disposition entry | K94: NO QUALIFIED BACKUP — GM ESCALATION | L94: =IF(AND(F94>=DATE(2026,8,20)+TIME(8,0,0),G94<=DATE(2026,8,20)+TIME(9,0,0),ABS(H94-1)<0.001,AND(F94>=G93,F94-G93<=TIME(0,30,0))),"COMPLIANT","EXCEPTION") -> COMPLIANT
A95: 46251 | B95: RCV_TRACE | C95: Lot traceability closeout | D95: Receiving | E95: Emeric Novak | F95: 46254.375 | G95: 46254.417 | H95: =ROUND((G95-F95)*24,2) -> 1 | I95: RCV_DISPOSITION | J95: Lot traceability closeout | K95: NO QUALIFIED BACKUP — GM ESCALATION | L95: =IF(AND(F95>=DATE(2026,8,20)+TIME(9,0,0),G95<=DATE(2026,8,20)+TIME(10,0,0),ABS(H95-1)<0.001,AND(F95>=G94,F95-G94<=TIME(0,30,0))),"COMPLIANT","EXCEPTION") -> COMPLIANT
A96: 46251 | B96: PROD_PLAN | C96: Production cut plan | D96: Production training | E96: Amara Draganov | F96: 46252.292 | G96: 46252.417 | H96: =ROUND((G96-F96)*24,2) -> 3 | J96: Cut plan | K96: NO QUALIFIED BACKUP — GM ESCALATION | L96: =IF(AND(F96>=DATE(2026,8,18)+TIME(7,0,0),G96<=DATE(2026,8,18)+TIME(10,0,0),ABS(H96-3)<0.001,TRUE()),"COMPLIANT","EXCEPTION") -> COMPLIANT
A97: 46251 | B97: PROD_DEMO | C97: Closing-crew demonstration | D97: Production training | E97: Amara Draganov | F97: 46252.417 | G97: 46252.458 | H97: =ROUND((G97-F97)*24,2) -> 1 | I97: PROD_PLAN | J97: Crew demonstration acknowledgment | K97: NO QUALIFIED BACKUP — GM ESCALATION | L97: =IF(AND(F97>=DATE(2026,8,18)+TIME(10,0,0),G97<=DATE(2026,8,18)+TIME(11,0,0),ABS(H97-1)<0.001,AND(F97>=G96,F97-G96<=TIME(0,30,0))),"COMPLIANT","EXCEPTION") -> COMPLIANT
A98: 46251 | B98: PROD_RECORD | C98: Competency record | D98: Production training | E98: Amara Draganov | F98: 46252.458 | G98: 46252.5 | H98: =ROUND((G98-F98)*24,2) -> 1 | I98: PROD_DEMO | J98: Competency record | K98: NO QUALIFIED BACKUP — GM ESCALATION | L98: =IF(AND(F98>=DATE(2026,8,18)+TIME(11,0,0),G98<=DATE(2026,8,18)+TIME(12,0,0),ABS(H98-1)<0.001,AND(F98>=G97,F98-G97<=TIME(0,30,0))),"COMPLIANT","EXCEPTION") -> COMPLIANT
A99: 46251 | B99: INV_COUNT | C99: Cycle count | D99: Inventory | E99: Yusuf Gasparyan | F99: 46253.292 | G99: 46253.417 | H99: =ROUND((G99-F99)*24,2) -> 3 | J99: Count sheet | K99: Marisol Reyes | L99: =IF(AND(F99>=DATE(2026,8,19)+TIME(7,0,0),G99<=DATE(2026,8,19)+TIME(10,0,0),ABS(H99-3)<0.001,TRUE()),"COMPLIANT","EXCEPTION") -> COMPLIANT
A100: 46251 | B100: INV_VARIANCE | C100: Variance review | D100: Inventory | E100: Yusuf Gasparyan | F100: 46253.417 | G100: 46253.5 | H100: =ROUND((G100-F100)*24,2) -> 2 | I100: INV_COUNT | J100: Variance log | K100: Marisol Reyes | L100: =IF(AND(F100>=DATE(2026,8,19)+TIME(10,0,0),G100<=DATE(2026,8,19)+TIME(12,0,0),ABS(H100-2)<0.001,AND(F100>=G99,F100-G99<=TIME(0,30,0))),"COMPLIANT","EXCEPTION") -> COMPLIANT
A101: 46251 | B101: INV_SHRINK | C101: Shrink brief | D101: Inventory | E101: Yusuf Gasparyan | F101: 46253.5 | G101: 46253.542 | H101: =ROUND((G101-F101)*24,2) -> 1 | I101: INV_VARIANCE | J101: Shrink brief acknowledgment | K101: Marisol Reyes | L101: =IF(AND(F101>=DATE(2026,8,19)+TIME(12,0,0),G101<=DATE(2026,8,19)+TIME(13,0,0),ABS(H101-1)<0.001,AND(F101>=G100,F101-G100<=TIME(0,30,0))),"COMPLIANT","EXCEPTION") -> COMPLIANT
...

Sheet Weekly Controls
A1: Weekly Hours by Owner and compliance controls
A2: Formula controls recalculate from Duty Schedule; capacities from current people extract.
A4: Operational Week | B4: Owner | C4: Weekly Hours by Owner | D4: Interim cap | E4: Hours Status | F4: Timing Status | G4: Weekly Control
A5: 46209 | B5: Emeric Novak | C5: =ROUND(SUMIFS('Duty Schedule'!$H$5:$H$200,'Duty Schedule'!$A$5:$A$200,A5,'Duty Schedule'!$E$5:$E$200,B5),2) -> 5 | D5: 5 | E5: =IF(C5<=D5,"COMPLIANT","EXCEPTION") -> COMPLIANT | F5: =IF(COUNTIFS('Duty Schedule'!$A$5:$A$200,A5,'Duty Schedule'!$E$5:$E$200,B5,'Duty Schedule'!$L$5:$L$200,"EXCEPTION")=0,"COMPLIANT","EXCEPTION") -> COMPLIANT | G5: =IF(AND(E5="COMPLIANT",F5="COMPLIANT"),"COMPLIANT","EXCEPTION") -> COMPLIANT
A6: 46209 | B6: Marisol Reyes | C6: =ROUND(SUMIFS('Duty Schedule'!$H$5:$H$200,'Duty Schedule'!$A$5:$A$200,A6,'Duty Schedule'!$E$5:$E$200,B6),2) -> 6 | D6: 7 | E6: =IF(C6<=D6,"COMPLIANT","EXCEPTION") -> COMPLIANT | F6: =IF(COUNTIFS('Duty Schedule'!$A$5:$A$200,A6,'Duty Schedule'!$E$5:$E$200,B6,'Duty Schedule'!$L$5:$L$200,"EXCEPTION")=0,"COMPLIANT","EXCEPTION") -> COMPLIANT | G6: =IF(AND(E6="COMPLIANT",F6="COMPLIANT"),"COMPLIANT","EXCEPTION") -> COMPLIANT
A7: 46209 | B7: Amara Draganov | C7: =ROUND(SUMIFS('Duty Schedule'!$H$5:$H$200,'Duty Schedule'!$A$5:$A$200,A7,'Duty Schedule'!$E$5:$E$200,B7),2) -> 5 | D7: 6 | E7: =IF(C7<=D7,"COMPLIANT","EXCEPTION") -> COMPLIANT | F7: =IF(COUNTIFS('Duty Schedule'!$A$5:$A$200,A7,'Duty Schedule'!$E$5:$E$200,B7,'Duty Schedule'!$L$5:$L$200,"EXCEPTION")=0,"COMPLIANT","EXCEPTION") -> COMPLIANT | G7: =IF(AND(E7="COMPLIANT",F7="COMPLIANT"),"COMPLIANT","EXCEPTION") -> COMPLIANT
A8: 46209 | B8: Yusuf Gasparyan | C8: =ROUND(SUMIFS('Duty Schedule'!$H$5:$H$200,'Duty Schedule'!$A$5:$A$200,A8,'Duty Schedule'!$E$5:$E$200,B8),2) -> 8 | D8: 8 | E8: =IF(C8<=D8,"COMPLIANT","EXCEPTION") -> COMPLIANT | F8: =IF(COUNTIFS('Duty Schedule'!$A$5:$A$200,A8,'Duty Schedule'!$E$5:$E$200,B8,'Duty Schedule'!$L$5:$L$200,"EXCEPTION")=0,"COMPLIANT","EXCEPTION") -> COMPLIANT | G8: =IF(AND(E8="COMPLIANT",F8="COMPLIANT"),"COMPLIANT","EXCEPTION") -> COMPLIANT
A9: 46216 | B9: Emeric Novak | C9: =ROUND(SUMIFS('Duty Schedule'!$H$5:$H$200,'Duty Schedule'!$A$5:$A$200,A9,'Duty Schedule'!$E$5:$E$200,B9),2) -> 5 | D9: 5 | E9: =IF(C9<=D9,"COMPLIANT","EXCEPTION") -> COMPLIANT | F9: =IF(COUNTIFS('Duty Schedule'!$A$5:$A$200,A9,'Duty Schedule'!$E$5:$E$200,B9,'Duty Schedule'!$L$5:$L$200,"EXCEPTION")=0,"COMPLIANT","EXCEPTION") -> COMPLIANT | G9: =IF(AND(E9="COMPLIANT",F9="COMPLIANT"),"COMPLIANT","EXCEPTION") -> COMPLIANT
A10: 46216 | B10: Marisol Reyes | C10: =ROUND(SUMIFS('Duty Schedule'!$H$5:$H$200,'Duty Schedule'!$A$5:$A$200,A10,'Duty Schedule'!$E$5:$E$200,B10),2) -> 6 | D10: 7 | E10: =IF(C10<=D10,"COMPLIANT","EXCEPTION") -> COMPLIANT | F10: =IF(COUNTIFS('Duty Schedule'!$A$5:$A$200,A10,'Duty Schedule'!$E$5:$E$200,B10,'Duty Schedule'!$L$5:$L$200,"EXCEPTION")=0,"COMPLIANT","EXCEPTION") -> COMPLIANT | G10: =IF(AND(E10="COMPLIANT",F10="COMPLIANT"),"COMPLIANT","EXCEPTION") -> COMPLIANT
A11: 46216 | B11: Amara Draganov | C11: =ROUND(SUMIFS('Duty Schedule'!$H$5:$H$200,'Duty Schedule'!$A$5:$A$200,A11,'Duty Schedule'!$E$5:$E$200,B11),2) -> 5 | D11: 6 | E11: =IF(C11<=D11,"COMPLIANT","EXCEPTION") -> COMPLIANT | F11: =IF(COUNTIFS('Duty Schedule'!$A$5:$A$200,A11,'Duty Schedule'!$E$5:$E$200,B11,'Duty Schedule'!$L$5:$L$200,"EXCEPTION")=0,"COMPLIANT","EXCEPTION") -> COMPLIANT | G11: =IF(AND(E11="COMPLIANT",F11="COMPLIANT"),"COMPLIANT","EXCEPTION") -> COMPLIANT
A12: 46216 | B12: Yusuf Gasparyan | C12: =ROUND(SUMIFS('Duty Schedule'!$H$5:$H$200,'Duty Schedule'!$A$5:$A$200,A12,'Duty Schedule'!$E$5:$E$200,B12),2) -> 8 | D12: 8 | E12: =IF(C12<=D12,"COMPLIANT","EXCEPTION") -> COMPLIANT | F12: =IF(COUNTIFS('Duty Schedule'!$A$5:$A$200,A12,'Duty Schedule'!$E$5:$E$200,B12,'Duty Schedule'!$L$5:$L$200,"EXCEPTION")=0,"COMPLIANT","EXCEPTION") -> COMPLIANT | G12: =IF(AND(E12="COMPLIANT",F12="COMPLIANT"),"COMPLIANT","EXCEPTION") -> COMPLIANT
A13: 46223 | B13: Emeric Novak | C13: =ROUND(SUMIFS('Duty Schedule'!$H$5:$H$200,'Duty Schedule'!$A$5:$A$200,A13,'Duty Schedule'!$E$5:$E$200,B13),2) -> 5 | D13: 5 | E13: =IF(C13<=D13,"COMPLIANT","EXCEPTION") -> COMPLIANT | F13: =IF(COUNTIFS('Duty Schedule'!$A$5:$A$200,A13,'Duty Schedule'!$E$5:$E$200,B13,'Duty Schedule'!$L$5:$L$200,"EXCEPTION")=0,"COMPLIANT","EXCEPTION") -> COMPLIANT | G13: =IF(AND(E13="COMPLIANT",F13="COMPLIANT"),"COMPLIANT","EXCEPTION") -> COMPLIANT
A14: 46223 | B14: Marisol Reyes | C14: =ROUND(SUMIFS('Duty Schedule'!$H$5:$H$200,'Duty Schedule'!$A$5:$A$200,A14,'Duty Schedule'!$E$5:$E$200,B14),2) -> 6 | D14: 7 | E14: =IF(C14<=D14,"COMPLIANT","EXCEPTION") -> COMPLIANT | F14: =IF(COUNTIFS('Duty Schedule'!$A$5:$A$200,A14,'Duty Schedule'!$E$5:$E$200,B14,'Duty Schedule'!$L$5:$L$200,"EXCEPTION")=0,"COMPLIANT","EXCEPTION") -> COMPLIANT | G14: =IF(AND(E14="COMPLIANT",F14="COMPLIANT"),"COMPLIANT","EXCEPTION") -> COMPLIANT
A15: 46223 | B15: Amara Draganov | C15: =ROUND(SUMIFS('Duty Schedule'!$H$5:$H$200,'Duty Schedule'!$A$5:$A$200,A15,'Duty Schedule'!$E$5:$E$200,B15),2) -> 5 | D15: 6 | E15: =IF(C15<=D15,"COMPLIANT","EXCEPTION") -> COMPLIANT | F15: =IF(COUNTIFS('Duty Schedule'!$A$5:$A$200,A15,'Duty Schedule'!$E$5:$E$200,B15,'Duty Schedule'!$L$5:$L$200,"EXCEPTION")=0,"COMPLIANT","EXCEPTION") -> COMPLIANT | G15: =IF(AND(E15="COMPLIANT",F15="COMPLIANT"),"COMPLIANT","EXCEPTION") -> COMPLIANT
A16: 46223 | B16: Yusuf Gasparyan | C16: =ROUND(SUMIFS('Duty Schedule'!$H$5:$H$200,'Duty Schedule'!$A$5:$A$200,A16,'Duty Schedule'!$E$5:$E$200,B16),2) -> 8 | D16: 8 | E16: =IF(C16<=D16,"COMPLIANT","EXCEPTION") -> COMPLIANT | F16: =IF(COUNTIFS('Duty Schedule'!$A$5:$A$200,A16,'Duty Schedule'!$E$5:$E$200,B16,'Duty Schedule'!$L$5:$L$200,"EXCEPTION")=0,"COMPLIANT","EXCEPTION") -> COMPLIANT | G16: =IF(AND(E16="COMPLIANT",F16="COMPLIANT"),"COMPLIANT","EXCEPTION") -> COMPLIANT
... A60: 46300 | B60: Yusuf Gasparyan | C60: =ROUND(SUMIFS('Duty Schedule'!$H$5:$H$200,'Duty Schedule'!$A$5:$A$200,A60,'Duty Schedule'!$E$5:$E$200,B60),2) -> 8 | D60: 8 | E60: =IF(C60<=D60,"COMPLIANT","EXCEPTION") -> COMPLIANT | F60: =IF(COUNTIFS('Duty Schedule'!$A$5:$A$200,A60,'Duty Schedule'!$E$5:$E$200,B60,'Duty Schedule'!$L$5:$L$200,"EXCEPTION")=0,"COMPLIANT","EXCEPTION") -> COMPLIANT | G60: =IF(AND(E60="COMPLIANT",F60="COMPLIANT"),"COMPLIANT","EXCEPTION") -> COMPLIANT
